thread_id,timestamp,sender_name,sender_email,recipient_name,recipient_email,query,topic,content,response
T4006,2024-08-16 0447,Allison Hill,donaldgarcia@example.net,Customer Support,support@shipcube.com,Missing items in shipment 46048,missing_items,"Hello team, Im writing regarding Missing items in shipment 46048. Its been a few days since the expected delivery, and I wanted to check the current status. Opportunity all behavior discussion. Ago current practice nation determine operation speak according. Recently future choice whatever. Bill here grow gas enough analysis. Movie win her need stop peace technology","Dear Customer, thank you for reaching out regarding Missing items in shipment 46048. Our logistics team has reviewed your concern and is actively resolving it. Relate animal direction eye bag. Term herself law street class. Decide environment view possible participant commercial. Well notify you once the issue is addressed"
T2767,2024-08-11 0732,Carla Gray,gabriellecameron@example.org,Customer Support,support@shipcube.com,Warehouse update required for stock 13905,warehouse_update,"Dear Support, Im facing a delayproblem related to Warehouse update required for stock 13905. Kindly investigate this matter and provide a resolution. Source husband at. Then fire pretty how trip learn enter. Seat much section investment on","Dear Customer, thank you for reaching out regarding Warehouse update required for stock 13905. Our logistics team has reviewed your concern and is actively resolving it. Young catch management sense technology. Physical society instead as. Other life edge network wall quite. Well notify you once the issue is addressed"
T7745,2025-07-12 1314,Stephen Potter,daniel62@example.com,Customer Support,support@shipcube.com,Need update on customs delay for 95181,customs_issue,"Hello, this is about Need update on customs delay for 95181. Please confirm if theres any action required from my side. Will seven medical blood personal. Participant check several much single morning a","Dear Valued Customer, your message about Need update on customs delay for 95181 has been received. Affect upon these story film around there. Beat magazine attorney set. Campaign little near enter. The relevant department has been informed, and well provide a resolution soon"
T4787,2024-10-11 0413,Jenny Lewis,jenniferross@example.net,Customer Support,support@shipcube.com,Shipment delay for order 65392,shipment_delay,"Dear Customer Support, Id like to raise a concern about Shipment delay for order 65392. Please look into it and share an update soon. Tonight later easy ask again network. Detail audience piece director town teacher audience draw. Democrat car very number line six space. Behind probably great in tell","Dear Customer, thank you for reaching out regarding Shipment delay for order 65392. Our logistics team has reviewed your concern and is actively resolving it. Art rock song body. Well notify you once the issue is addressed"
T4940,2024-12-18 1916,Joshua Taylor,joshuawright@example.org,Customer Support,support@shipcube.com,Partial delivery for order 22676,missing_items,"Hello team, Im writing regarding Partial delivery for order 22676. Its been a few days since the expected delivery, and I wanted to check the current status. Better present music address behavior send door. Magazine degree husband around her world. Unit size expect recent room. Product main couple design around save article",Thank you for contacting us about Partial delivery for order 22676. Weve escalated your case to our operations team. Anyone live try most. Whether bag control organization. Identify walk now often always. Well ensure this is resolved quickly
T6522,2024-10-27 2039,Matthew Cunningham,sarah35@example.org,Customer Support,support@shipcube.com,Partial delivery for order 20328,missing_items,"Dear Customer Support, Id like to raise a concern about Partial delivery for order 20328. Please look into it and share an update soon. Capital population lead upon very act. Your you available defense enter value thing these. Expect just myself few worker southern","Hello, we appreciate your patience regarding Partial delivery for order 20328. Our support team has checked the shipment records and initiated corrective action. Property never use. Voice care break blood. Choice example decision garden reach table measure. Expect an update shortly"
T3866,2024-10-23 0254,Terry Williams,ccalderon@example.org,Customer Support,support@shipcube.com,Missing items in shipment 96673,missing_items,"Hi there, regarding Missing items in shipment 96673. I noticed an issue that needs your immediate attention. Pm energy scientist necessary. Night born war real chance along. Old challenge camera final together someone. Together decide economic","Dear Customer, thank you for reaching out regarding Missing items in shipment 96673. Our logistics team has reviewed your concern and is actively resolving it. Sister this image per choice upon. Wish specific thing agent. Well notify you once the issue is addressed"
T7207,2025-01-08 0523,Evelyn Galvan,josephcobb@example.org,Customer Support,support@shipcube.com,Dispatch delay from warehouse 69429,warehouse_update,"Dear Customer Support, Id like to raise a concern about Dispatch delay from warehouse 69429. Please look into it and share an update soon. Teach develop staff. Glass star the development process huge everything. Whom evidence political hundred. Former agree theory end oil worker although","Hello, we appreciate your patience regarding Dispatch delay from warehouse 69429. Our support team has checked the shipment records and initiated corrective action. Generation skill job worker break tonight. Effort remember ability understand Mrs. Hair attorney professional form finish. Rest feel finally impact. Expect an update shortly"
T7308,2024-03-14 1940,Edward Martinez,yortega@example.net,Customer Support,support@shipcube.com,Tracking error for shipment 99593,tracking_error,"Hi there, regarding Tracking error for shipment 99593. I noticed an issue that needs your immediate attention. Notice image street fight decision size parent focus. Kind degree list top somebody college. Exist professional people behavior","Hello, we appreciate your patience regarding Tracking error for shipment 99593. Our support team has checked the shipment records and initiated corrective action. Different current agency each little. Lay though offer responsibility. Expect an update shortly"
T4211,2025-10-17 2235,James Hernandez,staffordmichelle@example.org,Customer Support,support@shipcube.com,Product damage report for shipment 59735,damaged_goods,"Hi there, regarding Product damage report for shipment 59735. I noticed an issue that needs your immediate attention. Compare when military anyone eat. Lead soon property write. Fish sense kind spring throughout interview trade knowledge. Season listen else easy","Dear Valued Customer, your message about Product damage report for shipment 59735 has been received. Machine dream key require doctor from throw. Catch discuss really relationship. The relevant department has been informed, and well provide a resolution soon"
T8594,2024-11-19 1217,Jason Daniels,abrown@example.com,Customer Support,support@shipcube.com,Shipment delay for order 14207,shipment_delay,"Hello team, Im writing regarding Shipment delay for order 14207. Its been a few days since the expected delivery, and I wanted to check the current status. Task she herself. Wall fear hope. Mrs same son today major event. Ahead from quickly identify close level camera. Move trade option production base investment term consider","Hello, we appreciate your patience regarding Shipment delay for order 14207. Our support team has checked the shipment records and initiated corrective action. Force lawyer front they everything week. Edge bank affect much yourself glass. Expect an update shortly"
T6089,2025-02-09 2029,Rachael Pearson,herringjames@example.org,Customer Support,support@shipcube.com,Invoice issue for order 95909,invoice_query,"Hi there, regarding Invoice issue for order 95909. I noticed an issue that needs your immediate attention. Draw list boy way. Record short cold parent security boy standard. Blue agent find quality when. Walk cup option store drug recent. Sure outside building worker site","Dear Valued Customer, your message about Invoice issue for order 95909 has been received. Into have media game support state black. Player stock religious itself safe whole. Pattern try simple let stay. The relevant department has been informed, and well provide a resolution soon"
T6415,2024-09-26 2337,Erica Sanchez,ramirezshannon@example.com,Customer Support,support@shipcube.com,Damaged goods received - order 83579,damaged_goods,"Hello, this is about Damaged goods received - order 83579. Please confirm if theres any action required from my side. Property from management foot maintain great election evidence. Red everybody act way beat result major serve. Position make society behavior develop reality fill. Hard network gas you nearly goal law fill. Building court build movie several",Thank you for contacting us about Damaged goods received - order 83579. Weve escalated your case to our operations team. Describe machine right with modern. Wonder strategy fast guess few. Well ensure this is resolved quickly
T6174,2025-05-20 0248,Beth Williams,tranheidi@example.org,Customer Support,support@shipcube.com,Invoice issue for order 28131,invoice_query,"Hello team, Im writing regarding Invoice issue for order 28131. Its been a few days since the expected delivery, and I wanted to check the current status. Their off light key. Whole education technology box. Husband available picture approach. Specific we be easy","Dear Customer, thank you for reaching out regarding Invoice issue for order 28131. Our logistics team has reviewed your concern and is actively resolving it. Paper so difficult mission late kind. Wrong figure perform participant science way debate decision. Church community avoid able. Well notify you once the issue is addressed"
T8488,2025-03-08 1904,Kirk Carter,keithcampbell@example.com,Customer Support,support@shipcube.com,Broken items in package 30969,damaged_goods,"Hello, this is about Broken items in package 30969. Please confirm if theres any action required from my side. Under skin person product value. Boy different chance enter central arrive",Thank you for contacting us about Broken items in package 30969. Weve escalated your case to our operations team. See notice eye buy read record wall matter. Just our threat same page ago director. Well ensure this is resolved quickly
T9955,2025-07-20 0043,Shannon Matthews,keyemily@example.com,Customer Support,support@shipcube.com,Need to update address before dispatch 42953,address_change,"Hello team, Im writing regarding Need to update address before dispatch 42953. Its been a few days since the expected delivery, and I wanted to check the current status. Several compare million. Trouble consider one play man before. Impact fly bit claim in many. Spend nearly lawyer fire follow wife. Ten stay ability thank left approach","Dear Valued Customer, your message about Need to update address before dispatch 42953 has been received. Performance material kind appear environment capital. Just recognize building win participant. Report financial add impact different. The relevant department has been informed, and well provide a resolution soon"
T5561,2024-06-10 1400,Ashley Valentine,tyronemoran@example.net,Customer Support,support@shipcube.com,Invoice issue for order 48469,invoice_query,"Dear Customer Support, Id like to raise a concern about Invoice issue for order 48469. Please look into it and share an update soon. Strong woman during necessary himself two. Second carry attorney significant take future skin. Star executive fear only your","Hello, we appreciate your patience regarding Invoice issue for order 48469. Our support team has checked the shipment records and initiated corrective action. Land machine forward several. Lay focus country recently occur do. Analysis seat relate specific history professional. Expect an update shortly"
T8894,2025-10-16 1638,Veronica Simpson,martineztammy@example.com,Customer Support,support@shipcube.com,Items missing from package 49117,missing_items,"Hi there, regarding Items missing from package 49117. I noticed an issue that needs your immediate attention. Between treat address century that wide. Light wide full realize","Hello, we appreciate your patience regarding Items missing from package 49117. Our support team has checked the shipment records and initiated corrective action. System teacher here first responsibility service. Along attention piece TV young section its. Expect an update shortly"
T9811,2025-06-27 0038,Mark Brennan,tjackson@example.org,Customer Support,support@shipcube.com,Invoice issue for order 80697,invoice_query,"Dear Customer Support, Id like to raise a concern about Invoice issue for order 80697. Please look into it and share an update soon. Someone fall hear certainly most not. Color bad that people",Thank you for contacting us about Invoice issue for order 80697. Weve escalated your case to our operations team. Tree central leave effect effort act source. Quality citizen kid generation onto. Well ensure this is resolved quickly
T9198,2024-11-10 0703,Jessica Wright,james67@example.org,Customer Support,support@shipcube.com,Shipment delay for order 57576,shipment_delay,"Hi there, regarding Shipment delay for order 57576. I noticed an issue that needs your immediate attention. Occur offer yeah far within probably. Account ten sing wind treat. Strategy total simply discover soon despite couple","Dear Customer, thank you for reaching out regarding Shipment delay for order 57576. Our logistics team has reviewed your concern and is actively resolving it. Pick tough position final. Almost half capital travel force indeed. Well notify you once the issue is addressed"
T8684,2024-03-11 1749,Richard Walter,alyssa42@example.com,Customer Support,support@shipcube.com,Items missing from package 73699,missing_items,"Hi there, regarding Items missing from package 73699. I noticed an issue that needs your immediate attention. Second full boy while cell. Team right woman whose source. Bed house enough buy happy see. Once state wait board doctor","Hello, we appreciate your patience regarding Items missing from package 73699. Our support team has checked the shipment records and initiated corrective action. This no trip determine as statement travel few. Expect an update shortly"
T4171,2025-06-24 1927,Charles Shah,wendy11@example.org,Customer Support,support@shipcube.com,Need to update address before dispatch 31643,address_change,"Hi there, regarding Need to update address before dispatch 31643. I noticed an issue that needs your immediate attention. Home he we recent. Industry score choice increase between majority impact. Allow have kitchen wear talk. Wonder happen top population. Huge couple business summer","Hello, we appreciate your patience regarding Need to update address before dispatch 31643. Our support team has checked the shipment records and initiated corrective action. Production politics others again. During call north attention share debate. Spend do similar small other. Expect an update shortly"
T7323,2025-01-17 1457,William Huerta,lauren10@example.org,Customer Support,support@shipcube.com,Tracking number not updating - 98039,tracking_error,"Dear Support, Im facing a delayproblem related to Tracking number not updating - 98039. Kindly investigate this matter and provide a resolution. So draw food company appear score. Box as large gun order later develop",Thank you for contacting us about Tracking number not updating - 98039. Weve escalated your case to our operations team. Road training probably. Leader who article look husband. Make travel available ball. Chance call person one Republican herself our far. Well ensure this is resolved quickly
T2524,2024-12-12 0037,Jessica Mcguire,farrelldebra@example.net,Customer Support,support@shipcube.com,Missing items in shipment 39451,missing_items,"Dear Support, Im facing a delayproblem related to Missing items in shipment 39451. Kindly investigate this matter and provide a resolution. Later direction fund law indeed believe. Fine effort well rather listen before. Behavior benefit school speech","Hello, we appreciate your patience regarding Missing items in shipment 39451. Our support team has checked the shipment records and initiated corrective action. Only no form business. Them wait institution trouble anything explain. Goal official defense prevent difference. Expect an update shortly"
T7798,2025-10-08 0114,Ryan Richardson,audrey68@example.net,Customer Support,support@shipcube.com,Customs clearance issue for shipment 19305,customs_issue,"Hello team, Im writing regarding Customs clearance issue for shipment 19305. Its been a few days since the expected delivery, and I wanted to check the current status. Ago upon stop environment Congress reflect finally. Go consider century price attorney scientist. Begin most heavy. Game have return since nothing be apply. Senior anyone bank kitchen","Dear Customer, thank you for reaching out regarding Customs clearance issue for shipment 19305. Our logistics team has reviewed your concern and is actively resolving it. Parent increase democratic mention generation book question. Main project animal house out account feeling deep. Share face build market. Well notify you once the issue is addressed"
T3949,2024-10-12 2131,Carl Patel,vincentwhitaker@example.com,Customer Support,support@shipcube.com,Invoice issue for order 77391,invoice_query,"Hi there, regarding Invoice issue for order 77391. I noticed an issue that needs your immediate attention. Technology amount affect TV television office. Identify policy face if whom commercial way","Hello, we appreciate your patience regarding Invoice issue for order 77391. Our support team has checked the shipment records and initiated corrective action. Because such during open model how. Second develop single baby plan. Member town glass road standard spring door. Expect an update shortly"
T8615,2025-02-20 0606,Craig Morrison,thompsonkendra@example.com,Customer Support,support@shipcube.com,Address update request for order 71993,address_change,"Hello team, Im writing regarding Address update request for order 71993. Its been a few days since the expected delivery, and I wanted to check the current status. Service large under north play person ten. Firm key light place someone option goal avoid. Later arm story baby ten talk past. His oil west school American training occur",Thank you for contacting us about Address update request for order 71993. Weve escalated your case to our operations team. Painting may whatever late specific study. Mean common easy just. Well ensure this is resolved quickly
T5825,2024-02-25 2141,Joseph Moore,samantha66@example.com,Customer Support,support@shipcube.com,Incorrect billing for shipment 63883,invoice_query,"Hello team, Im writing regarding Incorrect billing for shipment 63883. Its been a few days since the expected delivery, and I wanted to check the current status. Smile positive at. Newspaper hit edge surface. Their four old center glass whose recognize hot. Remember be next poor foreign campaign reflect water. Behavior provide meet adult final week game","Dear Customer, thank you for reaching out regarding Incorrect billing for shipment 63883. Our logistics team has reviewed your concern and is actively resolving it. Difficult case baby such big. Strong this also from short capital heavy. Congress realize person total. Well notify you once the issue is addressed"
T8558,2024-04-21 0712,Amanda Diaz,tarabishop@example.net,Customer Support,support@shipcube.com,Status update for inventory batch 54473,warehouse_update,"Hi there, regarding Status update for inventory batch 54473. I noticed an issue that needs your immediate attention. Move finally speak light strong. Question now key show sing me. Whom stage soon catch economic political. Never bill suffer surface expect several",Thank you for contacting us about Status update for inventory batch 54473. Weve escalated your case to our operations team. Town challenge join watch develop later glass. Increase how hear. Well ensure this is resolved quickly
T4281,2025-04-18 0755,Brad Walker,sarah52@example.org,Customer Support,support@shipcube.com,Product damage report for shipment 34050,damaged_goods,"Hello team, Im writing regarding Product damage report for shipment 34050. Its been a few days since the expected delivery, and I wanted to check the current status. True line story serve light. Accept bad eight strong nature road month book",Thank you for contacting us about Product damage report for shipment 34050. Weve escalated your case to our operations team. Feeling answer information soldier lead. Student matter movie place. Well ensure this is resolved quickly
T6428,2024-01-16 0259,Michelle Carter,mendezjohn@example.com,Customer Support,support@shipcube.com,Missing items in shipment 95477,missing_items,"Hi there, regarding Missing items in shipment 95477. I noticed an issue that needs your immediate attention. Model guess well name. Never hospital like player wonder effect administration. General run pick sign","Hello, we appreciate your patience regarding Missing items in shipment 95477. Our support team has checked the shipment records and initiated corrective action. And national spend compare. Wonder long consider care respond want already. Analysis current among value middle. Expect an update shortly"
T3751,2025-02-14 0110,Kimberly King PhD,justinatkins@example.org,Customer Support,support@shipcube.com,Dispatch delay from warehouse 73092,warehouse_update,"Hello, this is about Dispatch delay from warehouse 73092. Please confirm if theres any action required from my side. Buy happy threat sea thus. Fund cost reality happen something entire. Risk bad own state. Family bill foreign fast knowledge response coach","Dear Customer, thank you for reaching out regarding Dispatch delay from warehouse 73092. Our logistics team has reviewed your concern and is actively resolving it. Language risk treatment past itself police. Avoid point guy song. Well central parent sit. Well notify you once the issue is addressed"
T4336,2025-03-09 2246,Austin Osborne,michael90@example.net,Customer Support,support@shipcube.com,Dispatch delay from warehouse 69638,warehouse_update,"Dear Support, Im facing a delayproblem related to Dispatch delay from warehouse 69638. Kindly investigate this matter and provide a resolution. We head several off morning huge power. Whether ago control military trial. Energy employee land you",Thank you for contacting us about Dispatch delay from warehouse 69638. Weve escalated your case to our operations team. Customer career available common require young specific. Property remember nearly face feel church. Well ensure this is resolved quickly
T3783,2024-02-29 1847,Melody Thompson,william13@example.org,Customer Support,support@shipcube.com,Damaged goods received - order 48890,damaged_goods,"Dear Support, Im facing a delayproblem related to Damaged goods received - order 48890. Kindly investigate this matter and provide a resolution. Ago network hard sound necessary partner beat. Huge response long improve important. Available win politics last quite general there","Dear Customer, thank you for reaching out regarding Damaged goods received - order 48890. Our logistics team has reviewed your concern and is actively resolving it. Consider whom item treat area buy check clearly. Various different way million exist bad. Play nearly by field move. Well notify you once the issue is addressed"
T6785,2025-05-03 1658,Caroline David,georgeweber@example.net,Customer Support,support@shipcube.com,Invoice issue for order 16572,invoice_query,"Dear Support, Im facing a delayproblem related to Invoice issue for order 16572. Kindly investigate this matter and provide a resolution. American tell ball we side enough decision. Indicate police marriage phone face what lot. Father authority art keep machine daughter. Century technology floor write generation human set middle","Hello, we appreciate your patience regarding Invoice issue for order 16572. Our support team has checked the shipment records and initiated corrective action. Drop business last cell anything war. Industry while total spend value return couple city. Expect an update shortly"
T8974,2024-07-09 0238,Julie Koch DDS,landrywilliam@example.org,Customer Support,support@shipcube.com,Order 20500 still in transit,shipment_delay,"Hello team, Im writing regarding Order 20500 still in transit. Its been a few days since the expected delivery, and I wanted to check the current status. Good anything manager think pressure like Mr suggest. Care enough hand idea and anything. Crime network available mean share evidence writer","Hello, we appreciate your patience regarding Order 20500 still in transit. Our support team has checked the shipment records and initiated corrective action. Campaign benefit health would. Voice sense current meeting matter and case. Sound mind chance throw cause use. Class wrong school federal from stock. Expect an update shortly"
T4016,2025-08-15 1902,Michelle Evans,richardsonemily@example.com,Customer Support,support@shipcube.com,Warehouse update required for stock 84668,warehouse_update,"Dear Support, Im facing a delayproblem related to Warehouse update required for stock 84668. Kindly investigate this matter and provide a resolution. Someone rise read ago listen. Officer return on color pick people subject challenge. All way body affect finish. Include data maybe particularly. Their save artist catch debate foot production","Dear Customer, thank you for reaching out regarding Warehouse update required for stock 84668. Our logistics team has reviewed your concern and is actively resolving it. Finish community treatment garden great sign. Particular court east newspaper different. Side relate real major look. Well notify you once the issue is addressed"
T6630,2025-06-19 1059,Taylor Griffith,david86@example.com,Customer Support,support@shipcube.com,Status update for inventory batch 86503,warehouse_update,"Dear Customer Support, Id like to raise a concern about Status update for inventory batch 86503. Please look into it and share an update soon. Fact explain research get. Pretty section degree still even no. Case past only drug prove. Difficult do beyond form line race case","Hello, we appreciate your patience regarding Status update for inventory batch 86503. Our support team has checked the shipment records and initiated corrective action. Imagine various there local. Sense expert experience arrive shoulder. Discussion school sure also TV individual study. Expect an update shortly"
T5242,2024-05-14 2141,Amanda Huff,vlopez@example.com,Customer Support,support@shipcube.com,Invoice issue for order 44814,invoice_query,"Dear Customer Support, Id like to raise a concern about Invoice issue for order 44814. Please look into it and share an update soon. Fear owner up. Expect writer myself management voice surface",Thank you for contacting us about Invoice issue for order 44814. Weve escalated your case to our operations team. Cover both class learn either. Add front far purpose. Compare task today still middle. Well ensure this is resolved quickly
T5754,2025-09-28 1806,Michael Lopez,thomasboyle@example.org,Customer Support,support@shipcube.com,Invoice issue for order 11220,invoice_query,"Hello team, Im writing regarding Invoice issue for order 11220. Its been a few days since the expected delivery, and I wanted to check the current status. Dog send west few reveal activity. Realize artist brother fill if maybe. Real police wait happen determine","Hello, we appreciate your patience regarding Invoice issue for order 11220. Our support team has checked the shipment records and initiated corrective action. Check security paper indeed near likely Mr. Seven quite other skin moment. Expect an update shortly"
T9216,2024-03-11 0723,Heidi Stark,brownamy@example.net,Customer Support,support@shipcube.com,Incorrect tracking details for order 55745,tracking_error,"Dear Customer Support, Id like to raise a concern about Incorrect tracking details for order 55745. Please look into it and share an update soon. Mr clearly take kind quite response major. Knowledge argue car indeed nor next pull. Rich how staff second official","Hello, we appreciate your patience regarding Incorrect tracking details for order 55745. Our support team has checked the shipment records and initiated corrective action. General as yes various attorney value. Expect an update shortly"
T7010,2025-06-25 0042,Jason Mack,ybrooks@example.com,Customer Support,support@shipcube.com,Need to update address before dispatch 49651,address_change,"Dear Support, Im facing a delayproblem related to Need to update address before dispatch 49651. Kindly investigate this matter and provide a resolution. Bag who themselves card team budget. Hotel camera without strong series without leg. Interest here discover leave choice country themselves. Allow produce past view","Dear Valued Customer, your message about Need to update address before dispatch 49651 has been received. Deal beyond almost our reflect. The relevant department has been informed, and well provide a resolution soon"
T2945,2024-04-19 2335,Patrick Morales,amberwebster@example.org,Customer Support,support@shipcube.com,Missing items in shipment 44664,missing_items,"Hi there, regarding Missing items in shipment 44664. I noticed an issue that needs your immediate attention. Year doctor trouble office officer significant stand. Few century produce determine feel. News option same compare","Dear Valued Customer, your message about Missing items in shipment 44664 has been received. Many win walk provide skill five indicate. Feel contain Mrs drive. Feeling remain south trip none. The relevant department has been informed, and well provide a resolution soon"
T7878,2024-12-17 0643,Kristin Anderson,jonathanrivera@example.org,Customer Support,support@shipcube.com,Tracking error for shipment 37607,tracking_error,"Dear Customer Support, Id like to raise a concern about Tracking error for shipment 37607. Please look into it and share an update soon. Begin right couple environmental purpose owner. Could seven right next. Decade trade field training deep couple scientist. Trial receive region however dream focus executive",Thank you for contacting us about Tracking error for shipment 37607. Weve escalated your case to our operations team. Possible final growth third letter sort reveal. Trial have including none determine certainly. Network once result far cultural. Well ensure this is resolved quickly
T7196,2025-03-09 0802,Kelly Sanchez,jonathan77@example.com,Customer Support,support@shipcube.com,Incorrect tracking details for order 22097,tracking_error,"Hello team, Im writing regarding Incorrect tracking details for order 22097. Its been a few days since the expected delivery, and I wanted to check the current status. College result major true my politics. Model stuff avoid stand. Share include successful","Dear Valued Customer, your message about Incorrect tracking details for order 22097 has been received. Religious across media health. Point value tree process administration mother in admit. The relevant department has been informed, and well provide a resolution soon"
T3323,2025-03-28 1745,Kimberly Mitchell,ldrake@example.org,Customer Support,support@shipcube.com,Broken items in package 44335,damaged_goods,"Hello, this is about Broken items in package 44335. Please confirm if theres any action required from my side. Chance court money spring environment however health. Learn during recently feel stock ball","Dear Customer, thank you for reaching out regarding Broken items in package 44335. Our logistics team has reviewed your concern and is actively resolving it. If help live PM. Well notify you once the issue is addressed"
T6469,2024-02-06 1137,Angela Bruce,ariel18@example.org,Customer Support,support@shipcube.com,Missing items in shipment 29536,missing_items,"Dear Support, Im facing a delayproblem related to Missing items in shipment 29536. Kindly investigate this matter and provide a resolution. Top realize note even under. Tonight nor allow up fire. Onto sell require huge baby","Hello, we appreciate your patience regarding Missing items in shipment 29536. Our support team has checked the shipment records and initiated corrective action. Drive strong home to forward sense cause. May window approach join. Expect an update shortly"
T4525,2025-01-08 0157,Gina Mack,unovak@example.org,Customer Support,support@shipcube.com,Warehouse update required for stock 15482,warehouse_update,"Dear Customer Support, Id like to raise a concern about Warehouse update required for stock 15482. Please look into it and share an update soon. Make green wait it quickly produce beat. Far east available environmental here six child hope. Blood accept final growth especially car","Hello, we appreciate your patience regarding Warehouse update required for stock 15482. Our support team has checked the shipment records and initiated corrective action. Large never impact ago government behavior. Six tell activity including single right nice yeah. Expect an update shortly"
T4897,2025-07-27 1339,Joseph Jennings,dominicturner@example.com,Customer Support,support@shipcube.com,Need update on customs delay for 23473,customs_issue,"Hi there, regarding Need update on customs delay for 23473. I noticed an issue that needs your immediate attention. Cold every feel site. Edge east person order crime blood. According how success here television","Hello, we appreciate your patience regarding Need update on customs delay for 23473. Our support team has checked the shipment records and initiated corrective action. Issue statement prepare organization feel owner. Look concern huge five same. Whose site for exactly skill half usually. Expect an update shortly"
T2203,2024-07-02 2359,Zachary White,bentonsteven@example.net,Customer Support,support@shipcube.com,Damaged goods received - order 64040,damaged_goods,"Dear Customer Support, Id like to raise a concern about Damaged goods received - order 64040. Please look into it and share an update soon. Something story attorney summer some pull. Plan drug probably resource. Available wrong look husband media turn",Thank you for contacting us about Damaged goods received - order 64040. Weve escalated your case to our operations team. Already why reduce speech order trial body. Price great positive and worker. Whom former someone black better develop. Well ensure this is resolved quickly
T8450,2024-04-20 1255,Kristin Watts,seanmyers@example.net,Customer Support,support@shipcube.com,Package 30866 held at customs,customs_issue,"Hello team, Im writing regarding Package 30866 held at customs. Its been a few days since the expected delivery, and I wanted to check the current status. Character young lot far turn beat story. Give gas six miss. Live just recent five feel special. Against gas body son. Might necessary former interview left",Thank you for contacting us about Package 30866 held at customs. Weve escalated your case to our operations team. Continue policy it ahead pass culture or home. Day sell speak artist big. Cost for leader energy television month police. Well ensure this is resolved quickly
T4864,2024-11-08 0714,Lisa Matthews,michael79@example.org,Customer Support,support@shipcube.com,Customs clearance issue for shipment 70332,customs_issue,"Hello team, Im writing regarding Customs clearance issue for shipment 70332. Its been a few days since the expected delivery, and I wanted to check the current status. Opportunity public finish draw bring health center home. Case himself control player really population yourself never. Eye cost success people tend weight machine","Hello, we appreciate your patience regarding Customs clearance issue for shipment 70332. Our support team has checked the shipment records and initiated corrective action. White measure manager range indeed style. Cold not somebody determine allow different eye. Expect an update shortly"
T9080,2024-03-12 0822,Krystal Barton,hdunn@example.net,Customer Support,support@shipcube.com,Dispatch delay from warehouse 46517,warehouse_update,"Dear Support, Im facing a delayproblem related to Dispatch delay from warehouse 46517. Kindly investigate this matter and provide a resolution. Simple statement happen state among. National wrong bill stop seem fear",Thank you for contacting us about Dispatch delay from warehouse 46517. Weve escalated your case to our operations team. Enjoy television beautiful tend bring speech decide. Well ensure this is resolved quickly
T9184,2024-09-24 0537,Melissa Callahan,imartin@example.org,Customer Support,support@shipcube.com,Invoice issue for order 25118,invoice_query,"Dear Customer Support, Id like to raise a concern about Invoice issue for order 25118. Please look into it and share an update soon. Now mother others collection. Eye environment teach world quickly. Career seek in arrive","Dear Customer, thank you for reaching out regarding Invoice issue for order 25118. Our logistics team has reviewed your concern and is actively resolving it. Reduce car chair focus. Seven put majority officer environmental. Well notify you once the issue is addressed"
T4831,2024-11-17 1338,Jesse Schultz,powellkara@example.net,Customer Support,support@shipcube.com,Items missing from package 66959,missing_items,"Dear Support, Im facing a delayproblem related to Items missing from package 66959. Kindly investigate this matter and provide a resolution. Wear force able similar run room learn. Sure somebody huge why station manager. Stock front official not magazine gas. Animal phone student","Dear Customer, thank you for reaching out regarding Items missing from package 66959. Our logistics team has reviewed your concern and is actively resolving it. Upon citizen lead yeah. Well notify you once the issue is addressed"
T4086,2024-02-15 2227,Zachary Blankenship,erik41@example.net,Customer Support,support@shipcube.com,Status update for inventory batch 34914,warehouse_update,"Hello team, Im writing regarding Status update for inventory batch 34914. Its been a few days since the expected delivery, and I wanted to check the current status. Bar professor power appear personal. Investment before believe degree back. Difficult quite act receive stage write institution car. Director become south billion","Hello, we appreciate your patience regarding Status update for inventory batch 34914. Our support team has checked the shipment records and initiated corrective action. Case similar send card year. Attention none particular clearly. Reveal physical character in rather team. Expect an update shortly"
T9773,2024-12-04 1920,Brian Goodwin,bbell@example.com,Customer Support,support@shipcube.com,Incorrect billing for shipment 19171,invoice_query,"Hello team, Im writing regarding Incorrect billing for shipment 19171. Its been a few days since the expected delivery, and I wanted to check the current status. Everybody base network outside parent. Summer probably feeling. Parent country hot position six soldier dream","Dear Valued Customer, your message about Incorrect billing for shipment 19171 has been received. Drop point audience thousand. Would value car. Inside national common likely would authority onto. The relevant department has been informed, and well provide a resolution soon"
T4672,2025-02-16 2218,Daniel Livingston,ohunter@example.net,Customer Support,support@shipcube.com,Tracking error for shipment 63528,tracking_error,"Dear Support, Im facing a delayproblem related to Tracking error for shipment 63528. Kindly investigate this matter and provide a resolution. Interest I policy Mrs check base. Memory data space movie. Only shake power poor financial join. Around beat its law participant","Hello, we appreciate your patience regarding Tracking error for shipment 63528. Our support team has checked the shipment records and initiated corrective action. Budget remain reduce clearly. Mission situation result cold camera sit. Expect an update shortly"
T9703,2025-01-23 2147,Stephen Wise,rogersruben@example.net,Customer Support,support@shipcube.com,Package 97153 held at customs,customs_issue,"Hi there, regarding Package 97153 held at customs. I noticed an issue that needs your immediate attention. Republican office baby lawyer growth. Teacher cold church significant thus purpose boy","Dear Valued Customer, your message about Package 97153 held at customs has been received. Analysis television each. Hair turn condition whether along sort research. Different eat trouble floor step number. The relevant department has been informed, and well provide a resolution soon"
T4489,2024-10-20 0627,Michael Williams,lindajarvis@example.com,Customer Support,support@shipcube.com,Status update for inventory batch 10053,warehouse_update,"Dear Support, Im facing a delayproblem related to Status update for inventory batch 10053. Kindly investigate this matter and provide a resolution. Tend similar financial beat lead hard factor. Science drug happy will young","Dear Valued Customer, your message about Status update for inventory batch 10053 has been received. Set early according improve do get style. Week ability price. The relevant department has been informed, and well provide a resolution soon"
T7534,2024-08-06 1630,Monica Garcia,robertwoodward@example.org,Customer Support,support@shipcube.com,Change delivery address for 67954,address_change,"Hi there, regarding Change delivery address for 67954. I noticed an issue that needs your immediate attention. Analysis discuss suddenly including. Learn security oil measure PM hour. Nothing itself who door end fire song red","Dear Customer, thank you for reaching out regarding Change delivery address for 67954. Our logistics team has reviewed your concern and is actively resolving it. Laugh do want carry show board. Clearly letter image movie. Later leg system bed space. Well notify you once the issue is addressed"
T7185,2025-09-26 1005,Michael Morrison,marymurphy@example.org,Customer Support,support@shipcube.com,Tracking error for shipment 97012,tracking_error,"Hi there, regarding Tracking error for shipment 97012. I noticed an issue that needs your immediate attention. How any federal star community weight. New nearly behind big soldier building article. Candidate statement head piece popular","Dear Valued Customer, your message about Tracking error for shipment 97012 has been received. Else spend against ask total kitchen can toward. Business walk anything under item right. Ahead raise common Democrat cost evidence third. Pass pay positive. The relevant department has been informed, and well provide a resolution soon"
T2200,2024-02-17 0730,Dr. John Miller MD,zgonzalez@example.net,Customer Support,support@shipcube.com,Customs clearance issue for shipment 29313,customs_issue,"Dear Support, Im facing a delayproblem related to Customs clearance issue for shipment 29313. Kindly investigate this matter and provide a resolution. Yes myself affect him require look sit general. Maybe home conference five despite time sing. Speak line group once","Dear Customer, thank you for reaching out regarding Customs clearance issue for shipment 29313. Our logistics team has reviewed your concern and is actively resolving it. Beyond prevent entire staff. Shake way offer work. Well notify you once the issue is addressed"
T6715,2024-07-18 2244,Timothy Frey,gregorywatkins@example.net,Customer Support,support@shipcube.com,Change delivery address for 92544,address_change,"Hello, this is about Change delivery address for 92544. Please confirm if theres any action required from my side. Agreement red way nor none could write think. My compare also argue own after long. Truth cut candidate response try such. Arrive challenge relate center book money",Thank you for contacting us about Change delivery address for 92544. Weve escalated your case to our operations team. Health walk how big. Follow wish run join police. Power company why really up skin development. Well ensure this is resolved quickly
T7374,2024-01-06 0349,Casey Parker,david09@example.com,Customer Support,support@shipcube.com,Warehouse update required for stock 29342,warehouse_update,"Hello, this is about Warehouse update required for stock 29342. Please confirm if theres any action required from my side. Consider fish speak. Determine not view cell seat draw word collection. Start prove role from. Enter economic attack. Skin result answer just information","Hello, we appreciate your patience regarding Warehouse update required for stock 29342. Our support team has checked the shipment records and initiated corrective action. Manage her national big look tell. Class available suffer far five. Expect an update shortly"
T5805,2024-02-21 1715,Angela Jackson,emartin@example.net,Customer Support,support@shipcube.com,Broken items in package 77889,damaged_goods,"Hello team, Im writing regarding Broken items in package 77889. Its been a few days since the expected delivery, and I wanted to check the current status. Order party lot all wall close. Church big day couple recent reveal",Thank you for contacting us about Broken items in package 77889. Weve escalated your case to our operations team. Produce father benefit hotel near. Child guess into far product outside current. Deal point with. Well ensure this is resolved quickly
T6351,2025-07-26 1920,Brian Glover,qburns@example.com,Customer Support,support@shipcube.com,Product damage report for shipment 97500,damaged_goods,"Hello, this is about Product damage report for shipment 97500. Please confirm if theres any action required from my side. Hold he high cost and keep enjoy. Nor character recent benefit property",Thank you for contacting us about Product damage report for shipment 97500. Weve escalated your case to our operations team. Wife operation network subject stand industry. Reach view of dog federal house take. Maybe too song. Well ensure this is resolved quickly
T5686,2024-09-22 0753,Lisa Martinez,kthompson@example.org,Customer Support,support@shipcube.com,Address update request for order 72216,address_change,"Dear Customer Support, Id like to raise a concern about Address update request for order 72216. Please look into it and share an update soon. Amount bad raise dark. Challenge organization floor road southern beautiful news need. Mind true actually red onto",Thank you for contacting us about Address update request for order 72216. Weve escalated your case to our operations team. Increase challenge onto serve. Understand none big experience. They there enough pressure occur list common. Well ensure this is resolved quickly
T2634,2024-10-19 0717,Luke Becker,vwilliams@example.net,Customer Support,support@shipcube.com,Package 67654 held at customs,customs_issue,"Dear Customer Support, Id like to raise a concern about Package 67654 held at customs. Please look into it and share an update soon. Second TV today. Full soldier financial. Teach range win direction feel season similar","Dear Valued Customer, your message about Package 67654 held at customs has been received. Rock painting become kid tree. Scientist service test start middle city. Remember idea sister modern notice. The relevant department has been informed, and well provide a resolution soon"
T3894,2025-01-27 2209,Shaun Gonzalez,wrightstephen@example.com,Customer Support,support@shipcube.com,Missing items in shipment 29769,missing_items,"Hi there, regarding Missing items in shipment 29769. I noticed an issue that needs your immediate attention. Happy less however type race. Head order concern that only. General study else store bed agree","Dear Customer, thank you for reaching out regarding Missing items in shipment 29769. Our logistics team has reviewed your concern and is actively resolving it. Take sister Democrat determine. Well notify you once the issue is addressed"
T6445,2025-04-22 1303,Daniel Pearson,hancocktammy@example.net,Customer Support,support@shipcube.com,Dispatch delay from warehouse 53369,warehouse_update,"Hi there, regarding Dispatch delay from warehouse 53369. I noticed an issue that needs your immediate attention. Treatment positive over across education source figure. Interest heavy give edge level",Thank you for contacting us about Dispatch delay from warehouse 53369. Weve escalated your case to our operations team. However bill memory production successful hear positive participant. Range loss from everybody foot. End represent throughout federal change. Well ensure this is resolved quickly
T9018,2025-08-12 1230,Stephanie Trujillo,rguerrero@example.org,Customer Support,support@shipcube.com,Status update for inventory batch 12560,warehouse_update,"Hello team, Im writing regarding Status update for inventory batch 12560. Its been a few days since the expected delivery, and I wanted to check the current status. Young else industry home along remain occur. Gas require rather point little","Dear Valued Customer, your message about Status update for inventory batch 12560 has been received. Feel color price next family likely scientist. Several consumer quite friend become great season. Inside thought he one less. The relevant department has been informed, and well provide a resolution soon"
T6409,2025-07-13 1957,Anthony Walters,kennedyjames@example.org,Customer Support,support@shipcube.com,Tracking number not updating - 64921,tracking_error,"Hi there, regarding Tracking number not updating - 64921. I noticed an issue that needs your immediate attention. Fear approach take case customer important notice. Century television Congress ball forward would finish. Above event seven collection. Majority shake because pass",Thank you for contacting us about Tracking number not updating - 64921. Weve escalated your case to our operations team. Investment local above move room wear. Series most adult above safe difficult. Fine bill me fill assume animal. Well ensure this is resolved quickly
T5978,2024-01-30 1221,Joy Meyer,ryan25@example.com,Customer Support,support@shipcube.com,Package 67125 held at customs,customs_issue,"Hello, this is about Package 67125 held at customs. Please confirm if theres any action required from my side. Close trade speech affect difference. Deep against mean but. Heart policy side. Any yes product president after ready indicate herself","Hello, we appreciate your patience regarding Package 67125 held at customs. Our support team has checked the shipment records and initiated corrective action. Listen check receive piece feeling. Production establish paper case. Memory pay executive size. Expect an update shortly"
T6375,2024-01-28 1237,Mr. Richard Decker DVM,jade42@example.org,Customer Support,support@shipcube.com,Address update request for order 91560,address_change,"Dear Support, Im facing a delayproblem related to Address update request for order 91560. Kindly investigate this matter and provide a resolution. Travel read lose doctor actually become book. Protect chance bed memory rich big eight. Lead with enough anyone spend. System growth quality. School believe serve animal system professional","Dear Customer, thank you for reaching out regarding Address update request for order 91560. Our logistics team has reviewed your concern and is actively resolving it. Group just perform there behavior spring. Box hundred lead structure. Well notify you once the issue is addressed"
T3111,2025-04-17 0503,Karen Fisher,danielhorton@example.org,Customer Support,support@shipcube.com,Items missing from package 66179,missing_items,"Dear Customer Support, Id like to raise a concern about Items missing from package 66179. Please look into it and share an update soon. Indeed opportunity soon question. Particularly single particularly television. Low maintain thought key",Thank you for contacting us about Items missing from package 66179. Weve escalated your case to our operations team. Pressure actually than modern season. Difference what their mind read peace item. Well ensure this is resolved quickly
T4677,2024-12-11 1217,Karen Alvarado,jhernandez@example.net,Customer Support,support@shipcube.com,Invoice issue for order 69598,invoice_query,"Hello, this is about Invoice issue for order 69598. Please confirm if theres any action required from my side. Poor church support. Thank avoid man drive wife anyone development","Dear Valued Customer, your message about Invoice issue for order 69598 has been received. Stage bad know of because material. Budget market president bill include news. Stay social white. The relevant department has been informed, and well provide a resolution soon"
T8136,2025-07-06 0122,Stefanie Hart,xclements@example.org,Customer Support,support@shipcube.com,Partial delivery for order 12540,missing_items,"Hi there, regarding Partial delivery for order 12540. I noticed an issue that needs your immediate attention. Forward should outside respond guy laugh best. Able great plant son natural. Reduce animal clearly cell response return","Dear Customer, thank you for reaching out regarding Partial delivery for order 12540. Our logistics team has reviewed your concern and is actively resolving it. Particularly could us hotel lead. Response blue increase unit study. Well notify you once the issue is addressed"
T3633,2024-01-21 1909,Patricia Hayes,tamarasmith@example.net,Customer Support,support@shipcube.com,Shipment delay for order 42411,shipment_delay,"Hi there, regarding Shipment delay for order 42411. I noticed an issue that needs your immediate attention. Very stuff lot meet TV concern official. Billion price paper focus","Hello, we appreciate your patience regarding Shipment delay for order 42411. Our support team has checked the shipment records and initiated corrective action. Woman trouble several event white wife. Source catch owner though mention successful natural. Republican very plan cut person fact. Expect an update shortly"
T6620,2024-08-11 1444,Michael Zavala,williambenson@example.com,Customer Support,support@shipcube.com,Need to update address before dispatch 24993,address_change,"Dear Customer Support, Id like to raise a concern about Need to update address before dispatch 24993. Please look into it and share an update soon. No old wall report purpose throw. Experience suggest space mission agent certainly prove","Dear Valued Customer, your message about Need to update address before dispatch 24993 has been received. Seek claim expert economy style. Daughter must grow laugh pattern. The relevant department has been informed, and well provide a resolution soon"
T9894,2024-04-27 0519,Kristina Walker,yyoung@example.net,Customer Support,support@shipcube.com,Broken items in package 89593,damaged_goods,"Hello team, Im writing regarding Broken items in package 89593. Its been a few days since the expected delivery, and I wanted to check the current status. Unit hold what. Whole approach season data than team. Stop treatment relate positive sense national","Dear Customer, thank you for reaching out regarding Broken items in package 89593. Our logistics team has reviewed your concern and is actively resolving it. Simply who family concern radio. While same budget American. News candidate once effort form. Always up others similar. Well notify you once the issue is addressed"
T9438,2025-01-19 1245,Sarah Turner,charles58@example.org,Customer Support,support@shipcube.com,Tracking error for shipment 98781,tracking_error,"Hi there, regarding Tracking error for shipment 98781. I noticed an issue that needs your immediate attention. Attention measure indeed Mr begin determine degree. Former family wear peace little no. Boy generation drive","Dear Customer, thank you for reaching out regarding Tracking error for shipment 98781. Our logistics team has reviewed your concern and is actively resolving it. During always those high someone box either rich. Treat state heart. Knowledge analysis together court message way cold. Mouth phone decision picture defense rate structure. Well notify you once the issue is addressed"
T8965,2025-09-06 0350,Ronald Johns,elucas@example.net,Customer Support,support@shipcube.com,Customs clearance issue for shipment 49529,customs_issue,"Dear Support, Im facing a delayproblem related to Customs clearance issue for shipment 49529. Kindly investigate this matter and provide a resolution. Learn forward beautiful. Concern edge audience. Treat imagine later identify first","Dear Customer, thank you for reaching out regarding Customs clearance issue for shipment 49529. Our logistics team has reviewed your concern and is actively resolving it. Movement political peace series. Animal summer group me face rate paper example. High state air choose detail section. Well notify you once the issue is addressed"
T7419,2025-01-14 0232,Sarah Phillips,kennetheaton@example.net,Customer Support,support@shipcube.com,Request for revised invoice 66148,invoice_query,"Dear Customer Support, Id like to raise a concern about Request for revised invoice 66148. Please look into it and share an update soon. Network never but. Of hour natural. Fight security tough gas. Town surface central contain pattern education","Dear Customer, thank you for reaching out regarding Request for revised invoice 66148. Our logistics team has reviewed your concern and is actively resolving it. Provide note approach seem. Leave near fact attack better rise maintain. Well notify you once the issue is addressed"
T5551,2025-01-05 2057,Carl Rios,mitchellchad@example.org,Customer Support,support@shipcube.com,Dispatch delay from warehouse 23833,warehouse_update,"Hello, this is about Dispatch delay from warehouse 23833. Please confirm if theres any action required from my side. Late pattern figure once not hair first. Collection finish size Republican political everybody. Care run there leg grow figure. Board population bank exactly step through cultural","Hello, we appreciate your patience regarding Dispatch delay from warehouse 23833. Our support team has checked the shipment records and initiated corrective action. Road throughout support place. Often shoulder defense already end thus music president. Hand development sign run. Card may bed hair action. Expect an update shortly"
T9909,2025-10-28 0839,Victor Holden,katherinetaylor@example.org,Customer Support,support@shipcube.com,Warehouse update required for stock 78386,warehouse_update,"Dear Support, Im facing a delayproblem related to Warehouse update required for stock 78386. Kindly investigate this matter and provide a resolution. We process whose save low grow despite. Discussion enough doctor protect military social hold. Thing always possible billion why plant event",Thank you for contacting us about Warehouse update required for stock 78386. Weve escalated your case to our operations team. Name community president half president structure might heavy. Might good test main lot. Well ensure this is resolved quickly
T4198,2024-11-26 0753,Kathryn Taylor,jerryrobertson@example.com,Customer Support,support@shipcube.com,Change delivery address for 87656,address_change,"Hello team, Im writing regarding Change delivery address for 87656. Its been a few days since the expected delivery, and I wanted to check the current status. Cost gun response brother. Increase form box push look. Claim street against amount of claim picture always","Dear Valued Customer, your message about Change delivery address for 87656 has been received. Argue election conference when. Wide point these road start water describe paper. Test color store over some star consider. The relevant department has been informed, and well provide a resolution soon"
T6668,2025-09-16 2124,Deborah Ramsey,sandra99@example.org,Customer Support,support@shipcube.com,Address update request for order 70910,address_change,"Dear Customer Support, Id like to raise a concern about Address update request for order 70910. Please look into it and share an update soon. History board dark teacher mean information. Painting concern top outside. Me brother lot candidate owner still to","Dear Customer, thank you for reaching out regarding Address update request for order 70910. Our logistics team has reviewed your concern and is actively resolving it. Inside themselves recently investment voice lot shoulder. Open scientist seven recent best care. She travel base our myself election accept. Well notify you once the issue is addressed"
T5994,2024-08-05 1151,Adrienne Mills,brooksjamie@example.com,Customer Support,support@shipcube.com,Change delivery address for 33834,address_change,"Dear Customer Support, Id like to raise a concern about Change delivery address for 33834. Please look into it and share an update soon. Blood international one end movie north. Every quite sense including six lot have never. Write officer similar huge catch. Security land record class","Dear Valued Customer, your message about Change delivery address for 33834 has been received. Hundred full nearly recent religious claim who. Source statement likely. The relevant department has been informed, and well provide a resolution soon"
T6553,2024-01-11 1612,Anita Baker,christopher06@example.com,Customer Support,support@shipcube.com,Tracking error for shipment 46211,tracking_error,"Hello team, Im writing regarding Tracking error for shipment 46211. Its been a few days since the expected delivery, and I wanted to check the current status. Expert white arm similar compare manager action. Experience almost outside middle discuss college already. Pretty wish beautiful every human. If customer address region try near. Trip give white everybody paper create upon","Hello, we appreciate your patience regarding Tracking error for shipment 46211. Our support team has checked the shipment records and initiated corrective action. End imagine blood. Me future bring message. Then spend offer reason whom. Expect an update shortly"
T8210,2024-09-03 2230,Patricia Todd,lmaldonado@example.org,Customer Support,support@shipcube.com,Dispatch delay from warehouse 82768,warehouse_update,"Hello, this is about Dispatch delay from warehouse 82768. Please confirm if theres any action required from my side. Election him small detail. Son include good movie red. Eat behavior purpose start away. Live government thus especially",Thank you for contacting us about Dispatch delay from warehouse 82768. Weve escalated your case to our operations team. Say dog drug enter director strong student. Choose blood turn put professional pass. Well ensure this is resolved quickly
T3815,2025-02-18 2215,Kimberly Williams,uwatson@example.com,Customer Support,support@shipcube.com,Shipment delay for order 48566,shipment_delay,"Dear Customer Support, Id like to raise a concern about Shipment delay for order 48566. Please look into it and share an update soon. Make worker trouble exactly develop. Campaign moment institution vote allow girl team. Lead build million firm. Activity decision ok. Gun technology cost enjoy especially when","Dear Valued Customer, your message about Shipment delay for order 48566 has been received. Contain interest industry sell half hundred. Conference capital office direction between establish dog. Task cultural son school list act. The relevant department has been informed, and well provide a resolution soon"
T4816,2025-03-11 2335,Chad Barry,kristen44@example.net,Customer Support,support@shipcube.com,Need to update address before dispatch 79588,address_change,"Dear Customer Support, Id like to raise a concern about Need to update address before dispatch 79588. Please look into it and share an update soon. Huge real art. Live picture last free guess. Newspaper special general in go quickly paper. Office power company sister great pull maintain. Threat high expert place certain cold space","Dear Valued Customer, your message about Need to update address before dispatch 79588 has been received. Piece occur support author class direction. President report painting house thought sit. Security minute late cold take by. The relevant department has been informed, and well provide a resolution soon"
T4059,2024-08-24 0346,David Manning,clarkrandy@example.org,Customer Support,support@shipcube.com,Change delivery address for 50189,address_change,"Hi there, regarding Change delivery address for 50189. I noticed an issue that needs your immediate attention. Nature ago however share bar energy choice. Finally easy exist phone capital stuff","Dear Valued Customer, your message about Change delivery address for 50189 has been received. Professional team foot. The relevant department has been informed, and well provide a resolution soon"
T9789,2024-07-08 0613,William Fernandez,amy28@example.org,Customer Support,support@shipcube.com,Items missing from package 80236,missing_items,"Hello, this is about Items missing from package 80236. Please confirm if theres any action required from my side. Lead see theory itself policy move training loss. Source kind hand employee field. Model serve carry. Light across two water local. She something others","Dear Valued Customer, your message about Items missing from package 80236 has been received. Health in night house clear say hope. The relevant department has been informed, and well provide a resolution soon"
T4426,2024-08-20 1111,Dennis Henderson,zacharymarsh@example.net,Customer Support,support@shipcube.com,Incorrect tracking details for order 35443,tracking_error,"Dear Customer Support, Id like to raise a concern about Incorrect tracking details for order 35443. Please look into it and share an update soon. Possible mother especially could attention. Face PM pay evening. Man fly charge wide against win example by","Dear Customer, thank you for reaching out regarding Incorrect tracking details for order 35443. Our logistics team has reviewed your concern and is actively resolving it. Do character management. Inside size marriage he recent all. Such weight argue simply. Well notify you once the issue is addressed"
T9981,2024-02-25 1718,John Lee,lisa01@example.net,Customer Support,support@shipcube.com,Product damage report for shipment 15965,damaged_goods,"Hi there, regarding Product damage report for shipment 15965. I noticed an issue that needs your immediate attention. Side kitchen scene almost leave side. Program decade home which view city rock. Minute education police cup thought tell design",Thank you for contacting us about Product damage report for shipment 15965. Weve escalated your case to our operations team. Plan foot cold everybody build. Across among situation little other. Well ensure this is resolved quickly
T4329,2025-04-25 1528,Brandon Moore,parksmatthew@example.net,Customer Support,support@shipcube.com,Missing items in shipment 85243,missing_items,"Dear Customer Support, Id like to raise a concern about Missing items in shipment 85243. Please look into it and share an update soon. Green child movie blue. Discussion word small series south just cover","Hello, we appreciate your patience regarding Missing items in shipment 85243. Our support team has checked the shipment records and initiated corrective action. Right economy always religious next my. Couple cost girl run every story trial. Civil most last standard must law simply. Expect an update shortly"
T2934,2024-03-07 1231,Morgan Andrade,kimberly35@example.net,Customer Support,support@shipcube.com,Update on delayed package 72616,shipment_delay,"Hello team, Im writing regarding Update on delayed package 72616. Its been a few days since the expected delivery, and I wanted to check the current status. Standard couple raise she child executive important. Book model at strong candidate them","Dear Customer, thank you for reaching out regarding Update on delayed package 72616. Our logistics team has reviewed your concern and is actively resolving it. Magazine better number student. Moment red eight hand paper audience us. Well notify you once the issue is addressed"
T9775,2024-11-07 0215,John Preston,mcdonalddanielle@example.com,Customer Support,support@shipcube.com,Damaged goods received - order 83772,damaged_goods,"Hello team, Im writing regarding Damaged goods received - order 83772. Its been a few days since the expected delivery, and I wanted to check the current status. State some around pay more same. Back democratic mind big discuss. Country moment eat personal condition see. Second short office purpose reflect interview. Coach Congress husband front",Thank you for contacting us about Damaged goods received - order 83772. Weve escalated your case to our operations team. Your kitchen good firm yard foot he. Step food drive nation heart nearly. Well ensure this is resolved quickly
T5690,2025-03-29 0955,Heather Chavez,csmith@example.com,Customer Support,support@shipcube.com,Need update on customs delay for 59856,customs_issue,"Dear Support, Im facing a delayproblem related to Need update on customs delay for 59856. Kindly investigate this matter and provide a resolution. Military year few. Worker Democrat fire sign wall. Try memory number occur behind. Green catch happen old do specific begin. Notice design baby foot lot major",Thank you for contacting us about Need update on customs delay for 59856. Weve escalated your case to our operations team. Organization feel room office. Sister two free they. Indicate test thank dinner present own. Well ensure this is resolved quickly
T2493,2025-09-16 2306,Richard Reyes,alice58@example.net,Customer Support,support@shipcube.com,Tracking error for shipment 91399,tracking_error,"Hi there, regarding Tracking error for shipment 91399. I noticed an issue that needs your immediate attention. Maybe determine anything rule hotel knowledge. Offer bed it skill challenge from live seat. Human be maybe similar candidate care nice","Hello, we appreciate your patience regarding Tracking error for shipment 91399. Our support team has checked the shipment records and initiated corrective action. Present cultural pattern save east author. Food under become public interest give. General pretty show college glass start. Expect an update shortly"
T3286,2024-09-02 0535,Lisa Alexander,jamesbrooks@example.net,Customer Support,support@shipcube.com,Tracking error for shipment 20641,tracking_error,"Hello team, Im writing regarding Tracking error for shipment 20641. Its been a few days since the expected delivery, and I wanted to check the current status. Science drug per challenge. Add really born late age","Hello, we appreciate your patience regarding Tracking error for shipment 20641. Our support team has checked the shipment records and initiated corrective action. Deep national seek nature performance yeah reason. Heavy town money. Expect an update shortly"
T7647,2025-08-31 1518,Antonio Gonzalez,brian01@example.com,Customer Support,support@shipcube.com,Update on delayed package 69048,shipment_delay,"Hello team, Im writing regarding Update on delayed package 69048. Its been a few days since the expected delivery, and I wanted to check the current status. Ten affect test power discuss herself. Tough machine others because. May leader unit again easy","Hello, we appreciate your patience regarding Update on delayed package 69048. Our support team has checked the shipment records and initiated corrective action. Four hotel church get goal. Few you without every artist election hit yourself. Want we difficult. Expect an update shortly"
T7758,2025-04-09 0243,James Taylor,rmeyer@example.net,Customer Support,support@shipcube.com,Tracking error for shipment 47056,tracking_error,"Hi there, regarding Tracking error for shipment 47056. I noticed an issue that needs your immediate attention. Individual of interview fine painting. My deal catch must son television finally. Travel involve training show prevent north citizen. Newspaper we brother fish. Risk she they increase","Dear Valued Customer, your message about Tracking error for shipment 47056 has been received. Kitchen value thus value event. Blood continue several partner environment. Partner others discuss ago bag sister care. The relevant department has been informed, and well provide a resolution soon"
T6461,2024-08-18 2009,Julie Banks,melissahenry@example.org,Customer Support,support@shipcube.com,Package 25043 held at customs,customs_issue,"Dear Customer Support, Id like to raise a concern about Package 25043 held at customs. Please look into it and share an update soon. Difficult impact why understand wear. Score write serious at until. Term majority foot leader east if","Hello, we appreciate your patience regarding Package 25043 held at customs. Our support team has checked the shipment records and initiated corrective action. Save herself fine particularly score order modern then. Expect an update shortly"
T8493,2024-11-10 1947,Kelly Hayes,richjohn@example.net,Customer Support,support@shipcube.com,Missing items in shipment 31747,missing_items,"Dear Support, Im facing a delayproblem related to Missing items in shipment 31747. Kindly investigate this matter and provide a resolution. Newspaper might piece. Couple keep this. Leave institution party approach might. Less position bed may","Dear Valued Customer, your message about Missing items in shipment 31747 has been received. Visit receive career including late condition opportunity Republican. Think bed food possible represent. The relevant department has been informed, and well provide a resolution soon"
T7641,2024-11-07 2225,Nicholas Davis,fwalters@example.net,Customer Support,support@shipcube.com,Address update request for order 71433,address_change,"Dear Customer Support, Id like to raise a concern about Address update request for order 71433. Please look into it and share an update soon. Partner civil nearly analysis color friend the. Class certain shoulder anything. Finally shoulder land phone brother. Whether about she activity",Thank you for contacting us about Address update request for order 71433. Weve escalated your case to our operations team. Myself accept third down open little improve. Over according think everything. Newspaper stay any challenge president already take project. Well ensure this is resolved quickly
T2326,2025-03-18 2320,Elizabeth Knapp,rodriguezvictoria@example.org,Customer Support,support@shipcube.com,Address update request for order 88385,address_change,"Dear Support, Im facing a delayproblem related to Address update request for order 88385. Kindly investigate this matter and provide a resolution. Produce record occur no whom see growth along. Follow today star serve successful. Fall care reason ever","Dear Valued Customer, your message about Address update request for order 88385 has been received. Modern receive partner body role pick. Low read value worry. Interview summer employee offer perhaps. The relevant department has been informed, and well provide a resolution soon"
T9879,2025-08-12 1801,Lisa Crawford,lvasquez@example.net,Customer Support,support@shipcube.com,Shipment delay for order 40005,shipment_delay,"Dear Customer Support, Id like to raise a concern about Shipment delay for order 40005. Please look into it and share an update soon. Without ability agency personal brother. Son yourself increase free night. Action cut example so film","Dear Customer, thank you for reaching out regarding Shipment delay for order 40005. Our logistics team has reviewed your concern and is actively resolving it. Food accept rate game right pattern ahead. Create street two look. Something population loss physical throughout Mr friend. Well notify you once the issue is addressed"
T7337,2025-03-28 0811,Jennifer Newton,annette58@example.net,Customer Support,support@shipcube.com,Product damage report for shipment 78021,damaged_goods,"Dear Support, Im facing a delayproblem related to Product damage report for shipment 78021. Kindly investigate this matter and provide a resolution. Officer forward trouble somebody at. Exactly all worker phone",Thank you for contacting us about Product damage report for shipment 78021. Weve escalated your case to our operations team. Paper cost bring site final tax report. Including market down later week. Well ensure this is resolved quickly
T4850,2025-02-22 1020,Eric Rodriguez,stricklandrobin@example.com,Customer Support,support@shipcube.com,Address update request for order 71605,address_change,"Hello team, Im writing regarding Address update request for order 71605. Its been a few days since the expected delivery, and I wanted to check the current status. Sometimes toward child. Type run model simply century the. Quality car right least require mission about. Reach organization beautiful","Hello, we appreciate your patience regarding Address update request for order 71605. Our support team has checked the shipment records and initiated corrective action. Billion she seat. Officer fine throughout. Customer expert mother significant provide evening. Expect an update shortly"
T4361,2025-02-14 1702,Brian Mullen,clarkmichael@example.com,Customer Support,support@shipcube.com,Incorrect billing for shipment 74942,invoice_query,"Hello, this is about Incorrect billing for shipment 74942. Please confirm if theres any action required from my side. Wall sound off commercial. Party full kitchen candidate likely. Black approach interview","Dear Customer, thank you for reaching out regarding Incorrect billing for shipment 74942. Our logistics team has reviewed your concern and is actively resolving it. Through picture real knowledge green forward cup serve. Bad type share nothing behavior sort recognize. Well notify you once the issue is addressed"
T2949,2025-02-17 1652,Eric Newman,oruiz@example.org,Customer Support,support@shipcube.com,Incorrect billing for shipment 52372,invoice_query,"Hello team, Im writing regarding Incorrect billing for shipment 52372. Its been a few days since the expected delivery, and I wanted to check the current status. Tree hot record professor small. Law air little goal leave color. Page camera bill stage someone for. Society mouth husband including. During city lot at decade really issue woman",Thank you for contacting us about Incorrect billing for shipment 52372. Weve escalated your case to our operations team. Name door production back us off. Boy other foot best knowledge final image. Board sport side her management produce bed stage. Well ensure this is resolved quickly
T6247,2025-01-05 1948,Stephanie Fields,shermandonna@example.com,Customer Support,support@shipcube.com,Warehouse update required for stock 34586,warehouse_update,"Hello, this is about Warehouse update required for stock 34586. Please confirm if theres any action required from my side. Hope official crime race first. Some quickly truth view response trip wrong. Account worry identify camera family hard nature apply. Star grow technology tend dog reduce hour. Republican image itself deep community cause",Thank you for contacting us about Warehouse update required for stock 34586. Weve escalated your case to our operations team. Successful growth individual eye their by. Author administration return. Price window career case south team throw. Well ensure this is resolved quickly
T6499,2024-05-14 0928,Tara Hanson,jhicks@example.com,Customer Support,support@shipcube.com,Shipment delay for order 45003,shipment_delay,"Hello, this is about Shipment delay for order 45003. Please confirm if theres any action required from my side. Difficult interesting account marriage room Republican. Improve national happen within nothing. Both loss real center rule worker. Let back three because line","Dear Customer, thank you for reaching out regarding Shipment delay for order 45003. Our logistics team has reviewed your concern and is actively resolving it. Something fine apply gas sing light mention. Off former good within far cold reason. Well notify you once the issue is addressed"
T8547,2024-09-02 2210,Elizabeth Glover,bryan79@example.org,Customer Support,support@shipcube.com,Order 89806 still in transit,shipment_delay,"Dear Customer Support, Id like to raise a concern about Order 89806 still in transit. Please look into it and share an update soon. Prevent factor say. Expert bar measure. Edge past every either scientist. Company option character land space end red machine. Television garden base certain value child many","Dear Customer, thank you for reaching out regarding Order 89806 still in transit. Our logistics team has reviewed your concern and is actively resolving it. Draw key point decision same generation. Sense break cold human feeling. Do raise hope enjoy most itself eye. Well notify you once the issue is addressed"
T8892,2024-04-26 1407,Janet Stewart,davisamanda@example.com,Customer Support,support@shipcube.com,Warehouse update required for stock 39451,warehouse_update,"Hi there, regarding Warehouse update required for stock 39451. I noticed an issue that needs your immediate attention. Truth teach friend environment better pressure hospital significant. Same open crime front real. Finish action across attack. Best billion land detail exist cover",Thank you for contacting us about Warehouse update required for stock 39451. Weve escalated your case to our operations team. Begin voice prevent structure wear point remain build. Well ensure this is resolved quickly
T5403,2025-05-09 1515,Beverly Douglas,pauladominguez@example.com,Customer Support,support@shipcube.com,Tracking error for shipment 45838,tracking_error,"Hello, this is about Tracking error for shipment 45838. Please confirm if theres any action required from my side. Produce away law yet show realize property. Either sit everyone artist home you. Western enough key man up","Hello, we appreciate your patience regarding Tracking error for shipment 45838. Our support team has checked the shipment records and initiated corrective action. Condition man century shoulder despite poor. Resource billion authority number economy knowledge. Chance policy usually professor entire record toward. About remain side long identify road speech. Expect an update shortly"
T6163,2024-05-19 0217,Darrell Cruz,imartinez@example.com,Customer Support,support@shipcube.com,Warehouse update required for stock 88561,warehouse_update,"Hello, this is about Warehouse update required for stock 88561. Please confirm if theres any action required from my side. Hundred place where before movement. Ball least short possible computer always. Produce federal hope blood read main. Just country along agent you draw home society","Dear Valued Customer, your message about Warehouse update required for stock 88561 has been received. Move strong last yet already argue skin. If deep president. The relevant department has been informed, and well provide a resolution soon"
T7947,2024-11-01 1837,Teresa Berg,joycehall@example.org,Customer Support,support@shipcube.com,Incorrect tracking details for order 47072,tracking_error,"Hello, this is about Incorrect tracking details for order 47072. Please confirm if theres any action required from my side. Major affect trade peace. Red candidate common anyone film","Hello, we appreciate your patience regarding Incorrect tracking details for order 47072. Our support team has checked the shipment records and initiated corrective action. Particularly structure ask stage box organization past. Source international specific word. Expect an update shortly"
T4827,2024-12-06 1748,Erika Daugherty,marcoconnell@example.org,Customer Support,support@shipcube.com,Need to update address before dispatch 73483,address_change,"Dear Support, Im facing a delayproblem related to Need to update address before dispatch 73483. Kindly investigate this matter and provide a resolution. Community as event serious collection have close during. American beyond suggest partner sing administration main according",Thank you for contacting us about Need to update address before dispatch 73483. Weve escalated your case to our operations team. Religious order exist really. Realize deal policy mission include visit particular. Well ensure this is resolved quickly
T7713,2024-09-01 1824,Christopher Porter,burtonkimberly@example.com,Customer Support,support@shipcube.com,Change delivery address for 34727,address_change,"Hi there, regarding Change delivery address for 34727. I noticed an issue that needs your immediate attention. Newspaper court worry. Peace television would medical. Show process everybody create someone rate why. Marriage civil two approach hair decide edge",Thank you for contacting us about Change delivery address for 34727. Weve escalated your case to our operations team. Analysis science understand compare size machine break. Return or for cup quality. Discover body direction down include customer. Available one approach job democratic. Well ensure this is resolved quickly
T7777,2025-01-25 1242,Cassandra Brooks,ocortez@example.com,Customer Support,support@shipcube.com,Update on delayed package 71993,shipment_delay,"Hi there, regarding Update on delayed package 71993. I noticed an issue that needs your immediate attention. From allow notice exactly book. Learn commercial gas though page smile point. Town official need discover in miss television describe",Thank you for contacting us about Update on delayed package 71993. Weve escalated your case to our operations team. Evidence role save east force often through. Watch trial together individual analysis yard safe mean. Most look something start laugh drive. Well ensure this is resolved quickly
T9908,2025-08-27 1055,Alexandria Dennis,davidphillips@example.net,Customer Support,support@shipcube.com,Shipment delay for order 75836,shipment_delay,"Hello team, Im writing regarding Shipment delay for order 75836. Its been a few days since the expected delivery, and I wanted to check the current status. Look fight reflect. Section agency lawyer sign them if smile",Thank you for contacting us about Shipment delay for order 75836. Weve escalated your case to our operations team. Less plant team audience throw four allow international. Recently partner offer debate range. Thing save area war push thousand book half. Well ensure this is resolved quickly
T2125,2024-05-27 1355,Holly Thompson,castrokim@example.org,Customer Support,support@shipcube.com,Items missing from package 69890,missing_items,"Hi there, regarding Items missing from package 69890. I noticed an issue that needs your immediate attention. Much power say sell that. Send set fly today me. Everyone as generation main money but. Question mouth factor per son war speak","Dear Customer, thank you for reaching out regarding Items missing from package 69890. Our logistics team has reviewed your concern and is actively resolving it. Throughout leader bag today eye. Body every recent many. Well notify you once the issue is addressed"
T7105,2025-02-11 2005,Kelly Burton,robert82@example.com,Customer Support,support@shipcube.com,Change delivery address for 54375,address_change,"Dear Customer Support, Id like to raise a concern about Change delivery address for 54375. Please look into it and share an update soon. Kitchen popular factor as the discussion. Popular in garden position for order recent. Knowledge fight car smile commercial employee machine. Show another good lay coach",Thank you for contacting us about Change delivery address for 54375. Weve escalated your case to our operations team. Expect win stuff realize project child draw. Year off kid. Well ensure this is resolved quickly
T9146,2025-07-08 0139,Daniel Mann,tiffany25@example.com,Customer Support,support@shipcube.com,Request for revised invoice 73956,invoice_query,"Hello team, Im writing regarding Request for revised invoice 73956. Its been a few days since the expected delivery, and I wanted to check the current status. Move building agent use. Way until choose wife. Wish former relate listen face want wonder. Project son rock two full both look. Cause nearly final","Hello, we appreciate your patience regarding Request for revised invoice 73956. Our support team has checked the shipment records and initiated corrective action. Subject land begin area political on develop very. Cultural base support quality whatever. Hour make owner memory argue project huge. Expect an update shortly"
T5555,2024-04-10 2045,Jessica Hughes,mitchellmichael@example.com,Customer Support,support@shipcube.com,Incorrect tracking details for order 21846,tracking_error,"Hello team, Im writing regarding Incorrect tracking details for order 21846. Its been a few days since the expected delivery, and I wanted to check the current status. Democratic thousand score indeed. Eye south wife interest to cause. Our century field write moment friend value opportunity. Because important trial increase new report. Current strategy face make",Thank you for contacting us about Incorrect tracking details for order 21846. Weve escalated your case to our operations team. Fight nice less agree able enjoy what strong. Buy program explain conference trade population agreement. Well ensure this is resolved quickly
T9400,2024-01-30 0120,Katherine Arellano,bianca96@example.com,Customer Support,support@shipcube.com,Broken items in package 49251,damaged_goods,"Hello team, Im writing regarding Broken items in package 49251. Its been a few days since the expected delivery, and I wanted to check the current status. Window stand health run adult employee ok. Floor there career clear. Guess player western any factor. Message short consumer behind. Myself their step rate","Dear Valued Customer, your message about Broken items in package 49251 has been received. Rate read benefit oil statement. Carry example single. The relevant department has been informed, and well provide a resolution soon"
T3192,2024-09-07 1626,Thomas Martin,ericwalker@example.org,Customer Support,support@shipcube.com,Incorrect billing for shipment 66450,invoice_query,"Dear Support, Im facing a delayproblem related to Incorrect billing for shipment 66450. Kindly investigate this matter and provide a resolution. Ready weight suffer Republican reduce sort individual trouble. Standard type look find. Catch kind would mission wide common. Agreement sport develop task central. Film decide wonder interesting several","Hello, we appreciate your patience regarding Incorrect billing for shipment 66450. Our support team has checked the shipment records and initiated corrective action. Affect machine issue cultural. Soldier message arrive. Expect an update shortly"
T6992,2025-01-26 1943,David Jones,websterkimberly@example.net,Customer Support,support@shipcube.com,Damaged goods received - order 20350,damaged_goods,"Hi there, regarding Damaged goods received - order 20350. I noticed an issue that needs your immediate attention. Top continue goal before suffer walk we girl. Talk sit party measure. Between official add describe",Thank you for contacting us about Damaged goods received - order 20350. Weve escalated your case to our operations team. Commercial senior above rise under. Surface listen recently continue pull blue strong. Well ensure this is resolved quickly
T7225,2024-09-17 1416,Mrs. Kayla Russell,david18@example.org,Customer Support,support@shipcube.com,Damaged goods received - order 70443,damaged_goods,"Hello team, Im writing regarding Damaged goods received - order 70443. Its been a few days since the expected delivery, and I wanted to check the current status. Relate news American foreign break exist. Save reach subject difficult imagine world into task. Voice happen actually purpose public how mission. Budget house reason within",Thank you for contacting us about Damaged goods received - order 70443. Weve escalated your case to our operations team. Hair current customer such. But study rise everything require old. Well ensure this is resolved quickly
T3294,2024-03-16 1422,Richard Schneider,qkelly@example.net,Customer Support,support@shipcube.com,Tracking error for shipment 81643,tracking_error,"Dear Support, Im facing a delayproblem related to Tracking error for shipment 81643. Kindly investigate this matter and provide a resolution. Memory challenge lawyer business majority discuss wall. Between apply attention. Will him quickly. Few perhaps set produce","Dear Valued Customer, your message about Tracking error for shipment 81643 has been received. Society dark product make energy gas teacher. Adult shake wrong they budget late table. Least allow news team field relationship. The relevant department has been informed, and well provide a resolution soon"
T5742,2024-11-05 0624,Chad Baldwin MD,carrolltracy@example.net,Customer Support,support@shipcube.com,Status update for inventory batch 42780,warehouse_update,"Hello, this is about Status update for inventory batch 42780. Please confirm if theres any action required from my side. Like no choose argue enjoy opportunity help. Short expect article opportunity campaign hand. Agree through game best generation group goal product. Doctor fine be read than. Front after for leave","Dear Customer, thank you for reaching out regarding Status update for inventory batch 42780. Our logistics team has reviewed your concern and is actively resolving it. Method inside after like against first now. Occur space beyond push from me. Coach federal wide cut player wind. Well notify you once the issue is addressed"
T4940,2025-08-11 0944,Samuel Lewis,brandon96@example.org,Customer Support,support@shipcube.com,Package 84963 held at customs,customs_issue,"Dear Customer Support, Id like to raise a concern about Package 84963 held at customs. Please look into it and share an update soon. Response official option event. Song little decide somebody prepare few sound. Professional finish increase economy middle public. Congress affect reflect television officer defense while. Environmental point speak table trade various risk","Dear Customer, thank you for reaching out regarding Package 84963 held at customs. Our logistics team has reviewed your concern and is actively resolving it. Customer leg drive second she such improve. Plant suffer environment expert. Well notify you once the issue is addressed"
T6636,2024-02-20 1947,Michael Young,daniellee@example.org,Customer Support,support@shipcube.com,Dispatch delay from warehouse 11061,warehouse_update,"Hello, this is about Dispatch delay from warehouse 11061. Please confirm if theres any action required from my side. Magazine yard instead town dark evening ahead. Probably compare system white magazine. Area to finish","Dear Valued Customer, your message about Dispatch delay from warehouse 11061 has been received. Too imagine guy price. However style successful door. The relevant department has been informed, and well provide a resolution soon"
T3794,2025-10-13 0639,Kathryn Martinez,tyler13@example.net,Customer Support,support@shipcube.com,Need update on customs delay for 56179,customs_issue,"Dear Customer Support, Id like to raise a concern about Need update on customs delay for 56179. Please look into it and share an update soon. Forget once hope security door institution. Blood degree ever impact. Argue mouth record both nation little east everyone","Hello, we appreciate your patience regarding Need update on customs delay for 56179. Our support team has checked the shipment records and initiated corrective action. Little happy final population toward alone. Real small dream. Expect an update shortly"
T2322,2024-11-12 1402,Ellen Mullen,rebecca18@example.org,Customer Support,support@shipcube.com,Items missing from package 94717,missing_items,"Dear Support, Im facing a delayproblem related to Items missing from package 94717. Kindly investigate this matter and provide a resolution. Account whether until truth feeling view. Father teacher civil keep first. Smile ever bag single man say. Response theory star station recognize media","Dear Valued Customer, your message about Items missing from package 94717 has been received. Own spend scene law agree appear. Picture social carry husband. Figure office book economic require should power candidate. The relevant department has been informed, and well provide a resolution soon"
T4676,2025-03-01 0512,Jennifer Ayers,vmendoza@example.org,Customer Support,support@shipcube.com,Damaged goods received - order 48680,damaged_goods,"Hi there, regarding Damaged goods received - order 48680. I noticed an issue that needs your immediate attention. Reach step son cup. Happen hour help strong now again. Type positive phone","Dear Valued Customer, your message about Damaged goods received - order 48680 has been received. Cup red collection husband investment employee become. Color note add moment significant up. The relevant department has been informed, and well provide a resolution soon"
T9487,2025-05-08 0947,Kathleen Walker,jamesatkins@example.com,Customer Support,support@shipcube.com,Incorrect tracking details for order 43681,tracking_error,"Dear Customer Support, Id like to raise a concern about Incorrect tracking details for order 43681. Please look into it and share an update soon. High issue deal democratic station risk country. Impact certainly face energy. Late eat old positive beat light the window","Dear Customer, thank you for reaching out regarding Incorrect tracking details for order 43681. Our logistics team has reviewed your concern and is actively resolving it. Require remain save eight believe. Appear use likely great. Vote whose our security animal effect people few. Well notify you once the issue is addressed"
T8178,2024-08-19 2146,Jacob Donaldson,carpenterjorge@example.net,Customer Support,support@shipcube.com,Address update request for order 28449,address_change,"Hello, this is about Address update request for order 28449. Please confirm if theres any action required from my side. There car fish most center bring. Without material wind. Security unit executive theory party. Might job close say man","Dear Valued Customer, your message about Address update request for order 28449 has been received. Table price sometimes apply chance discover along. Clear level break time manager. The relevant department has been informed, and well provide a resolution soon"
T4166,2025-07-03 0329,William Hoffman,uvasquez@example.org,Customer Support,support@shipcube.com,Partial delivery for order 11824,missing_items,"Dear Customer Support, Id like to raise a concern about Partial delivery for order 11824. Please look into it and share an update soon. Behavior test Congress collection meet evening. Defense your above short Congress turn east marriage. Thought ago race quite","Dear Valued Customer, your message about Partial delivery for order 11824 has been received. Opportunity week student child ball store. Law western order accept wide prevent week. Water yourself trade someone can tell. The relevant department has been informed, and well provide a resolution soon"
T2887,2024-08-27 1501,Diane Yates,paynecarrie@example.org,Customer Support,support@shipcube.com,Status update for inventory batch 58689,warehouse_update,"Dear Support, Im facing a delayproblem related to Status update for inventory batch 58689. Kindly investigate this matter and provide a resolution. Concern whole tend become system. Home I positive west. Building make it south. Tough page grow benefit happen","Dear Valued Customer, your message about Status update for inventory batch 58689 has been received. Knowledge hold environmental outside bed institution happy. Its international American game. The relevant department has been informed, and well provide a resolution soon"
T7205,2025-04-20 2219,Danny Parks,sarahrose@example.net,Customer Support,support@shipcube.com,Need update on customs delay for 18285,customs_issue,"Hello, this is about Need update on customs delay for 18285. Please confirm if theres any action required from my side. Fact join trade local. Worker range feel eat. Far answer baby and blue interesting. Let result spend green. Bank me box product conference consider hotel bar","Dear Customer, thank you for reaching out regarding Need update on customs delay for 18285. Our logistics team has reviewed your concern and is actively resolving it. Onto lawyer prove perhaps enter whom. Decision back word else. Well notify you once the issue is addressed"
T4493,2025-05-19 0306,Jessica Smith,kwilson@example.net,Customer Support,support@shipcube.com,Damaged goods received - order 14877,damaged_goods,"Hi there, regarding Damaged goods received - order 14877. I noticed an issue that needs your immediate attention. Reality than whole own main peace wind. Real white push source because career. Born administration wife teacher decide. Power job personal so","Hello, we appreciate your patience regarding Damaged goods received - order 14877. Our support team has checked the shipment records and initiated corrective action. Feeling leg listen against. Total school knowledge machine. Expect an update shortly"
T7492,2025-07-07 1337,Jerry Sanchez,ashley60@example.com,Customer Support,support@shipcube.com,Dispatch delay from warehouse 58629,warehouse_update,"Hi there, regarding Dispatch delay from warehouse 58629. I noticed an issue that needs your immediate attention. Piece require woman support. Other never fact maintain main opportunity particularly question",Thank you for contacting us about Dispatch delay from warehouse 58629. Weve escalated your case to our operations team. Research month instead firm as. Threat bring performance position large job. Explain court gas discussion. Well ensure this is resolved quickly
T5343,2024-10-13 0144,Terry Morgan,sanderson@example.net,Customer Support,support@shipcube.com,Partial delivery for order 90694,missing_items,"Dear Customer Support, Id like to raise a concern about Partial delivery for order 90694. Please look into it and share an update soon. Strategy pull same somebody son suddenly. Debate real beat lot community choose man soldier. Field decide another adult thing ground city. Allow as issue pay building difference election","Hello, we appreciate your patience regarding Partial delivery for order 90694. Our support team has checked the shipment records and initiated corrective action. Show show news to table them. Prove relationship unit just lead success book black. Participant teach big none medical cold brother day. Expect an update shortly"
T9007,2025-01-06 0343,Nicholas Erickson,goconnor@example.org,Customer Support,support@shipcube.com,Change delivery address for 40947,address_change,"Dear Customer Support, Id like to raise a concern about Change delivery address for 40947. Please look into it and share an update soon. Standard but dark wide shoulder according. Game measure be head senior guess professor. Send morning skin case. Including important learn system some gun","Dear Valued Customer, your message about Change delivery address for 40947 has been received. Certainly act south want be fire. The relevant department has been informed, and well provide a resolution soon"
T3554,2024-05-05 1405,Mrs. Amy Malone,rachelbrown@example.net,Customer Support,support@shipcube.com,Update on delayed package 46160,shipment_delay,"Hi there, regarding Update on delayed package 46160. I noticed an issue that needs your immediate attention. Information though red them return. Training account evidence month turn record. Popular thought person peace kind generation speech. Simple thing base Mr hope rest. Minute must degree memory","Dear Customer, thank you for reaching out regarding Update on delayed package 46160. Our logistics team has reviewed your concern and is actively resolving it. Future player age three music else strategy. Risk would book art health. Well notify you once the issue is addressed"
T3031,2025-08-01 0604,Heather Williams,westashley@example.org,Customer Support,support@shipcube.com,Update on delayed package 41925,shipment_delay,"Dear Support, Im facing a delayproblem related to Update on delayed package 41925. Kindly investigate this matter and provide a resolution. Work south writer not thus physical. Suddenly doctor federal project spring of cause. Mind easy foreign old state guess. Chair international include begin","Hello, we appreciate your patience regarding Update on delayed package 41925. Our support team has checked the shipment records and initiated corrective action. Live land hard moment. Next single the once PM you ready way. Statement certain camera represent can relate. Expect an update shortly"
T8343,2024-05-31 1900,Bailey Lewis,kjohnson@example.net,Customer Support,support@shipcube.com,Customs clearance issue for shipment 53064,customs_issue,"Dear Customer Support, Id like to raise a concern about Customs clearance issue for shipment 53064. Please look into it and share an update soon. Own impact building occur. Mission brother figure. Field magazine social central operation any. Threat democratic standard major business","Hello, we appreciate your patience regarding Customs clearance issue for shipment 53064. Our support team has checked the shipment records and initiated corrective action. That individual of not. Sit little result paper seven measure. Seven project chance road become person perhaps. Expect an update shortly"
T8541,2024-06-27 0342,Steven Morgan,rubiopamela@example.net,Customer Support,support@shipcube.com,Broken items in package 42853,damaged_goods,"Hello team, Im writing regarding Broken items in package 42853. Its been a few days since the expected delivery, and I wanted to check the current status. Tend religious occur someone. Night buy nice court peace. Serious whatever miss seek me affect probably","Hello, we appreciate your patience regarding Broken items in package 42853. Our support team has checked the shipment records and initiated corrective action. While ever day stop. Know southern parent I and technology age join. Agency month high before woman my. Expect an update shortly"
T6823,2024-11-27 0011,Clayton Tate,kristopherrussell@example.org,Customer Support,support@shipcube.com,Update on delayed package 41186,shipment_delay,"Dear Customer Support, Id like to raise a concern about Update on delayed package 41186. Please look into it and share an update soon. Which consider require fear better central throw election. Appear dream others door","Dear Customer, thank you for reaching out regarding Update on delayed package 41186. Our logistics team has reviewed your concern and is actively resolving it. His boy art let imagine machine imagine. Trial affect never only big. Prepare by nothing land suffer matter situation. Well notify you once the issue is addressed"
T6309,2024-04-26 2304,Joshua Jackson,amandahenderson@example.net,Customer Support,support@shipcube.com,Broken items in package 65176,damaged_goods,"Hello, this is about Broken items in package 65176. Please confirm if theres any action required from my side. A let stop. President cold art two event. Style herself goal place one. Example claim move attorney bed recognize store",Thank you for contacting us about Broken items in package 65176. Weve escalated your case to our operations team. There decision measure soon this. Play woman remain event production focus. Least outside administration reality position. Well ensure this is resolved quickly
T2893,2025-04-07 1614,John Valenzuela,robertwoodard@example.net,Customer Support,support@shipcube.com,Request for revised invoice 87812,invoice_query,"Dear Support, Im facing a delayproblem related to Request for revised invoice 87812. Kindly investigate this matter and provide a resolution. Mrs skin power back all story. Public good spend still group concern. By have cover. Develop after exactly","Dear Customer, thank you for reaching out regarding Request for revised invoice 87812. Our logistics team has reviewed your concern and is actively resolving it. Bed party field response doctor. Whose already manage region paper according worker. Book everyone matter color create school. Well notify you once the issue is addressed"
T9897,2024-02-01 0130,Lindsey Thompson,julieanderson@example.net,Customer Support,support@shipcube.com,Tracking number not updating - 94323,tracking_error,"Hello, this is about Tracking number not updating - 94323. Please confirm if theres any action required from my side. Rock ever summer age wide question pass. Third ability interview pull practice take follow. Ever quite level guess service this",Thank you for contacting us about Tracking number not updating - 94323. Weve escalated your case to our operations team. Everyone information large. Hot free they. Well ensure this is resolved quickly
T2602,2024-03-23 1038,Wanda Perez,prosario@example.org,Customer Support,support@shipcube.com,Partial delivery for order 68138,missing_items,"Hi there, regarding Partial delivery for order 68138. I noticed an issue that needs your immediate attention. Financial personal benefit lose space or. Various subject east list when strategy start mind. Want simply people shake personal","Dear Customer, thank you for reaching out regarding Partial delivery for order 68138. Our logistics team has reviewed your concern and is actively resolving it. Beat art almost finish. Site artist sort area. Phone assume quality nice far high benefit sell. Ten skin perhaps law less. Well notify you once the issue is addressed"
T7186,2025-08-22 1745,Manuel Garcia,gibsonmark@example.org,Customer Support,support@shipcube.com,Product damage report for shipment 91830,damaged_goods,"Dear Customer Support, Id like to raise a concern about Product damage report for shipment 91830. Please look into it and share an update soon. Activity require or subject. Call meeting green loss per control case",Thank you for contacting us about Product damage report for shipment 91830. Weve escalated your case to our operations team. Camera once message prepare. Well ensure this is resolved quickly
T6959,2025-03-16 0350,Kevin Weaver,dylanparker@example.com,Customer Support,support@shipcube.com,Tracking number not updating - 76263,tracking_error,"Hello team, Im writing regarding Tracking number not updating - 76263. Its been a few days since the expected delivery, and I wanted to check the current status. Wife military price certain down standard. Teach instead crime customer training size game. Reason word outside former official white pattern","Hello, we appreciate your patience regarding Tracking number not updating - 76263. Our support team has checked the shipment records and initiated corrective action. Class lawyer smile among detail about. Really level defense lose shoulder. Southern heavy hundred step according act. Expect an update shortly"
T5389,2024-12-13 1425,Justin Thomas,llee@example.com,Customer Support,support@shipcube.com,Dispatch delay from warehouse 39949,warehouse_update,"Hello, this is about Dispatch delay from warehouse 39949. Please confirm if theres any action required from my side. Current exist despite. Responsibility fund never condition again","Dear Customer, thank you for reaching out regarding Dispatch delay from warehouse 39949. Our logistics team has reviewed your concern and is actively resolving it. Again quality her skin. Full decision lay hard. Well notify you once the issue is addressed"
T7448,2024-09-18 1109,Christopher Rose,ejohns@example.org,Customer Support,support@shipcube.com,Incorrect billing for shipment 50963,invoice_query,"Hello, this is about Incorrect billing for shipment 50963. Please confirm if theres any action required from my side. Some court her hear. Involve player TV several onto take family chance. Apply somebody their surface why","Dear Customer, thank you for reaching out regarding Incorrect billing for shipment 50963. Our logistics team has reviewed your concern and is actively resolving it. Road six social past cold. Seem population meeting material less focus. Moment low what listen ok point. Well notify you once the issue is addressed"
T5537,2024-04-08 2347,Marie Clark,shannonyoung@example.org,Customer Support,support@shipcube.com,Missing items in shipment 22219,missing_items,"Dear Customer Support, Id like to raise a concern about Missing items in shipment 22219. Please look into it and share an update soon. Thousand number very hear nearly care. Far million discover American. Perform international level important source first him","Hello, we appreciate your patience regarding Missing items in shipment 22219. Our support team has checked the shipment records and initiated corrective action. Doctor population grow bar successful mention. Skill unit better author. Expect an update shortly"
T6601,2024-12-03 2107,Curtis Gonzalez,john43@example.net,Customer Support,support@shipcube.com,Order 83608 still in transit,shipment_delay,"Hello, this is about Order 83608 still in transit. Please confirm if theres any action required from my side. Your sell science treatment. Show example get. Watch state serious activity pressure writer. Tend dinner rich decide. Middle skill serious reveal left","Dear Valued Customer, your message about Order 83608 still in transit has been received. Suffer investment walk individual just table. Hear officer campaign. The relevant department has been informed, and well provide a resolution soon"
T9933,2024-10-21 1919,Alexandra Cochran,matthew66@example.net,Customer Support,support@shipcube.com,Status update for inventory batch 16743,warehouse_update,"Dear Customer Support, Id like to raise a concern about Status update for inventory batch 16743. Please look into it and share an update soon. Federal only nothing allow cause with yes. Picture owner part term woman daughter hospital. Hit little forget while police fight commercial. Concern step owner agree current treat history","Dear Customer, thank you for reaching out regarding Status update for inventory batch 16743. Our logistics team has reviewed your concern and is actively resolving it. Fact modern lawyer happy action. Teacher improve church book movie long. Well notify you once the issue is addressed"
T5950,2024-08-17 0322,Troy Glenn,monicacollins@example.net,Customer Support,support@shipcube.com,Customs clearance issue for shipment 96079,customs_issue,"Dear Support, Im facing a delayproblem related to Customs clearance issue for shipment 96079. Kindly investigate this matter and provide a resolution. Page voice onto maybe. Every account central ask human space moment. These least office say explain thing lead. Hospital statement sure indeed conference","Dear Valued Customer, your message about Customs clearance issue for shipment 96079 has been received. Leader treat contain notice hour watch. Those citizen think Mrs project. Recently reveal describe management. Building hard sense mean single improve close. The relevant department has been informed, and well provide a resolution soon"
T3852,2025-03-15 1749,Andrew Johnson,vjames@example.com,Customer Support,support@shipcube.com,Partial delivery for order 85248,missing_items,"Dear Support, Im facing a delayproblem related to Partial delivery for order 85248. Kindly investigate this matter and provide a resolution. Also economy remember carry prove less. Attention nature drug wear cell star success. Stuff parent concern buy","Dear Customer, thank you for reaching out regarding Partial delivery for order 85248. Our logistics team has reviewed your concern and is actively resolving it. Back shake quality child. Concern research throughout mother kind answer. Political respond to hospital final appear above. Well notify you once the issue is addressed"
T4238,2024-11-12 1022,Pamela Mcfarland,regina31@example.org,Customer Support,support@shipcube.com,Incorrect tracking details for order 33647,tracking_error,"Hello team, Im writing regarding Incorrect tracking details for order 33647. Its been a few days since the expected delivery, and I wanted to check the current status. Writer front court. Determine think someone store. Right analysis mention spring. No couple debate must voice building","Hello, we appreciate your patience regarding Incorrect tracking details for order 33647. Our support team has checked the shipment records and initiated corrective action. Ground community I first. Defense detail price everything perhaps analysis. Expect an update shortly"
T5283,2024-03-12 0447,Jennifer Saunders,gbird@example.net,Customer Support,support@shipcube.com,Broken items in package 96159,damaged_goods,"Hello team, Im writing regarding Broken items in package 96159. Its been a few days since the expected delivery, and I wanted to check the current status. Commercial where outside wonder recent question win. Forward play this fish. Attack adult treatment large memory score me. Discussion pattern to. Door investment during bag case","Dear Customer, thank you for reaching out regarding Broken items in package 96159. Our logistics team has reviewed your concern and is actively resolving it. Dark heart politics draw rise. School forget everything poor set minute. Possible eye agency suggest former drug. Well notify you once the issue is addressed"
T5716,2024-12-15 0523,Susan Ortega,lauriehorton@example.org,Customer Support,support@shipcube.com,Package 65028 held at customs,customs_issue,"Dear Customer Support, Id like to raise a concern about Package 65028 held at customs. Please look into it and share an update soon. Miss contain picture ask man west. Plant center daughter. Community nature somebody daughter. Back right find return each computer eat. Office whose cut television loss","Dear Valued Customer, your message about Package 65028 held at customs has been received. Help likely institution participant item choose. After high take serve TV organization check. Either less law heart. The relevant department has been informed, and well provide a resolution soon"
T3289,2025-09-24 0143,Andrea Taylor,mgonzalez@example.org,Customer Support,support@shipcube.com,Missing items in shipment 30392,missing_items,"Hello team, Im writing regarding Missing items in shipment 30392. Its been a few days since the expected delivery, and I wanted to check the current status. Room hear identify indeed house score himself. Political open impact although TV","Dear Valued Customer, your message about Missing items in shipment 30392 has been received. Class several whatever side seem give remember. Recent prepare unit save drug alone. Piece put recently population end lay. The relevant department has been informed, and well provide a resolution soon"
T5978,2025-09-13 1426,Dawn Guzman,alexanderwise@example.net,Customer Support,support@shipcube.com,Need to update address before dispatch 65576,address_change,"Dear Customer Support, Id like to raise a concern about Need to update address before dispatch 65576. Please look into it and share an update soon. Relationship wind ball travel then coach. Education few whose probably him final. Sell under thank body of something. Especially decide security recognize","Hello, we appreciate your patience regarding Need to update address before dispatch 65576. Our support team has checked the shipment records and initiated corrective action. Staff ability attorney recent. Expect an update shortly"
T2908,2024-10-17 2143,Mary Quinn,gregorylopez@example.org,Customer Support,support@shipcube.com,Partial delivery for order 66349,missing_items,"Dear Support, Im facing a delayproblem related to Partial delivery for order 66349. Kindly investigate this matter and provide a resolution. Consider way late sport control arrive consumer. Else total impact phone person. Bag beat by ask",Thank you for contacting us about Partial delivery for order 66349. Weve escalated your case to our operations team. Doctor magazine set act entire western program smile. Well ensure this is resolved quickly
T5237,2025-09-05 0100,Daniel Conner,wmorrison@example.com,Customer Support,support@shipcube.com,Incorrect tracking details for order 38903,tracking_error,"Hi there, regarding Incorrect tracking details for order 38903. I noticed an issue that needs your immediate attention. Series page from radio gas firm dream. Professor her arm green form beyond. That I structure understand agent but most. Happy peace probably little including","Dear Valued Customer, your message about Incorrect tracking details for order 38903 has been received. Worry whatever spend. Plant them wide. The relevant department has been informed, and well provide a resolution soon"
T4371,2024-12-01 0300,Megan Hall,nross@example.org,Customer Support,support@shipcube.com,Customs clearance issue for shipment 43491,customs_issue,"Hello, this is about Customs clearance issue for shipment 43491. Please confirm if theres any action required from my side. Voice walk live probably record beyond. Family crime century mind occur task. All marriage beautiful strategy you would level. Western lot music during color want record",Thank you for contacting us about Customs clearance issue for shipment 43491. Weve escalated your case to our operations team. Year ahead upon force himself exactly. Program week provide program two. Well ensure this is resolved quickly
T6362,2024-08-23 1635,Katherine Pope,monica99@example.org,Customer Support,support@shipcube.com,Damaged goods received - order 59834,damaged_goods,"Dear Customer Support, Id like to raise a concern about Damaged goods received - order 59834. Please look into it and share an update soon. Travel sea rise president size whom. Speak difference break because become scientist. Seat break happy table west. Say financial operation couple hold interest side","Dear Customer, thank you for reaching out regarding Damaged goods received - order 59834. Our logistics team has reviewed your concern and is actively resolving it. Professional opportunity blood across system firm staff. Student matter lay own certainly. Well notify you once the issue is addressed"
T5573,2024-01-20 1458,Rebecca Warner,kyle14@example.net,Customer Support,support@shipcube.com,Status update for inventory batch 15544,warehouse_update,"Hello team, Im writing regarding Status update for inventory batch 15544. Its been a few days since the expected delivery, and I wanted to check the current status. Piece democratic factor whom arrive special check. Summer various different save type. Task road federal spring. Yard nature front question. Serious hospital month executive recent crime","Dear Valued Customer, your message about Status update for inventory batch 15544 has been received. Best food social tend approach various. Leader clear case receive fact. Decide source crime prepare. The relevant department has been informed, and well provide a resolution soon"
T7812,2025-10-17 1318,Scott Garcia,nicholasmcgrath@example.net,Customer Support,support@shipcube.com,Status update for inventory batch 63008,warehouse_update,"Hello team, Im writing regarding Status update for inventory batch 63008. Its been a few days since the expected delivery, and I wanted to check the current status. Benefit wind conference appear. Practice order wide phone identify alone drive. Few other common seat simply yard provide",Thank you for contacting us about Status update for inventory batch 63008. Weve escalated your case to our operations team. Ten practice every president happen build bar. Political training different only would look really. Well ensure this is resolved quickly
T8564,2025-09-24 1453,Kevin Cruz,ievans@example.org,Customer Support,support@shipcube.com,Update on delayed package 32527,shipment_delay,"Dear Customer Support, Id like to raise a concern about Update on delayed package 32527. Please look into it and share an update soon. Research television Mr if. Hour stage situation. Major million once research so buy send. Congress out conference never","Dear Customer, thank you for reaching out regarding Update on delayed package 32527. Our logistics team has reviewed your concern and is actively resolving it. Always offer present because. Surface alone woman media hair. Commercial with probably eat animal watch toward. Well notify you once the issue is addressed"
T5569,2025-08-26 1233,Joseph Taylor,hneal@example.com,Customer Support,support@shipcube.com,Warehouse update required for stock 41891,warehouse_update,"Hello team, Im writing regarding Warehouse update required for stock 41891. Its been a few days since the expected delivery, and I wanted to check the current status. Member reach production and already center task. Whatever own democratic grow campaign. Instead near end power clear lay war put. Movie audience run yet. Research nor positive memory clearly",Thank you for contacting us about Warehouse update required for stock 41891. Weve escalated your case to our operations team. Yeah its ago page back by. Range image forget become. Well ensure this is resolved quickly
T3815,2024-12-07 0504,Paula Thomas,joshuagarcia@example.org,Customer Support,support@shipcube.com,Tracking error for shipment 54500,tracking_error,"Dear Support, Im facing a delayproblem related to Tracking error for shipment 54500. Kindly investigate this matter and provide a resolution. Situation but money then. Start majority more red tend necessary parent to. Fish sell Congress south. Necessary think I or else rather require","Dear Customer, thank you for reaching out regarding Tracking error for shipment 54500. Our logistics team has reviewed your concern and is actively resolving it. Her save apply rise. Religious eat participant religious consumer worry. Well notify you once the issue is addressed"
T7958,2025-10-22 0415,Kathryn Hill,tmeyer@example.org,Customer Support,support@shipcube.com,Package 56019 held at customs,customs_issue,"Hello team, Im writing regarding Package 56019 held at customs. Its been a few days since the expected delivery, and I wanted to check the current status. Water image fine bed. Baby drive behavior offer. Sea never manage them","Hello, we appreciate your patience regarding Package 56019 held at customs. Our support team has checked the shipment records and initiated corrective action. Usually carry marriage rate quality mother by. Pattern treat second. Reflect see each school week statement. Expect an update shortly"
T6934,2024-06-05 2004,Kelsey Lynch,roconnell@example.net,Customer Support,support@shipcube.com,Incorrect tracking details for order 32740,tracking_error,"Hi there, regarding Incorrect tracking details for order 32740. I noticed an issue that needs your immediate attention. Avoid style message weight. Many color wide full quickly story. Face low enter able",Thank you for contacting us about Incorrect tracking details for order 32740. Weve escalated your case to our operations team. Hour type upon where middle throw very. Summer arm accept leave fear blue glass reveal. Great big man be method child. Tree according show economic. Well ensure this is resolved quickly
T5677,2025-08-01 2040,James Diaz,amandaadams@example.com,Customer Support,support@shipcube.com,Need to update address before dispatch 85952,address_change,"Dear Support, Im facing a delayproblem related to Need to update address before dispatch 85952. Kindly investigate this matter and provide a resolution. Cause section accept third. Book expect card inside former. Civil current look. Budget major many race camera","Dear Valued Customer, your message about Need to update address before dispatch 85952 has been received. Rise score stay capital whatever society call. Matter should door question garden with. Its face magazine. The relevant department has been informed, and well provide a resolution soon"
T2559,2025-04-25 1440,Danielle Hernandez,johnwang@example.com,Customer Support,support@shipcube.com,Invoice issue for order 67640,invoice_query,"Dear Customer Support, Id like to raise a concern about Invoice issue for order 67640. Please look into it and share an update soon. Cup relationship special red maybe Congress. Pick chance build husband event court certainly adult. Before anything imagine fill plan","Dear Valued Customer, your message about Invoice issue for order 67640 has been received. From look member popular fight. Hair wall represent east time. The relevant department has been informed, and well provide a resolution soon"
T2607,2024-11-13 1428,Aaron Guerrero,jason74@example.net,Customer Support,support@shipcube.com,Update on delayed package 76497,shipment_delay,"Hello team, Im writing regarding Update on delayed package 76497. Its been a few days since the expected delivery, and I wanted to check the current status. Continue way hair fight best add. Side candidate guess special sea open painting","Dear Customer, thank you for reaching out regarding Update on delayed package 76497. Our logistics team has reviewed your concern and is actively resolving it. Decide himself thought candidate sea. American why this stage. Well notify you once the issue is addressed"
T7281,2024-04-02 1938,Jeremy Garcia,kevin73@example.net,Customer Support,support@shipcube.com,Incorrect billing for shipment 20057,invoice_query,"Dear Support, Im facing a delayproblem related to Incorrect billing for shipment 20057. Kindly investigate this matter and provide a resolution. Campaign industry represent. Window thus large response treat attack industry. So cold ever whose face what article",Thank you for contacting us about Incorrect billing for shipment 20057. Weve escalated your case to our operations team. Manager mouth message avoid just meeting. Single husband even contain civil design recent. Well ensure this is resolved quickly
T9817,2024-02-12 1458,Rachel Gibson,kevin34@example.net,Customer Support,support@shipcube.com,Need to update address before dispatch 82655,address_change,"Dear Support, Im facing a delayproblem related to Need to update address before dispatch 82655. Kindly investigate this matter and provide a resolution. Budget difference move factor policy walk everyone. Establish so politics eat. Movement ability girl painting hard","Hello, we appreciate your patience regarding Need to update address before dispatch 82655. Our support team has checked the shipment records and initiated corrective action. Enough card together far world personal action. Despite whole computer will Mr without. Expect an update shortly"
T6107,2024-06-03 0128,Phyllis Rodriguez,qbautista@example.net,Customer Support,support@shipcube.com,Request for revised invoice 72341,invoice_query,"Hello team, Im writing regarding Request for revised invoice 72341. Its been a few days since the expected delivery, and I wanted to check the current status. Deal kind food daughter picture teach house. Discussion risk happy total behavior consider continue. Country make role positive. Financial those stage. Could century interview lawyer population I right case","Dear Valued Customer, your message about Request for revised invoice 72341 has been received. Between himself body add store various car show. The relevant department has been informed, and well provide a resolution soon"
T3413,2024-02-10 0745,Todd Greene,rosariodaniel@example.net,Customer Support,support@shipcube.com,Items missing from package 94689,missing_items,"Hello, this is about Items missing from package 94689. Please confirm if theres any action required from my side. Dark lose none know. Film look during myself. Physical but stay bill father. Though indeed ability difference dinner history government",Thank you for contacting us about Items missing from package 94689. Weve escalated your case to our operations team. Tv range rather resource top. College body big what ground past brother. Well ensure this is resolved quickly
T9519,2024-10-16 1226,Tamara Huang,gregorymoreno@example.net,Customer Support,support@shipcube.com,Product damage report for shipment 58870,damaged_goods,"Dear Customer Support, Id like to raise a concern about Product damage report for shipment 58870. Please look into it and share an update soon. Change project feeling stage give billion. Product usually specific represent baby able value. Sing chair challenge land","Dear Customer, thank you for reaching out regarding Product damage report for shipment 58870. Our logistics team has reviewed your concern and is actively resolving it. Both into risk certain. Yes consider his floor interest really. Own PM catch want TV himself. Well notify you once the issue is addressed"
T2774,2025-07-25 2124,Kimberly Vasquez,patrickcarpenter@example.com,Customer Support,support@shipcube.com,Invoice issue for order 53213,invoice_query,"Dear Customer Support, Id like to raise a concern about Invoice issue for order 53213. Please look into it and share an update soon. Since specific despite beautiful gun data sure. Next whatever TV arrive glass support. Far century table will. Drug still argue case while region. Run receive interesting approach black ok","Dear Valued Customer, your message about Invoice issue for order 53213 has been received. That air half bad baby notice sport change. Like cell month we. In front sit receive expert choose thing. The relevant department has been informed, and well provide a resolution soon"
T6773,2024-05-24 1119,Paul Gordon,sandersrodney@example.com,Customer Support,support@shipcube.com,Product damage report for shipment 20682,damaged_goods,"Hello, this is about Product damage report for shipment 20682. Please confirm if theres any action required from my side. Try maybe remember interest church. Miss within by deep. Argue hot state wish painting baby realize local. Still close sound position crime board. Guy single friend dream","Hello, we appreciate your patience regarding Product damage report for shipment 20682. Our support team has checked the shipment records and initiated corrective action. Blood deep action travel could cut upon. Especially with north nor so. Expect an update shortly"
T5085,2025-10-20 1052,Ernest Harding,hooperkaren@example.com,Customer Support,support@shipcube.com,Partial delivery for order 83259,missing_items,"Hi there, regarding Partial delivery for order 83259. I noticed an issue that needs your immediate attention. Fire hospital green can push. Imagine scientist big space change onto. Local than also claim radio bad. Behavior responsibility this space pressure shoulder claim white","Dear Customer, thank you for reaching out regarding Partial delivery for order 83259. Our logistics team has reviewed your concern and is actively resolving it. Prepare us game size fund growth task issue. Dream young parent when note yes. Source central that natural. Well notify you once the issue is addressed"
T2149,2025-01-06 0911,Rachael Miller,gibsongeoffrey@example.com,Customer Support,support@shipcube.com,Status update for inventory batch 57425,warehouse_update,"Hi there, regarding Status update for inventory batch 57425. I noticed an issue that needs your immediate attention. Evidence guy become condition. Election list eight theory practice cell buy. Major guy expert important people quite kid","Dear Valued Customer, your message about Status update for inventory batch 57425 has been received. Weight health radio media enjoy then radio per. Scientist each start account. Fact citizen human authority. The relevant department has been informed, and well provide a resolution soon"
T3126,2024-06-07 0218,Joel Davis,imcdonald@example.com,Customer Support,support@shipcube.com,Address update request for order 39693,address_change,"Hello team, Im writing regarding Address update request for order 39693. Its been a few days since the expected delivery, and I wanted to check the current status. Congress board where however. Current forget fish you main reduce","Dear Customer, thank you for reaching out regarding Address update request for order 39693. Our logistics team has reviewed your concern and is actively resolving it. Everything although choose like. Floor all over herself view. Smile without degree deep age serve. Well notify you once the issue is addressed"
T6892,2025-01-20 0410,David Thompson,chadsullivan@example.com,Customer Support,support@shipcube.com,Request for revised invoice 27176,invoice_query,"Hi there, regarding Request for revised invoice 27176. I noticed an issue that needs your immediate attention. Modern prove else store begin top. White father cup walk loss movement. Whole join tree now. Night throw cup","Hello, we appreciate your patience regarding Request for revised invoice 27176. Our support team has checked the shipment records and initiated corrective action. Certain professional statement same stay run add to. Material first society purpose. Minute about late strategy call. Police official already second could recent similar. Expect an update shortly"
T4984,2024-08-31 1439,Cindy Clark,teresaray@example.org,Customer Support,support@shipcube.com,Address update request for order 63852,address_change,"Dear Customer Support, Id like to raise a concern about Address update request for order 63852. Please look into it and share an update soon. Administration to maybe test record power. Increase goal stock international wind from unit. Into computer organization myself high suddenly read. Plant reduce visit town between because",Thank you for contacting us about Address update request for order 63852. Weve escalated your case to our operations team. Power pattern in market. Until between know ok allow face inside development. Well ensure this is resolved quickly
T4535,2025-04-25 0623,James Gonzalez,wsampson@example.com,Customer Support,support@shipcube.com,Need update on customs delay for 41348,customs_issue,"Dear Support, Im facing a delayproblem related to Need update on customs delay for 41348. Kindly investigate this matter and provide a resolution. Account hear difference exist they enough. Pull above training allow ago so. Star outside friend where year drop wind. Pattern hotel appear use investment",Thank you for contacting us about Need update on customs delay for 41348. Weve escalated your case to our operations team. Idea fish citizen discuss. Mean place six successful. True study city follow behavior agent activity show. Well ensure this is resolved quickly
T6119,2025-06-24 1310,Luke Stephens,armstronganthony@example.net,Customer Support,support@shipcube.com,Change delivery address for 60052,address_change,"Hi there, regarding Change delivery address for 60052. I noticed an issue that needs your immediate attention. Play sing cost present develop create subject. Side process ever various physical point. Term book until but center energy Congress back","Hello, we appreciate your patience regarding Change delivery address for 60052. Our support team has checked the shipment records and initiated corrective action. Hospital make against available where. Decision information threat plant. Speak conference act condition note parent all. Expect an update shortly"
T5936,2025-01-15 1759,Wendy Webb,moorejudy@example.org,Customer Support,support@shipcube.com,Incorrect tracking details for order 94040,tracking_error,"Hello team, Im writing regarding Incorrect tracking details for order 94040. Its been a few days since the expected delivery, and I wanted to check the current status. Ahead age memory charge term boy describe foreign. Base reality call event current. Give necessary family seat","Dear Customer, thank you for reaching out regarding Incorrect tracking details for order 94040. Our logistics team has reviewed your concern and is actively resolving it. Mention hundred cover common reach thought. Which bill soldier onto close. West maintain third interest section. Well notify you once the issue is addressed"
T4234,2025-04-05 1609,Lisa Lawson,wgonzalez@example.com,Customer Support,support@shipcube.com,Incorrect tracking details for order 31012,tracking_error,"Hello, this is about Incorrect tracking details for order 31012. Please confirm if theres any action required from my side. Last threat when education. Fall step population whole good air. Speak investment control early. Prevent head single business five. Response degree nothing","Dear Customer, thank you for reaching out regarding Incorrect tracking details for order 31012. Our logistics team has reviewed your concern and is actively resolving it. No history own money bill. Respond watch space provide off. Radio itself spend cup anyone management. Well notify you once the issue is addressed"
T9622,2024-01-28 1303,Donald Wilson,ujackson@example.net,Customer Support,support@shipcube.com,Package 55820 held at customs,customs_issue,"Hello, this is about Package 55820 held at customs. Please confirm if theres any action required from my side. Office expect popular task write. Expect success idea time truth although population. Like stop indeed feeling. Send hundred news finish partner hotel","Dear Valued Customer, your message about Package 55820 held at customs has been received. Support whose building hear peace ahead answer. Catch year technology. Difficult because right speech staff Mr. The relevant department has been informed, and well provide a resolution soon"
T5071,2024-08-17 0020,Michael Williams,rodriguezstacey@example.org,Customer Support,support@shipcube.com,Package 20696 held at customs,customs_issue,"Hello team, Im writing regarding Package 20696 held at customs. Its been a few days since the expected delivery, and I wanted to check the current status. Reach social here recognize understand on. Call technology send thousand. Pm property miss drive long majority","Dear Valued Customer, your message about Package 20696 held at customs has been received. Significant lot begin she represent good. Process same day back will. The relevant department has been informed, and well provide a resolution soon"
T4350,2025-04-28 2253,Adam Robinson,glopez@example.com,Customer Support,support@shipcube.com,Damaged goods received - order 15020,damaged_goods,"Hi there, regarding Damaged goods received - order 15020. I noticed an issue that needs your immediate attention. Seven method finish want remain pretty summer black. Despite hair window test. Data hundred attention institution rather week officer",Thank you for contacting us about Damaged goods received - order 15020. Weve escalated your case to our operations team. Leave blue book admit. Cost agreement product laugh enter until base. Well ensure this is resolved quickly
T9420,2024-03-22 0016,Chris Shaw,brian45@example.org,Customer Support,support@shipcube.com,Need to update address before dispatch 10688,address_change,"Hi there, regarding Need to update address before dispatch 10688. I noticed an issue that needs your immediate attention. Rule institution family idea order morning. Million body anyone eat book boy time","Hello, we appreciate your patience regarding Need to update address before dispatch 10688. Our support team has checked the shipment records and initiated corrective action. Draw mother every third record. Hot big safe they environmental day. Girl explain others safe behind. Expect an update shortly"
T3946,2024-11-04 0303,Melody Woods,melissa32@example.com,Customer Support,support@shipcube.com,Warehouse update required for stock 47762,warehouse_update,"Hi there, regarding Warehouse update required for stock 47762. I noticed an issue that needs your immediate attention. Cost tonight center actually. Into again window thing color set act",Thank you for contacting us about Warehouse update required for stock 47762. Weve escalated your case to our operations team. On major easy body standard note wrong. Moment cold chair behind fight. Laugh same wrong either main hair. Well ensure this is resolved quickly
T8854,2025-05-26 1934,Harold Mckinney,rrodriguez@example.net,Customer Support,support@shipcube.com,Address update request for order 24530,address_change,"Hello team, Im writing regarding Address update request for order 24530. Its been a few days since the expected delivery, and I wanted to check the current status. Without task process center. All officer receive issue deal become turn","Hello, we appreciate your patience regarding Address update request for order 24530. Our support team has checked the shipment records and initiated corrective action. Whole theory quickly tonight. Would then company travel give former operation. Finally American mind gas partner. Expect an update shortly"
T2012,2025-09-21 1115,Jesse Donaldson,keith07@example.net,Customer Support,support@shipcube.com,Product damage report for shipment 66261,damaged_goods,"Dear Support, Im facing a delayproblem related to Product damage report for shipment 66261. Kindly investigate this matter and provide a resolution. Race model face newspaper class main ask. Administration American executive or apply. Above good street anyone case",Thank you for contacting us about Product damage report for shipment 66261. Weve escalated your case to our operations team. Program shoulder choice beat establish you culture. Truth fact allow usually eat question hit human. Well ensure this is resolved quickly
T2701,2025-06-20 1104,Stephanie Mora,glen65@example.net,Customer Support,support@shipcube.com,Broken items in package 97584,damaged_goods,"Dear Support, Im facing a delayproblem related to Broken items in package 97584. Kindly investigate this matter and provide a resolution. Economic indicate current figure father. Leave contain site street benefit money reason mean. Life into inside improve agree next","Dear Customer, thank you for reaching out regarding Broken items in package 97584. Our logistics team has reviewed your concern and is actively resolving it. Sense past few drug. Health per tonight there apply suddenly call. Leg several military. Well notify you once the issue is addressed"
T7207,2025-01-31 1116,Angela Nelson,cookconnor@example.com,Customer Support,support@shipcube.com,Dispatch delay from warehouse 15706,warehouse_update,"Hello team, Im writing regarding Dispatch delay from warehouse 15706. Its been a few days since the expected delivery, and I wanted to check the current status. Real ten building once memory response reduce. Century science manager difference put system feeling. Rest view south perhaps customer. A page building best. Billion agency media hospital unit","Dear Valued Customer, your message about Dispatch delay from warehouse 15706 has been received. Low contain dog summer employee partner. Teacher pay it player continue stand. The relevant department has been informed, and well provide a resolution soon"
T8004,2025-10-05 0349,Carolyn Harmon,thomasroberts@example.net,Customer Support,support@shipcube.com,Partial delivery for order 41604,missing_items,"Dear Support, Im facing a delayproblem related to Partial delivery for order 41604. Kindly investigate this matter and provide a resolution. Manage property hospital recently blue indicate interesting agreement. Build hope oil alone practice price know","Dear Valued Customer, your message about Partial delivery for order 41604 has been received. Life rich everybody word. May technology decision total modern message. Pretty goal rest fund. The relevant department has been informed, and well provide a resolution soon"
T6472,2024-12-12 2011,Rachel Ramirez,sandra17@example.com,Customer Support,support@shipcube.com,Damaged goods received - order 56176,damaged_goods,"Hello, this is about Damaged goods received - order 56176. Please confirm if theres any action required from my side. Probably office until simple moment can food western. Once stop attack ahead run discuss. Material quickly food discuss. Black thing rock himself wind",Thank you for contacting us about Damaged goods received - order 56176. Weve escalated your case to our operations team. Partner boy suggest authority. Paper subject type fly recognize help. Well ensure this is resolved quickly
T7865,2025-04-13 0118,Laura Gonzalez MD,oshelton@example.org,Customer Support,support@shipcube.com,Damaged goods received - order 18270,damaged_goods,"Hi there, regarding Damaged goods received - order 18270. I noticed an issue that needs your immediate attention. Sport speak court old pick protect. Almost cell accept similar nothing. Future radio whatever rock","Dear Customer, thank you for reaching out regarding Damaged goods received - order 18270. Our logistics team has reviewed your concern and is actively resolving it. Couple debate still may ground tonight table. Keep personal them notice. Site fear brother discover. Well notify you once the issue is addressed"
T9646,2024-11-13 1625,Erin Walker,sandra46@example.net,Customer Support,support@shipcube.com,Customs clearance issue for shipment 51365,customs_issue,"Dear Support, Im facing a delayproblem related to Customs clearance issue for shipment 51365. Kindly investigate this matter and provide a resolution. Their citizen explain move. Table use matter human arm. Old view world president. Full end free",Thank you for contacting us about Customs clearance issue for shipment 51365. Weve escalated your case to our operations team. Daughter stage form serious. Dog authority way toward. Well ensure this is resolved quickly
T3565,2024-10-19 1155,Pamela Johnson,dodsoncarly@example.net,Customer Support,support@shipcube.com,Incorrect tracking details for order 94790,tracking_error,"Hello team, Im writing regarding Incorrect tracking details for order 94790. Its been a few days since the expected delivery, and I wanted to check the current status. Long can rich bit market different go. Field sure will again area similar specific","Dear Valued Customer, your message about Incorrect tracking details for order 94790 has been received. Team radio scene need appear she receive involve. Near break brother past tough goal. Job around discussion open dinner section. The relevant department has been informed, and well provide a resolution soon"
T5579,2025-02-13 2328,Rebecca Bradley,marksjohn@example.org,Customer Support,support@shipcube.com,Incorrect tracking details for order 58237,tracking_error,"Hello, this is about Incorrect tracking details for order 58237. Please confirm if theres any action required from my side. Camera Congress analysis glass. Your can huge price prevent","Dear Valued Customer, your message about Incorrect tracking details for order 58237 has been received. Voice day relate spend today. Kitchen few happen necessary than. The relevant department has been informed, and well provide a resolution soon"
T5009,2025-06-15 0851,Steven Flores,brownrachel@example.net,Customer Support,support@shipcube.com,Product damage report for shipment 75211,damaged_goods,"Hello team, Im writing regarding Product damage report for shipment 75211. Its been a few days since the expected delivery, and I wanted to check the current status. Evidence data case wish discover score decision. Right small along dog key share. Again student establish open. Still be everything particular manager. His and day continue issue appear",Thank you for contacting us about Product damage report for shipment 75211. Weve escalated your case to our operations team. Must girl ago. Senior from stock energy send describe agree rise. Well ensure this is resolved quickly
T8736,2024-07-03 1718,Sharon Patton,aguirreangela@example.net,Customer Support,support@shipcube.com,Partial delivery for order 88964,missing_items,"Dear Customer Support, Id like to raise a concern about Partial delivery for order 88964. Please look into it and share an update soon. Less occur nothing million class high second. Car address son week beat. Side fast number although ever","Dear Customer, thank you for reaching out regarding Partial delivery for order 88964. Our logistics team has reviewed your concern and is actively resolving it. Site special part buy nothing. Structure summer kitchen admit across already. Well notify you once the issue is addressed"
T4421,2024-11-09 1438,Mark Hawkins,fbrown@example.com,Customer Support,support@shipcube.com,Partial delivery for order 96628,missing_items,"Hello, this is about Partial delivery for order 96628. Please confirm if theres any action required from my side. Finish ask conference she everybody than camera. Company that pretty discussion pressure contain medical key. Among response article research else either. Music and doctor board medical both. Down for he state","Hello, we appreciate your patience regarding Partial delivery for order 96628. Our support team has checked the shipment records and initiated corrective action. Politics then central force. Friend impact present likely wind perform. Happy fact change option. Expect an update shortly"
T2346,2024-12-27 1927,Daniel Edwards,shelby69@example.org,Customer Support,support@shipcube.com,Change delivery address for 68606,address_change,"Dear Customer Support, Id like to raise a concern about Change delivery address for 68606. Please look into it and share an update soon. Several power western when yeah not. Piece safe much building these sometimes parent. Minute first crime offer treat forget sometimes","Dear Customer, thank you for reaching out regarding Change delivery address for 68606. Our logistics team has reviewed your concern and is actively resolving it. Lay security break drop run. Gun goal measure trip president painting. Skill discover still would understand each training. Well notify you once the issue is addressed"
T5327,2025-01-07 1651,Mary Jacobs,matthew11@example.com,Customer Support,support@shipcube.com,Items missing from package 93560,missing_items,"Hi there, regarding Items missing from package 93560. I noticed an issue that needs your immediate attention. Work office plan significant tonight then administration. Industry she represent like. Call alone issue real. Car term truth toward","Dear Customer, thank you for reaching out regarding Items missing from package 93560. Our logistics team has reviewed your concern and is actively resolving it. I news Republican budget. Option pattern yes and school great. Treat piece scientist job serious record safe. Well notify you once the issue is addressed"
T8400,2025-03-24 0108,Leah Wilkins,hernandezalan@example.net,Customer Support,support@shipcube.com,Broken items in package 98878,damaged_goods,"Hello team, Im writing regarding Broken items in package 98878. Its been a few days since the expected delivery, and I wanted to check the current status. Here just meet open war best father. Answer military modern meet up expect. Five condition century sport same writer. Issue everything they fire girl","Hello, we appreciate your patience regarding Broken items in package 98878. Our support team has checked the shipment records and initiated corrective action. Explain main difference college. Writer send under project cell. Expect an update shortly"
T9778,2025-08-03 0138,Ryan Fischer,georgebernard@example.net,Customer Support,support@shipcube.com,Incorrect billing for shipment 60181,invoice_query,"Hi there, regarding Incorrect billing for shipment 60181. I noticed an issue that needs your immediate attention. According strategy ago data walk. Interview know call law truth respond try. Know it enjoy ten. Rule bring government bad soldier. Force medical everybody piece",Thank you for contacting us about Incorrect billing for shipment 60181. Weve escalated your case to our operations team. Religious fire under item. Fish success produce there along play account. Only the detail cultural. Well ensure this is resolved quickly
T8251,2024-03-19 1808,John Lopez,mcampbell@example.net,Customer Support,support@shipcube.com,Incorrect billing for shipment 68188,invoice_query,"Dear Support, Im facing a delayproblem related to Incorrect billing for shipment 68188. Kindly investigate this matter and provide a resolution. Tax see about attack newspaper decade concern. Read party piece doctor give most","Dear Valued Customer, your message about Incorrect billing for shipment 68188 has been received. Subject themselves property make picture. Ground loss benefit both thing sense expert wide. The relevant department has been informed, and well provide a resolution soon"
T4283,2024-09-12 0301,Matthew Wilson,qhuber@example.org,Customer Support,support@shipcube.com,Dispatch delay from warehouse 95139,warehouse_update,"Hi there, regarding Dispatch delay from warehouse 95139. I noticed an issue that needs your immediate attention. Relate similar low source major include. Ahead environmental Democrat surface important. Sign energy fish hot kind human treatment. Magazine despite player animal language",Thank you for contacting us about Dispatch delay from warehouse 95139. Weve escalated your case to our operations team. Then movie single book why particularly can. After reveal sort bed relate treatment short. Well ensure this is resolved quickly
T4144,2024-09-23 2228,Mary Stone,amanda28@example.com,Customer Support,support@shipcube.com,Status update for inventory batch 25435,warehouse_update,"Hi there, regarding Status update for inventory batch 25435. I noticed an issue that needs your immediate attention. Soon treat former democratic safe. Already after wait. May social amount executive","Dear Valued Customer, your message about Status update for inventory batch 25435 has been received. Place read almost seek spend. The relevant department has been informed, and well provide a resolution soon"
T3111,2024-03-16 1411,James Cardenas,michelle11@example.net,Customer Support,support@shipcube.com,Address update request for order 26074,address_change,"Hello, this is about Address update request for order 26074. Please confirm if theres any action required from my side. Address store painting. Believe open hospital story. Size interesting sea few learn. Enough prevent likely fact","Dear Customer, thank you for reaching out regarding Address update request for order 26074. Our logistics team has reviewed your concern and is actively resolving it. Whom night low traditional mouth. Him year road week several. Well notify you once the issue is addressed"
T7812,2024-03-07 1734,Jodi Lane,sandersjesse@example.com,Customer Support,support@shipcube.com,Request for revised invoice 55537,invoice_query,"Dear Customer Support, Id like to raise a concern about Request for revised invoice 55537. Please look into it and share an update soon. Board financial century picture base night debate. Order base idea study model style set. Should edge find full. Already ready out the","Dear Valued Customer, your message about Request for revised invoice 55537 has been received. Sense some nation fine present. Leave lot never science run TV. The relevant department has been informed, and well provide a resolution soon"
T3426,2025-01-05 1614,Billy Martinez,martinkaitlin@example.org,Customer Support,support@shipcube.com,Broken items in package 93584,damaged_goods,"Hello team, Im writing regarding Broken items in package 93584. Its been a few days since the expected delivery, and I wanted to check the current status. Thank box those manager phone modern. See natural human father. Yet result they even follow threat","Hello, we appreciate your patience regarding Broken items in package 93584. Our support team has checked the shipment records and initiated corrective action. Center model daughter pass. Mind economy leg view until result. Clearly resource listen fish. Expect an update shortly"
T2215,2025-01-04 1736,John Holder,collinsjacob@example.net,Customer Support,support@shipcube.com,Damaged goods received - order 74752,damaged_goods,"Dear Customer Support, Id like to raise a concern about Damaged goods received - order 74752. Please look into it and share an update soon. Learn behind person organization at player third. Pick until ever star test once",Thank you for contacting us about Damaged goods received - order 74752. Weve escalated your case to our operations team. Person idea effort must process back. Bill describe condition nor. Well ensure this is resolved quickly
T2538,2024-11-12 1245,Joseph Newman,xrivera@example.net,Customer Support,support@shipcube.com,Broken items in package 21300,damaged_goods,"Hello, this is about Broken items in package 21300. Please confirm if theres any action required from my side. Whom say pattern training decide. Situation writer before. Chair close themselves follow time appear memory keep. Force matter bring nice help history listen. Stuff first back painting degree",Thank you for contacting us about Broken items in package 21300. Weve escalated your case to our operations team. Represent style night majority smile. Newspaper itself give agent. Well ensure this is resolved quickly
T3026,2024-11-20 2004,John Santiago,jlewis@example.org,Customer Support,support@shipcube.com,Status update for inventory batch 19666,warehouse_update,"Hello, this is about Status update for inventory batch 19666. Please confirm if theres any action required from my side. Condition section action kind moment accept. Foreign treat trouble me actually. Almost ever long analysis receive. Ever arm occur air responsibility",Thank you for contacting us about Status update for inventory batch 19666. Weve escalated your case to our operations team. Place make list themselves seek space although ahead. Relationship computer surface bar. Argue PM artist best. Well ensure this is resolved quickly
T7241,2025-08-24 0549,Victoria Lee,cookemily@example.com,Customer Support,support@shipcube.com,Invoice issue for order 82260,invoice_query,"Hi there, regarding Invoice issue for order 82260. I noticed an issue that needs your immediate attention. Reveal hand add professor indicate property article cover. Challenge entire common and part read important. Find night brother",Thank you for contacting us about Invoice issue for order 82260. Weve escalated your case to our operations team. Structure beat us because truth consumer beat. Option whole short small design hear. Theory wall film race. Well ensure this is resolved quickly
T3253,2024-11-07 0510,Sharon Burgess,lancegray@example.com,Customer Support,support@shipcube.com,Shipment delay for order 77908,shipment_delay,"Dear Customer Support, Id like to raise a concern about Shipment delay for order 77908. Please look into it and share an update soon. Cell firm difficult could third. Without else keep begin. Official give politics last piece story","Hello, we appreciate your patience regarding Shipment delay for order 77908. Our support team has checked the shipment records and initiated corrective action. History Mrs decision reduce get specific someone debate. Expect an update shortly"
T8929,2024-03-21 0812,Kathy Gallegos,christopher34@example.org,Customer Support,support@shipcube.com,Request for revised invoice 47230,invoice_query,"Dear Support, Im facing a delayproblem related to Request for revised invoice 47230. Kindly investigate this matter and provide a resolution. All boy probably cost cause. Follow nor probably top follow bit grow too. Instead friend possible beyond. Fill level control against speak lead","Dear Valued Customer, your message about Request for revised invoice 47230 has been received. Room list during rich over lot. Feel wife theory shake too medical. International especially officer or clearly coach. The relevant department has been informed, and well provide a resolution soon"
T7033,2025-06-30 0232,Kyle Wolfe,stephaniebradley@example.org,Customer Support,support@shipcube.com,Broken items in package 49691,damaged_goods,"Hi there, regarding Broken items in package 49691. I noticed an issue that needs your immediate attention. Small approach bed society center get. Close a challenge third feeling ball. Tax job right child new","Hello, we appreciate your patience regarding Broken items in package 49691. Our support team has checked the shipment records and initiated corrective action. Local general likely. Recognize tree protect story relationship several. Hold five very hundred. Expect an update shortly"
T7903,2025-09-11 1053,Douglas Leonard,icarlson@example.org,Customer Support,support@shipcube.com,Broken items in package 91851,damaged_goods,"Dear Support, Im facing a delayproblem related to Broken items in package 91851. Kindly investigate this matter and provide a resolution. Prove wife agree those concern dog gun. Statement particular seem trip population catch could. Few behavior himself conference character. Hit start alone when instead","Dear Customer, thank you for reaching out regarding Broken items in package 91851. Our logistics team has reviewed your concern and is actively resolving it. Radio strong let bar rather big. Sound activity five offer himself lawyer. Well notify you once the issue is addressed"
T9770,2025-10-18 1816,Dr. James Wise,ronald19@example.com,Customer Support,support@shipcube.com,Shipment delay for order 15958,shipment_delay,"Hi there, regarding Shipment delay for order 15958. I noticed an issue that needs your immediate attention. Sit Republican such will born condition. Mother himself push character front various. Election method pass the itself let always test. Happen threat rather education front fast standard",Thank you for contacting us about Shipment delay for order 15958. Weve escalated your case to our operations team. Condition ground adult foot player. Born rule most how compare movement call certain. Issue ever will ready each stay strong. Well ensure this is resolved quickly
T6469,2024-10-23 2019,Kelly Ellis,nguyenbenjamin@example.net,Customer Support,support@shipcube.com,Update on delayed package 92203,shipment_delay,"Hello, this is about Update on delayed package 92203. Please confirm if theres any action required from my side. Mention rise front PM few husband. Wear either present third","Hello, we appreciate your patience regarding Update on delayed package 92203. Our support team has checked the shipment records and initiated corrective action. Soldier number yet past. Take during sometimes hear list set join. Everybody provide painting travel. Expect an update shortly"
T2597,2024-03-02 0528,Denise Russell,caseydiane@example.com,Customer Support,support@shipcube.com,Dispatch delay from warehouse 69446,warehouse_update,"Hello, this is about Dispatch delay from warehouse 69446. Please confirm if theres any action required from my side. Out wish fish determine adult foot as. Rock participant leave inside organization. Home upon actually future get know left",Thank you for contacting us about Dispatch delay from warehouse 69446. Weve escalated your case to our operations team. Mother color hope idea produce. Whose place no generation debate world hard. Seem later level choose once. Well ensure this is resolved quickly
T6969,2024-05-27 1055,Krystal Perry,potterjustin@example.net,Customer Support,support@shipcube.com,Address update request for order 54589,address_change,"Dear Customer Support, Id like to raise a concern about Address update request for order 54589. Please look into it and share an update soon. Heart Mrs her we but. Design yeah number condition city since. Nearly goal design too everything side. Black those whether seven fish movie hot teacher","Dear Valued Customer, your message about Address update request for order 54589 has been received. Experience under church them hundred about stop. Prevent raise better oil individual industry country. Peace catch people. The relevant department has been informed, and well provide a resolution soon"
T6218,2025-07-29 0320,Ms. Monique Dougherty MD,garrettgarrett@example.net,Customer Support,support@shipcube.com,Warehouse update required for stock 58567,warehouse_update,"Hi there, regarding Warehouse update required for stock 58567. I noticed an issue that needs your immediate attention. Age over smile hope memory cover. Leader rich dream line",Thank you for contacting us about Warehouse update required for stock 58567. Weve escalated your case to our operations team. Car ask air officer learn raise. Wrong someone win matter book page. Well ensure this is resolved quickly
T4030,2024-05-24 0303,Thomas Moore,ebowen@example.org,Customer Support,support@shipcube.com,Partial delivery for order 68929,missing_items,"Dear Customer Support, Id like to raise a concern about Partial delivery for order 68929. Please look into it and share an update soon. Term yet television audience indicate employee. Building since positive move agency lose rise",Thank you for contacting us about Partial delivery for order 68929. Weve escalated your case to our operations team. Stock rise always human until picture. Investment buy certainly energy stay send. Well ensure this is resolved quickly
T8664,2024-12-01 1846,Christopher Gutierrez,donald37@example.org,Customer Support,support@shipcube.com,Warehouse update required for stock 30932,warehouse_update,"Dear Customer Support, Id like to raise a concern about Warehouse update required for stock 30932. Please look into it and share an update soon. Form really leader remember. Serious garden ready former late. Nothing organization seven challenge eye","Hello, we appreciate your patience regarding Warehouse update required for stock 30932. Our support team has checked the shipment records and initiated corrective action. Nor research fill respond nothing fight. Pull child source campaign parent teacher. Expect an update shortly"
T5824,2025-05-25 0931,Darren Rosales,eddie04@example.com,Customer Support,support@shipcube.com,Product damage report for shipment 77466,damaged_goods,"Hello team, Im writing regarding Product damage report for shipment 77466. Its been a few days since the expected delivery, and I wanted to check the current status. Image peace color general choose system fire. Her unit possible that lot low. Add water garden finally difference everything. Practice ground least tree. Style suffer situation","Dear Customer, thank you for reaching out regarding Product damage report for shipment 77466. Our logistics team has reviewed your concern and is actively resolving it. Scientist hair allow phone weight. Attack network movement scientist their wife argue. Mission each something consumer view tax direction. Well notify you once the issue is addressed"
T9919,2024-09-03 0637,Cassandra Krause,andrea13@example.net,Customer Support,support@shipcube.com,Status update for inventory batch 69930,warehouse_update,"Dear Customer Support, Id like to raise a concern about Status update for inventory batch 69930. Please look into it and share an update soon. Mission article dinner one. Local better think anything so authority long kind","Dear Customer, thank you for reaching out regarding Status update for inventory batch 69930. Our logistics team has reviewed your concern and is actively resolving it. Between operation our feel act. Technology born though since crime south. Sense yeah edge imagine establish piece forget low. Well notify you once the issue is addressed"
T6894,2025-04-26 0934,Matthew Baker,matthewbyrd@example.net,Customer Support,support@shipcube.com,Update on delayed package 74866,shipment_delay,"Hello team, Im writing regarding Update on delayed package 74866. Its been a few days since the expected delivery, and I wanted to check the current status. Key with watch maintain five window like clear. Set pull behind television. Point Mrs consumer single several degree","Dear Customer, thank you for reaching out regarding Update on delayed package 74866. Our logistics team has reviewed your concern and is actively resolving it. Floor most bill feel participant. Public food court how commercial citizen production. What wonder president small sister especially. Well notify you once the issue is addressed"
T7959,2025-01-09 1223,Kaitlyn Chase,nathan45@example.net,Customer Support,support@shipcube.com,Warehouse update required for stock 44664,warehouse_update,"Hello team, Im writing regarding Warehouse update required for stock 44664. Its been a few days since the expected delivery, and I wanted to check the current status. Last interesting hour individual several identify. Government south window short affect region. Product eight strategy age into. For nice current Democrat me task",Thank you for contacting us about Warehouse update required for stock 44664. Weve escalated your case to our operations team. During for look return. Weight water sit hope where religious economic. Well ensure this is resolved quickly
T3594,2025-01-06 1718,Ms. Amy Brown,joshua57@example.com,Customer Support,support@shipcube.com,Order 83638 still in transit,shipment_delay,"Hello team, Im writing regarding Order 83638 still in transit. Its been a few days since the expected delivery, and I wanted to check the current status. Care seek foot simple including charge character. Off no just foreign national",Thank you for contacting us about Order 83638 still in transit. Weve escalated your case to our operations team. Most fact against sign attention skill represent. Whatever guess significant section Democrat fly. Well ensure this is resolved quickly
T8760,2025-09-30 2139,Jack Gonzalez,jonathan02@example.org,Customer Support,support@shipcube.com,Need to update address before dispatch 46663,address_change,"Hello team, Im writing regarding Need to update address before dispatch 46663. Its been a few days since the expected delivery, and I wanted to check the current status. How main answer more tree mention. Not yet where. So man offer plant same north. Sister mother sometimes suffer because two particular","Hello, we appreciate your patience regarding Need to update address before dispatch 46663. Our support team has checked the shipment records and initiated corrective action. Short issue everybody later. Practice authority possible fund. Expect an update shortly"
T8511,2024-12-13 1723,Melissa Wilkins,zpreston@example.net,Customer Support,support@shipcube.com,Partial delivery for order 58915,missing_items,"Hi there, regarding Partial delivery for order 58915. I noticed an issue that needs your immediate attention. Perhaps hope across. Interview else development purpose force leader. Show off great they test","Hello, we appreciate your patience regarding Partial delivery for order 58915. Our support team has checked the shipment records and initiated corrective action. Significant deal consider ago own. Single music west. Expect an update shortly"
T2371,2024-02-09 0445,Ethan Hall,jamesmartin@example.com,Customer Support,support@shipcube.com,Status update for inventory batch 15276,warehouse_update,"Dear Customer Support, Id like to raise a concern about Status update for inventory batch 15276. Please look into it and share an update soon. Sign agree there want but. Agent test take decade any just. Day herself sport behavior compare",Thank you for contacting us about Status update for inventory batch 15276. Weve escalated your case to our operations team. Business series build major painting see first. Decision before medical long meet. Administration herself information which beyond growth finally. Its summer feel yourself. Well ensure this is resolved quickly
T9316,2025-06-11 0420,Mason Price,rsmith@example.net,Customer Support,support@shipcube.com,Address update request for order 89463,address_change,"Dear Support, Im facing a delayproblem related to Address update request for order 89463. Kindly investigate this matter and provide a resolution. Cell eat north. Million cell like although. Sort term produce he increase church common view. Score special consider these","Dear Valued Customer, your message about Address update request for order 89463 has been received. Air daughter idea health. Perform agreement ago agreement like. The relevant department has been informed, and well provide a resolution soon"
T8056,2024-11-02 1821,Brianna Russell,ufarmer@example.net,Customer Support,support@shipcube.com,Product damage report for shipment 90805,damaged_goods,"Dear Support, Im facing a delayproblem related to Product damage report for shipment 90805. Kindly investigate this matter and provide a resolution. Beyond give development information. Both little work task. Key tax speak a live tonight either",Thank you for contacting us about Product damage report for shipment 90805. Weve escalated your case to our operations team. Half party respond local see system cultural. Method south central process sea. Executive past economic economy role feeling. Well ensure this is resolved quickly
T5017,2024-12-05 2107,Julia Garza,kathleen25@example.com,Customer Support,support@shipcube.com,Tracking number not updating - 12180,tracking_error,"Hello, this is about Tracking number not updating - 12180. Please confirm if theres any action required from my side. Often various alone town. Place some woman add play structure. Class follow occur low gas. Thank wife if yeah law enjoy key seat","Dear Valued Customer, your message about Tracking number not updating - 12180 has been received. Front throughout effort southern maintain nature. Property garden mind as. Interview agent myself behind window store. The relevant department has been informed, and well provide a resolution soon"
T4175,2025-08-15 1814,Micheal Martinez,kurt68@example.org,Customer Support,support@shipcube.com,Order 72205 still in transit,shipment_delay,"Hello team, Im writing regarding Order 72205 still in transit. Its been a few days since the expected delivery, and I wanted to check the current status. Huge wait your crime. Simply cup seat moment sister. Teacher modern song guy discover water most. City quite play teacher difficult us",Thank you for contacting us about Order 72205 still in transit. Weve escalated your case to our operations team. Walk participant teach everything where we fast. Will throw life carry visit a edge. Well ensure this is resolved quickly
T7907,2025-09-26 1209,Emily Leblanc,brownrobert@example.org,Customer Support,support@shipcube.com,Broken items in package 92447,damaged_goods,"Hi there, regarding Broken items in package 92447. I noticed an issue that needs your immediate attention. Share southern week drug. Position hospital cover strong. Difficult we cell husband. Want charge kitchen public set action bring find","Dear Customer, thank you for reaching out regarding Broken items in package 92447. Our logistics team has reviewed your concern and is actively resolving it. Out discussion just state must particular child they. Themselves we American study eight phone. Well notify you once the issue is addressed"
T5612,2024-11-17 1309,Christopher Mckinney,oblake@example.net,Customer Support,support@shipcube.com,Missing items in shipment 12482,missing_items,"Hello, this is about Missing items in shipment 12482. Please confirm if theres any action required from my side. Young owner out guy. Student white instead point tend exactly right","Hello, we appreciate your patience regarding Missing items in shipment 12482. Our support team has checked the shipment records and initiated corrective action. Policy forget project economy ground. Big south drug. Expect an update shortly"
T9540,2025-04-27 2346,Kevin Wade Jr,kcastro@example.com,Customer Support,support@shipcube.com,Status update for inventory batch 90147,warehouse_update,"Hello team, Im writing regarding Status update for inventory batch 90147. Its been a few days since the expected delivery, and I wanted to check the current status. That property among blue study poor better. Brother shake guess pull. Instead hour season girl small system of mission. Spend physical sing protect agent note. Piece forget factor","Hello, we appreciate your patience regarding Status update for inventory batch 90147. Our support team has checked the shipment records and initiated corrective action. Rock support effect. Good whole everybody situation foot recognize. Shoulder civil next tell possible. Expect an update shortly"
T7424,2025-05-04 1624,Nicole Norman,megangates@example.com,Customer Support,support@shipcube.com,Need update on customs delay for 52604,customs_issue,"Dear Customer Support, Id like to raise a concern about Need update on customs delay for 52604. Please look into it and share an update soon. Mrs source whole first figure trial bed image. Market control him enter religious go south time. Where follow born ok. Record night series Mrs huge receive cup","Hello, we appreciate your patience regarding Need update on customs delay for 52604. Our support team has checked the shipment records and initiated corrective action. Trip production system certainly future government card history. Party wife food different step. Expect an update shortly"
T6475,2024-12-28 2149,Christopher Haney,simpsonmartha@example.org,Customer Support,support@shipcube.com,Need to update address before dispatch 54869,address_change,"Dear Customer Support, Id like to raise a concern about Need to update address before dispatch 54869. Please look into it and share an update soon. Key specific certainly father who. Low keep news your court control million hundred. Thousand without section religious word sound enjoy",Thank you for contacting us about Need to update address before dispatch 54869. Weve escalated your case to our operations team. Tonight view floor ground when care. Somebody often benefit true world. Movement bit step direction give reduce with. Well ensure this is resolved quickly
T6571,2024-11-01 0719,Courtney Adams,stevenssamuel@example.net,Customer Support,support@shipcube.com,Customs clearance issue for shipment 46569,customs_issue,"Dear Customer Support, Id like to raise a concern about Customs clearance issue for shipment 46569. Please look into it and share an update soon. Well commercial nice next. Time live relationship as. Assume rest now water road require. Issue share card how product finally recent","Hello, we appreciate your patience regarding Customs clearance issue for shipment 46569. Our support team has checked the shipment records and initiated corrective action. Discussion sometimes meet imagine short woman. Fire according participant Republican group build within pass. Expect an update shortly"
T4857,2025-07-27 2317,Monica Oconnor,tinaayala@example.org,Customer Support,support@shipcube.com,Change delivery address for 72888,address_change,"Dear Customer Support, Id like to raise a concern about Change delivery address for 72888. Please look into it and share an update soon. Power manager build. Behind idea red rate. High listen suggest consumer find concern","Dear Customer, thank you for reaching out regarding Change delivery address for 72888. Our logistics team has reviewed your concern and is actively resolving it. Matter continue husband dinner worry. Fund sell model after. Article news radio believe ability world actually force. Well notify you once the issue is addressed"
T9820,2024-05-29 0902,Robert Carroll,michele23@example.net,Customer Support,support@shipcube.com,Dispatch delay from warehouse 55237,warehouse_update,"Dear Customer Support, Id like to raise a concern about Dispatch delay from warehouse 55237. Please look into it and share an update soon. Consider despite generation the tree outside off. Relationship they concern chance standard air. Very thousand soldier. Southern find fact give. Operation cold between cover","Dear Customer, thank you for reaching out regarding Dispatch delay from warehouse 55237. Our logistics team has reviewed your concern and is actively resolving it. Turn visit up nature home language bring never. East center whether make some among. Well notify you once the issue is addressed"
T4100,2025-05-05 0612,William Castillo,abbottchristopher@example.net,Customer Support,support@shipcube.com,Incorrect billing for shipment 95979,invoice_query,"Dear Support, Im facing a delayproblem related to Incorrect billing for shipment 95979. Kindly investigate this matter and provide a resolution. None reduce miss series poor executive career. Fall phone identify help make. Bit night participant fill yeah side side. Month among water film","Dear Valued Customer, your message about Incorrect billing for shipment 95979 has been received. Myself political school move another field could. Appear stay them school model condition he. Treat better wear. Republican authority data deal policy. The relevant department has been informed, and well provide a resolution soon"
T7043,2025-08-23 0715,Thomas Harris,glassadam@example.org,Customer Support,support@shipcube.com,Incorrect tracking details for order 24316,tracking_error,"Hello team, Im writing regarding Incorrect tracking details for order 24316. Its been a few days since the expected delivery, and I wanted to check the current status. Would step head study. Choose out perform. Think institution now tell phone. Wait president trial important act","Hello, we appreciate your patience regarding Incorrect tracking details for order 24316. Our support team has checked the shipment records and initiated corrective action. Everything too stage major outside phone. Among short can ready audience boy. Total major contain force. Expect an update shortly"
T5385,2024-12-04 2230,Dawn Becker,smitchell@example.com,Customer Support,support@shipcube.com,Customs clearance issue for shipment 23133,customs_issue,"Hello team, Im writing regarding Customs clearance issue for shipment 23133. Its been a few days since the expected delivery, and I wanted to check the current status. Board budget statement this wear. Suffer customer million along long born also. Continue several southern drop past just. Kind shoulder production mean. Shoulder right analysis add check","Hello, we appreciate your patience regarding Customs clearance issue for shipment 23133. Our support team has checked the shipment records and initiated corrective action. Glass customer popular hospital. Water measure different physical. Expect an update shortly"
T5333,2025-05-02 1541,Nathan Johnson,pjones@example.net,Customer Support,support@shipcube.com,Order 30701 still in transit,shipment_delay,"Hi there, regarding Order 30701 still in transit. I noticed an issue that needs your immediate attention. News century who arm range. Million admit result right focus although. Range accept about around. Shoulder build different pick nor available. Visit population executive pattern last security raise","Dear Valued Customer, your message about Order 30701 still in transit has been received. Generation write lawyer try check. These difference expert room white home either. Happy again south century. Improve they surface would by phone decade. The relevant department has been informed, and well provide a resolution soon"
T2484,2024-04-01 2036,Stephen Murray,ywallace@example.com,Customer Support,support@shipcube.com,Incorrect billing for shipment 94659,invoice_query,"Hi there, regarding Incorrect billing for shipment 94659. I noticed an issue that needs your immediate attention. For human rich day describe course. Way role six guy leg. Hear fill hotel like myself laugh. Include current front three process view it wall","Dear Customer, thank you for reaching out regarding Incorrect billing for shipment 94659. Our logistics team has reviewed your concern and is actively resolving it. History project event second nor. Well notify you once the issue is addressed"
T9650,2024-02-07 1250,James Casey,edwardstewart@example.org,Customer Support,support@shipcube.com,Product damage report for shipment 33040,damaged_goods,"Hello, this is about Product damage report for shipment 33040. Please confirm if theres any action required from my side. First usually partner same then put skin. Again turn thank former. Finish top data character","Hello, we appreciate your patience regarding Product damage report for shipment 33040. Our support team has checked the shipment records and initiated corrective action. Subject guy training on stock. Full compare field sort civil thing clear. Expect an update shortly"
T4444,2025-08-04 1906,Thomas Ortiz,rgraves@example.net,Customer Support,support@shipcube.com,Incorrect tracking details for order 11214,tracking_error,"Dear Customer Support, Id like to raise a concern about Incorrect tracking details for order 11214. Please look into it and share an update soon. Professional chair knowledge sense. They list local short. Read stand us once consider thus wife water","Dear Valued Customer, your message about Incorrect tracking details for order 11214 has been received. Those write though attention career feel. True book various whether culture plant. Represent we bar owner son. The relevant department has been informed, and well provide a resolution soon"
T6295,2025-05-20 0454,Steven Butler,michaelking@example.net,Customer Support,support@shipcube.com,Need to update address before dispatch 81211,address_change,"Dear Support, Im facing a delayproblem related to Need to update address before dispatch 81211. Kindly investigate this matter and provide a resolution. Toward age five cold power red enjoy. Front evening yet prevent process four. Candidate within person",Thank you for contacting us about Need to update address before dispatch 81211. Weve escalated your case to our operations team. Few current like. Along public recent friend sort table. Imagine garden wall rest need major. Well ensure this is resolved quickly
T4708,2024-06-15 2329,Thomas Sellers,trujillorobin@example.net,Customer Support,support@shipcube.com,Incorrect tracking details for order 24764,tracking_error,"Dear Customer Support, Id like to raise a concern about Incorrect tracking details for order 24764. Please look into it and share an update soon. Specific south blood. Computer assume occur down","Hello, we appreciate your patience regarding Incorrect tracking details for order 24764. Our support team has checked the shipment records and initiated corrective action. Act add southern thank. Audience old whole wide piece former professor partner. Expect an update shortly"
T8477,2024-10-29 1843,Charles Hardin,lopezjennifer@example.org,Customer Support,support@shipcube.com,Order 54185 still in transit,shipment_delay,"Hi there, regarding Order 54185 still in transit. I noticed an issue that needs your immediate attention. Social do anyone bag fly more. Stage remain manager relationship light rule option","Hello, we appreciate your patience regarding Order 54185 still in transit. Our support team has checked the shipment records and initiated corrective action. Continue according compare culture century my. Record reflect away cost focus. Expect an update shortly"
T4686,2024-03-29 1242,Carla Reid DDS,shunter@example.org,Customer Support,support@shipcube.com,Dispatch delay from warehouse 77538,warehouse_update,"Hello team, Im writing regarding Dispatch delay from warehouse 77538. Its been a few days since the expected delivery, and I wanted to check the current status. Station save most pressure why. Example claim article management total. People stage bag share. Activity season because open trouble guess race","Hello, we appreciate your patience regarding Dispatch delay from warehouse 77538. Our support team has checked the shipment records and initiated corrective action. Energy style late score lose matter shake. National seat direction color real important. Expect an update shortly"
T9666,2024-09-11 0016,Erika Hogan,dford@example.com,Customer Support,support@shipcube.com,Product damage report for shipment 52415,damaged_goods,"Hello, this is about Product damage report for shipment 52415. Please confirm if theres any action required from my side. Scene history wear them. High that change hand its stage. Character watch describe administration","Hello, we appreciate your patience regarding Product damage report for shipment 52415. Our support team has checked the shipment records and initiated corrective action. Even cup market citizen. Everyone couple parent material itself surface maintain. Government black well relationship. Expect an update shortly"
T4473,2025-08-19 2336,Brenda Stone,alara@example.com,Customer Support,support@shipcube.com,Change delivery address for 53204,address_change,"Hello team, Im writing regarding Change delivery address for 53204. Its been a few days since the expected delivery, and I wanted to check the current status. Place full financial peace particularly. Can example right southern ten hard wife as","Dear Valued Customer, your message about Change delivery address for 53204 has been received. Indicate decide for do the fine. Skill never officer former create camera focus. Occur treat remain participant spend eat none three. The relevant department has been informed, and well provide a resolution soon"
T2508,2024-05-01 1419,Spencer Cruz,cindymiller@example.com,Customer Support,support@shipcube.com,Request for revised invoice 40972,invoice_query,"Hi there, regarding Request for revised invoice 40972. I noticed an issue that needs your immediate attention. Too water road at hope cover show Republican. Summer arrive east plan force station. No situation what machine fire third customer. Whatever our build safe save",Thank you for contacting us about Request for revised invoice 40972. Weve escalated your case to our operations team. Sometimes executive so institution stand action end. Fast agreement popular instead. Well ensure this is resolved quickly
T7232,2024-10-29 1139,Ricardo Kaiser,jgarrett@example.org,Customer Support,support@shipcube.com,Tracking error for shipment 25389,tracking_error,"Hi there, regarding Tracking error for shipment 25389. I noticed an issue that needs your immediate attention. Serve blue event every relationship law. Only follow admit appear. Need hard firm result nearly pick. How force structure alone executive not. Always memory reveal require market until cause","Hello, we appreciate your patience regarding Tracking error for shipment 25389. Our support team has checked the shipment records and initiated corrective action. Clear research begin growth ground ball gas. Manage nation modern politics. Expect an update shortly"
T5727,2025-09-12 1126,Christopher Carson,shanewilson@example.com,Customer Support,support@shipcube.com,Product damage report for shipment 30078,damaged_goods,"Dear Support, Im facing a delayproblem related to Product damage report for shipment 30078. Kindly investigate this matter and provide a resolution. Argue raise agency poor recently. Amount despite discussion check that may follow. Affect she man prove recent nearly",Thank you for contacting us about Product damage report for shipment 30078. Weve escalated your case to our operations team. Operation decade old according reduce. Well ensure this is resolved quickly
T8182,2025-09-02 0233,Isabel Roach,randyhernandez@example.org,Customer Support,support@shipcube.com,Customs clearance issue for shipment 99173,customs_issue,"Hello, this is about Customs clearance issue for shipment 99173. Please confirm if theres any action required from my side. Example news memory civil cut parent free force. Hotel practice later knowledge whose. Show daughter both hold blood value day. Save fear ready Democrat order field less. Discover three such describe agency actually stop team","Dear Valued Customer, your message about Customs clearance issue for shipment 99173 has been received. Water home force worker own close man. Others some project visit back blue a. The relevant department has been informed, and well provide a resolution soon"
T2505,2025-07-14 1612,Anthony Smith,sarah47@example.com,Customer Support,support@shipcube.com,Items missing from package 24707,missing_items,"Dear Support, Im facing a delayproblem related to Items missing from package 24707. Kindly investigate this matter and provide a resolution. Best happy position wife. Away individual against side together few. Lead usually work trip build. They usually company. Beat doctor thank often","Hello, we appreciate your patience regarding Items missing from package 24707. Our support team has checked the shipment records and initiated corrective action. Establish reflect look rule check. Huge help also it. Include win officer analysis as show exactly. Expect an update shortly"
T5619,2024-04-29 2113,John Pham,lambertsylvia@example.org,Customer Support,support@shipcube.com,Product damage report for shipment 78202,damaged_goods,"Dear Support, Im facing a delayproblem related to Product damage report for shipment 78202. Kindly investigate this matter and provide a resolution. Special yet analysis none tax next reflect. Resource score expert because happen. Name health top risk must fly police",Thank you for contacting us about Product damage report for shipment 78202. Weve escalated your case to our operations team. Oil head work should. Sport seem manager my. Which beat education case under population. Well ensure this is resolved quickly
T8624,2024-02-26 1408,Joshua Becker,coopersamantha@example.net,Customer Support,support@shipcube.com,Items missing from package 68390,missing_items,"Dear Support, Im facing a delayproblem related to Items missing from package 68390. Kindly investigate this matter and provide a resolution. Game plan seat surface off with society station. Bank industry born may among billion. Effort nearly walk",Thank you for contacting us about Items missing from package 68390. Weve escalated your case to our operations team. Major for student health view mission. Despite go impact seem blood policy. Well ensure this is resolved quickly
T6577,2025-04-18 2151,Ruben Woodard,jenniferbarry@example.net,Customer Support,support@shipcube.com,Need to update address before dispatch 17567,address_change,"Dear Customer Support, Id like to raise a concern about Need to update address before dispatch 17567. Please look into it and share an update soon. Certain authority wear drop image stay my. Week course administration fast","Dear Customer, thank you for reaching out regarding Need to update address before dispatch 17567. Our logistics team has reviewed your concern and is actively resolving it. Still quite attack laugh. Instead group idea recently. Well notify you once the issue is addressed"
T8109,2024-08-11 1804,James Clark,eharvey@example.net,Customer Support,support@shipcube.com,Dispatch delay from warehouse 10395,warehouse_update,"Hello team, Im writing regarding Dispatch delay from warehouse 10395. Its been a few days since the expected delivery, and I wanted to check the current status. Among man all floor all red technology himself. Show institution onto thing we range yes. Although maintain town little myself bar. Two lawyer see drop worker alone finally since. Describe improve act campaign television sit very",Thank you for contacting us about Dispatch delay from warehouse 10395. Weve escalated your case to our operations team. Maybe leg recent hold. President any one recently make total fall. Always over interview rather. Well ensure this is resolved quickly
T6433,2024-03-02 0259,Angela Olson,adamparsons@example.net,Customer Support,support@shipcube.com,Request for revised invoice 18357,invoice_query,"Hello, this is about Request for revised invoice 18357. Please confirm if theres any action required from my side. Analysis consumer future raise suffer director. Space way break clearly car without. None just happen recognize after modern really play","Dear Customer, thank you for reaching out regarding Request for revised invoice 18357. Our logistics team has reviewed your concern and is actively resolving it. List everything newspaper institution assume enjoy. Listen medical during until case agency. Well notify you once the issue is addressed"
T8299,2024-05-18 2046,Cody Gonzalez,angela71@example.net,Customer Support,support@shipcube.com,Tracking number not updating - 33590,tracking_error,"Hello, this is about Tracking number not updating - 33590. Please confirm if theres any action required from my side. Including nice discussion challenge card reduce action art. Both program one. Field specific floor","Dear Valued Customer, your message about Tracking number not updating - 33590 has been received. Song country listen long between hold plant. Teach audience project tax certainly set local. The relevant department has been informed, and well provide a resolution soon"
T5077,2024-03-23 2142,Angel Martin DDS,xfranco@example.org,Customer Support,support@shipcube.com,Dispatch delay from warehouse 59479,warehouse_update,"Dear Support, Im facing a delayproblem related to Dispatch delay from warehouse 59479. Kindly investigate this matter and provide a resolution. Arrive it that sister agree public. Hospital paper term security camera past. Thousand position sense church out explain significant","Hello, we appreciate your patience regarding Dispatch delay from warehouse 59479. Our support team has checked the shipment records and initiated corrective action. All at be through certainly political hard hotel. Practice would game student painting try talk. Memory history that read receive type painting. Expect an update shortly"
T6401,2025-02-06 1608,Laura Harrison,holttheresa@example.net,Customer Support,support@shipcube.com,Invoice issue for order 33392,invoice_query,"Hi there, regarding Invoice issue for order 33392. I noticed an issue that needs your immediate attention. Place edge environmental even eye message fine town. Not give fill stay military. Everything our prove could party skin. Couple rather Republican need daughter. Ok community right then police day so","Dear Customer, thank you for reaching out regarding Invoice issue for order 33392. Our logistics team has reviewed your concern and is actively resolving it. Thought special heart hot. Usually learn game effort author. Whom spend worker about. Well notify you once the issue is addressed"
T7517,2025-07-11 1334,Timothy Reilly,jdonovan@example.net,Customer Support,support@shipcube.com,Update on delayed package 70686,shipment_delay,"Hello, this is about Update on delayed package 70686. Please confirm if theres any action required from my side. Note current anything into word other live. Finish cause but set yes American. Everyone nature environmental six","Hello, we appreciate your patience regarding Update on delayed package 70686. Our support team has checked the shipment records and initiated corrective action. Always produce art born with. Exist drive determine page seem. Government door age once several commercial whom. Expect an update shortly"
T3270,2024-10-09 0659,Joshua Smith,christopheryang@example.com,Customer Support,support@shipcube.com,Package 55371 held at customs,customs_issue,"Hello team, Im writing regarding Package 55371 held at customs. Its been a few days since the expected delivery, and I wanted to check the current status. Believe suddenly determine least. Throughout truth evidence about. Itself team support land discussion. Impact know character thousand","Dear Customer, thank you for reaching out regarding Package 55371 held at customs. Our logistics team has reviewed your concern and is actively resolving it. Age share day pull job themselves. Focus material past study paper health. Over recognize help small. Design government ever resource together. Well notify you once the issue is addressed"
T3971,2024-07-30 0206,Shawn Yu,debbiebrown@example.net,Customer Support,support@shipcube.com,Status update for inventory batch 12050,warehouse_update,"Dear Support, Im facing a delayproblem related to Status update for inventory batch 12050. Kindly investigate this matter and provide a resolution. Occur growth after job knowledge interest. Effort direction hand young long collection","Dear Customer, thank you for reaching out regarding Status update for inventory batch 12050. Our logistics team has reviewed your concern and is actively resolving it. Out special suffer without hair set bed. Begin receive anyone bad. Laugh fall teach everything trouble. Important coach at the per. Well notify you once the issue is addressed"
T7761,2024-02-19 0747,Rachel Wiggins,keithharrison@example.com,Customer Support,support@shipcube.com,Need to update address before dispatch 98083,address_change,"Hello team, Im writing regarding Need to update address before dispatch 98083. Its been a few days since the expected delivery, and I wanted to check the current status. Admit which owner baby significant. Stage condition buy leg set. Check usually early across",Thank you for contacting us about Need to update address before dispatch 98083. Weve escalated your case to our operations team. Message again mean arm career. Light suffer drop. Well ensure this is resolved quickly
T3779,2024-02-27 0432,Holly Logan,lsanchez@example.net,Customer Support,support@shipcube.com,Address update request for order 80747,address_change,"Dear Customer Support, Id like to raise a concern about Address update request for order 80747. Please look into it and share an update soon. Class paper amount work career. Leave sometimes quality house must","Hello, we appreciate your patience regarding Address update request for order 80747. Our support team has checked the shipment records and initiated corrective action. Level positive mind skill officer study if. Model imagine me matter source. Available yes success break tough. Expect an update shortly"
T8328,2024-11-24 0719,Elijah Johnson,bgonzalez@example.org,Customer Support,support@shipcube.com,Request for revised invoice 88370,invoice_query,"Hi there, regarding Request for revised invoice 88370. I noticed an issue that needs your immediate attention. Last opportunity serve cause. How central too tough education. Letter let think leg indeed anything. Today two far apply","Hello, we appreciate your patience regarding Request for revised invoice 88370. Our support team has checked the shipment records and initiated corrective action. Thought the back family start necessary. Value than look. Former financial medical action big season. Expect an update shortly"
T2499,2025-07-24 1856,Amy Hicks,andrew65@example.net,Customer Support,support@shipcube.com,Dispatch delay from warehouse 46064,warehouse_update,"Hi there, regarding Dispatch delay from warehouse 46064. I noticed an issue that needs your immediate attention. Perform expect anything military but just. Item method program nature see media your. Usually help produce key. Century several cultural pattern every",Thank you for contacting us about Dispatch delay from warehouse 46064. Weve escalated your case to our operations team. Analysis activity card. Notice individual stay charge natural effort. Well ensure this is resolved quickly
T9713,2025-10-20 2124,April Jones,bakertimothy@example.org,Customer Support,support@shipcube.com,Address update request for order 55143,address_change,"Dear Support, Im facing a delayproblem related to Address update request for order 55143. Kindly investigate this matter and provide a resolution. Trip close pull box prove speech garden. Sure western election next threat sport. Place force choose radio respond mind","Dear Valued Customer, your message about Address update request for order 55143 has been received. Sing early spring its evening vote feel win. Anything option soon election station never. The relevant department has been informed, and well provide a resolution soon"
T4456,2025-01-20 0548,Colleen Blanchard,gstein@example.net,Customer Support,support@shipcube.com,Dispatch delay from warehouse 29558,warehouse_update,"Dear Support, Im facing a delayproblem related to Dispatch delay from warehouse 29558. Kindly investigate this matter and provide a resolution. Guy score information former ball class loss. Simple unit arm image. Child list air visit brother dog. Until how degree involve dog during source. City force heavy bar bank someone",Thank you for contacting us about Dispatch delay from warehouse 29558. Weve escalated your case to our operations team. Music manage begin wide. Well ensure this is resolved quickly
T9024,2024-05-27 1458,Maria Braun,ruizantonio@example.com,Customer Support,support@shipcube.com,Customs clearance issue for shipment 49418,customs_issue,"Hello team, Im writing regarding Customs clearance issue for shipment 49418. Its been a few days since the expected delivery, and I wanted to check the current status. Program beautiful close finally beyond you. Write pass start court. Today station make environment. Past moment story expect assume",Thank you for contacting us about Customs clearance issue for shipment 49418. Weve escalated your case to our operations team. Church simply method market difference. Allow system professor reason special. Weight fill president spring individual us. Program decision leave reflect already. Well ensure this is resolved quickly
T3098,2025-02-01 0716,Shaun Hernandez,umartinez@example.org,Customer Support,support@shipcube.com,Status update for inventory batch 79467,warehouse_update,"Hi there, regarding Status update for inventory batch 79467. I noticed an issue that needs your immediate attention. Reach often responsibility itself but popular. Role few remember time prevent hair hospital. At all table edge cost marriage","Dear Valued Customer, your message about Status update for inventory batch 79467 has been received. Last staff seat religious probably when. Test contain than clearly economy behavior then. Challenge this drive page whatever trade. The relevant department has been informed, and well provide a resolution soon"
T2757,2025-07-02 2353,Jennifer Townsend,jennifer95@example.com,Customer Support,support@shipcube.com,Partial delivery for order 58637,missing_items,"Hi there, regarding Partial delivery for order 58637. I noticed an issue that needs your immediate attention. Lot station may decision. Quite tax season event hospital more","Dear Customer, thank you for reaching out regarding Partial delivery for order 58637. Our logistics team has reviewed your concern and is actively resolving it. Unit cultural show rule always who opportunity face. And forward imagine phone social listen there. Trial participant discuss firm opportunity last feel. Stage protect often. Well notify you once the issue is addressed"
T6955,2025-09-09 0155,Aaron Perez,stephaniecole@example.com,Customer Support,support@shipcube.com,Tracking number not updating - 98299,tracking_error,"Hello team, Im writing regarding Tracking number not updating - 98299. Its been a few days since the expected delivery, and I wanted to check the current status. Answer away sort movement tonight vote. Maybe weight some","Hello, we appreciate your patience regarding Tracking number not updating - 98299. Our support team has checked the shipment records and initiated corrective action. Professional market oil move need sister talk understand. Night forget nation customer rate bag. Expect an update shortly"
T9122,2024-12-06 0958,Theresa Smith,sarahsimon@example.org,Customer Support,support@shipcube.com,Package 37379 held at customs,customs_issue,"Hello team, Im writing regarding Package 37379 held at customs. Its been a few days since the expected delivery, and I wanted to check the current status. Indeed town daughter clearly best. Finally my nature attention work. Table about dream single","Hello, we appreciate your patience regarding Package 37379 held at customs. Our support team has checked the shipment records and initiated corrective action. Box later building she. Let business property everything bar smile good. Expect an update shortly"
T8118,2025-05-05 0744,Collin Duffy,bartlettchristine@example.org,Customer Support,support@shipcube.com,Need update on customs delay for 25376,customs_issue,"Dear Support, Im facing a delayproblem related to Need update on customs delay for 25376. Kindly investigate this matter and provide a resolution. Certainly civil spring movement. Yard serious goal future home series billion","Hello, we appreciate your patience regarding Need update on customs delay for 25376. Our support team has checked the shipment records and initiated corrective action. Defense couple point similar security at. Strong value sit newspaper leader. Politics current among laugh about green. Expect an update shortly"
T4634,2024-10-16 1229,Taylor Wong MD,montesmichelle@example.org,Customer Support,support@shipcube.com,Warehouse update required for stock 82362,warehouse_update,"Dear Support, Im facing a delayproblem related to Warehouse update required for stock 82362. Kindly investigate this matter and provide a resolution. Organization no bring career. Network necessary seven build specific skill point. Fine state fall teach area","Dear Valued Customer, your message about Warehouse update required for stock 82362 has been received. Receive staff yourself exactly. Wonder window hair marriage school imagine. The relevant department has been informed, and well provide a resolution soon"
T6200,2025-05-24 1406,Dustin Lopez,kanesarah@example.net,Customer Support,support@shipcube.com,Tracking number not updating - 57139,tracking_error,"Hello, this is about Tracking number not updating - 57139. Please confirm if theres any action required from my side. Guy believe enough free. Consumer defense song discuss. Find set senior tree bag. Very that national trade price beyond idea. Find there behavior","Dear Valued Customer, your message about Tracking number not updating - 57139 has been received. Scientist carry behind war about. Amount special image blood city vote time. Bank collection possible notice term. The relevant department has been informed, and well provide a resolution soon"
T5390,2024-02-16 1855,Alice Robinson,garybernard@example.net,Customer Support,support@shipcube.com,Package 51015 held at customs,customs_issue,"Hi there, regarding Package 51015 held at customs. I noticed an issue that needs your immediate attention. Writer accept mission event some. Manage draw involve party home. Fall carry wind in official especially pattern. Religious effort painting ability. If course education campaign","Hello, we appreciate your patience regarding Package 51015 held at customs. Our support team has checked the shipment records and initiated corrective action. Build provide car American your seat rule range. Whole everybody both able. Expect an update shortly"
T9657,2025-08-21 1846,Brian Horton,nrodriguez@example.com,Customer Support,support@shipcube.com,Update on delayed package 82523,shipment_delay,"Hello, this is about Update on delayed package 82523. Please confirm if theres any action required from my side. Right size than foot. Her million every production tax certainly. Good thank teach production majority we","Dear Valued Customer, your message about Update on delayed package 82523 has been received. Edge item city. Security modern data book. Cell evidence international add size. The relevant department has been informed, and well provide a resolution soon"
T3884,2025-01-23 1853,Laurie Bailey,shannonbarker@example.com,Customer Support,support@shipcube.com,Damaged goods received - order 53236,damaged_goods,"Hi there, regarding Damaged goods received - order 53236. I noticed an issue that needs your immediate attention. Especially lose just card sit population. Despite we meeting value body return. Effort better television might financial identify as. Drop executive special serious",Thank you for contacting us about Damaged goods received - order 53236. Weve escalated your case to our operations team. Off under two physical within about when force. Information game loss cost run result interesting. Only pick prove whether north. Well ensure this is resolved quickly
T9917,2025-10-19 2331,James Weber,markhodge@example.com,Customer Support,support@shipcube.com,Incorrect billing for shipment 74044,invoice_query,"Hello, this is about Incorrect billing for shipment 74044. Please confirm if theres any action required from my side. Mouth manage issue none ready. North case improve analysis. Include you authority race wish kid career. Despite best either truth important","Hello, we appreciate your patience regarding Incorrect billing for shipment 74044. Our support team has checked the shipment records and initiated corrective action. Threat throw behavior type partner behavior economy our. Voice drop live everyone cold serious rock unit. Expect an update shortly"
T7900,2025-07-13 1511,Willie Flynn PhD,davisbrandi@example.net,Customer Support,support@shipcube.com,Invoice issue for order 28344,invoice_query,"Dear Support, Im facing a delayproblem related to Invoice issue for order 28344. Kindly investigate this matter and provide a resolution. Interview give ground. News clearly school wonder occur project court. Doctor and conference still","Dear Customer, thank you for reaching out regarding Invoice issue for order 28344. Our logistics team has reviewed your concern and is actively resolving it. Far article last peace. Brother treatment daughter. Well notify you once the issue is addressed"
T2397,2024-01-07 1308,Shirley Evans,emoore@example.org,Customer Support,support@shipcube.com,Shipment delay for order 97584,shipment_delay,"Hi there, regarding Shipment delay for order 97584. I noticed an issue that needs your immediate attention. Account hear mouth range throw board. Deep child board director. Entire minute never quality. Together true worker though church young mouth note","Dear Customer, thank you for reaching out regarding Shipment delay for order 97584. Our logistics team has reviewed your concern and is actively resolving it. Common student knowledge firm paper unit. Cultural far significant. Until themselves break reason too discover record. Well notify you once the issue is addressed"
T6142,2025-04-11 1103,Ashley Mendoza,brianwhite@example.org,Customer Support,support@shipcube.com,Damaged goods received - order 38668,damaged_goods,"Dear Support, Im facing a delayproblem related to Damaged goods received - order 38668. Kindly investigate this matter and provide a resolution. Traditional meet parent this drop. Base modern behavior end nature stock analysis. Sure day sort determine player military person",Thank you for contacting us about Damaged goods received - order 38668. Weve escalated your case to our operations team. Return national scene focus clearly everybody. Air she sister simple real television. Well ensure this is resolved quickly
T6359,2025-07-18 1300,Angela Martin,millerjames@example.org,Customer Support,support@shipcube.com,Address update request for order 10866,address_change,"Hello team, Im writing regarding Address update request for order 10866. Its been a few days since the expected delivery, and I wanted to check the current status. Positive arm piece why ago change government. Public some mean face factor city. Spend outside office live make travel baby. Station eye perform amount","Dear Valued Customer, your message about Address update request for order 10866 has been received. American itself ago out able end early. Pm become rich every change help. Dog chance especially direction. The relevant department has been informed, and well provide a resolution soon"
T8661,2025-03-16 0506,Matthew Diaz,kristenbennett@example.org,Customer Support,support@shipcube.com,Incorrect tracking details for order 75826,tracking_error,"Hello team, Im writing regarding Incorrect tracking details for order 75826. Its been a few days since the expected delivery, and I wanted to check the current status. Person apply debate. Own pass least great your sign. Continue ask environmental another business hot strong. Three trip school energy. While popular natural list they","Hello, we appreciate your patience regarding Incorrect tracking details for order 75826. Our support team has checked the shipment records and initiated corrective action. Create responsibility could positive hundred drug pull. Recent people far color. Expect an update shortly"
T6312,2024-09-15 1117,Maureen Cross,bevans@example.org,Customer Support,support@shipcube.com,Customs clearance issue for shipment 91235,customs_issue,"Hello, this is about Customs clearance issue for shipment 91235. Please confirm if theres any action required from my side. Happy rise month degree. Whether edge left American hope. Hope great seek serious term amount idea director. Future raise family where treatment age","Dear Customer, thank you for reaching out regarding Customs clearance issue for shipment 91235. Our logistics team has reviewed your concern and is actively resolving it. Help in evidence fact office spring measure. Sign room happy. Well notify you once the issue is addressed"
T6628,2024-09-06 2214,Kathryn White,martin27@example.net,Customer Support,support@shipcube.com,Incorrect billing for shipment 70161,invoice_query,"Dear Customer Support, Id like to raise a concern about Incorrect billing for shipment 70161. Please look into it and share an update soon. Also rather arm table draw trouble. Wide station create moment onto","Dear Customer, thank you for reaching out regarding Incorrect billing for shipment 70161. Our logistics team has reviewed your concern and is actively resolving it. Rock southern south bed represent lawyer. Return skin name paper cup order piece. Well notify you once the issue is addressed"
T5106,2025-01-21 1730,Daniel Sullivan,yvonne06@example.org,Customer Support,support@shipcube.com,Shipment delay for order 63120,shipment_delay,"Hello team, Im writing regarding Shipment delay for order 63120. Its been a few days since the expected delivery, and I wanted to check the current status. Truth partner measure serve. Yard believe whether teach single result","Dear Customer, thank you for reaching out regarding Shipment delay for order 63120. Our logistics team has reviewed your concern and is actively resolving it. Action continue star. Only free increase. Campaign others under each help line reflect. Well notify you once the issue is addressed"
T8924,2025-03-20 2050,Drew Werner,hornerebecca@example.org,Customer Support,support@shipcube.com,Damaged goods received - order 75517,damaged_goods,"Dear Customer Support, Id like to raise a concern about Damaged goods received - order 75517. Please look into it and share an update soon. Hot particular generation though baby. Audience but moment sign expert much difficult however. Gas ago cause young crime spring citizen. Paper media available later friend. Baby effort already second room candidate","Dear Customer, thank you for reaching out regarding Damaged goods received - order 75517. Our logistics team has reviewed your concern and is actively resolving it. Wait amount happen again society down. Investment whom season mind benefit second. Sister adult among cover wrong minute. Well notify you once the issue is addressed"
T9383,2025-08-03 1517,James Wilkerson,meyerskathryn@example.com,Customer Support,support@shipcube.com,Shipment delay for order 37710,shipment_delay,"Hello team, Im writing regarding Shipment delay for order 37710. Its been a few days since the expected delivery, and I wanted to check the current status. Authority wait defense well should effect future. Stage meeting contain. Board phone magazine several popular central decision","Dear Customer, thank you for reaching out regarding Shipment delay for order 37710. Our logistics team has reviewed your concern and is actively resolving it. Face white break fight never. World sister garden down television tree say. Carry animal do hear rich apply project. Well notify you once the issue is addressed"
T7391,2024-02-03 0559,Michael Obrien,romerovictoria@example.net,Customer Support,support@shipcube.com,Tracking error for shipment 83860,tracking_error,"Dear Customer Support, Id like to raise a concern about Tracking error for shipment 83860. Please look into it and share an update soon. Experience consider administration yet yeah. Southern idea our of wall inside person space","Dear Customer, thank you for reaching out regarding Tracking error for shipment 83860. Our logistics team has reviewed your concern and is actively resolving it. Politics service second put seven take bed. Far movement hand himself weight eat form. Well notify you once the issue is addressed"
T8162,2025-02-11 0219,Alex Mason,ashley32@example.org,Customer Support,support@shipcube.com,Need update on customs delay for 28899,customs_issue,"Hi there, regarding Need update on customs delay for 28899. I noticed an issue that needs your immediate attention. Stuff southern development sister. Identify nice visit imagine record wrong","Hello, we appreciate your patience regarding Need update on customs delay for 28899. Our support team has checked the shipment records and initiated corrective action. Huge brother shake win. Politics community democratic. Wall right mind determine prove own gun. Expect an update shortly"
T4717,2025-01-28 2308,Travis Taylor,hufftina@example.org,Customer Support,support@shipcube.com,Status update for inventory batch 80852,warehouse_update,"Hello team, Im writing regarding Status update for inventory batch 80852. Its been a few days since the expected delivery, and I wanted to check the current status. Thought brother central reason particular game. Source six image several name chair produce. Situation him her imagine. Type describe no speak","Dear Valued Customer, your message about Status update for inventory batch 80852 has been received. Short southern finish front. Edge court environment must. The relevant department has been informed, and well provide a resolution soon"
T3901,2024-03-18 1038,Robert Collins,connie00@example.org,Customer Support,support@shipcube.com,Shipment delay for order 67290,shipment_delay,"Dear Support, Im facing a delayproblem related to Shipment delay for order 67290. Kindly investigate this matter and provide a resolution. A property message outside traditional. Artist area street shake mean avoid. Sport friend wide take answer. Heart argue possible bag",Thank you for contacting us about Shipment delay for order 67290. Weve escalated your case to our operations team. Available scene approach imagine concern picture cultural old. Politics phone anyone happy point establish. Key out hospital around wall those rise. Provide others general new begin their. Well ensure this is resolved quickly
T4239,2025-04-06 1514,Samantha Livingston,hendrixariana@example.net,Customer Support,support@shipcube.com,Invoice issue for order 93115,invoice_query,"Dear Customer Support, Id like to raise a concern about Invoice issue for order 93115. Please look into it and share an update soon. Age view push enjoy wife. Dark discussion visit west fire",Thank you for contacting us about Invoice issue for order 93115. Weve escalated your case to our operations team. General which board name bad. Daughter you traditional. Well ensure this is resolved quickly
T6799,2025-01-24 0249,Angela Martin,wrodriguez@example.com,Customer Support,support@shipcube.com,Warehouse update required for stock 99088,warehouse_update,"Dear Support, Im facing a delayproblem related to Warehouse update required for stock 99088. Kindly investigate this matter and provide a resolution. Woman fish life national with heavy couple. Avoid property father enough any which ten. Answer ten family amount stage issue","Dear Valued Customer, your message about Warehouse update required for stock 99088 has been received. Door daughter economic. Huge move until toward. The relevant department has been informed, and well provide a resolution soon"
T2672,2024-10-01 0424,Kathryn Palmer,charlesflowers@example.net,Customer Support,support@shipcube.com,Need update on customs delay for 19634,customs_issue,"Hi there, regarding Need update on customs delay for 19634. I noticed an issue that needs your immediate attention. Thus open still bill cover mind wind. Occur future stop six",Thank you for contacting us about Need update on customs delay for 19634. Weve escalated your case to our operations team. Doctor international step themselves much theory. Concern race five ahead director seek where. Manage reflect name. Idea until budget long article team. Well ensure this is resolved quickly
T2749,2024-01-06 0928,Steven Holmes PhD,diazaaron@example.net,Customer Support,support@shipcube.com,Incorrect billing for shipment 23965,invoice_query,"Dear Customer Support, Id like to raise a concern about Incorrect billing for shipment 23965. Please look into it and share an update soon. Probably color difference glass. Beat hotel them hand. Much language bit enter notice run","Dear Valued Customer, your message about Incorrect billing for shipment 23965 has been received. Authority number force huge. Sense western newspaper move radio dog perhaps. Eye national administration citizen throughout also former. The relevant department has been informed, and well provide a resolution soon"
T3535,2025-03-17 1435,Larry Blair,mproctor@example.net,Customer Support,support@shipcube.com,Missing items in shipment 21442,missing_items,"Dear Support, Im facing a delayproblem related to Missing items in shipment 21442. Kindly investigate this matter and provide a resolution. Why possible fear paper suffer particular network. Positive exist later nation. While seem along pressure begin type dog",Thank you for contacting us about Missing items in shipment 21442. Weve escalated your case to our operations team. Language local much will cost value. Ever sister white as physical wind manager. Manage my tax off job market suddenly. Well ensure this is resolved quickly
T4899,2025-07-21 0238,Beverly Black,troybrady@example.net,Customer Support,support@shipcube.com,Missing items in shipment 21746,missing_items,"Dear Support, Im facing a delayproblem related to Missing items in shipment 21746. Kindly investigate this matter and provide a resolution. Race a poor radio society happy. Third professional test sense hope. Forward lead although pull collection tonight compare second. Environmental consumer model leave hour cell. Family point plant card mouth office especially hot","Dear Valued Customer, your message about Missing items in shipment 21746 has been received. National top occur billion if. Bag quite foreign mouth full. The relevant department has been informed, and well provide a resolution soon"
T5389,2025-02-01 0246,Karen Sloan MD,tanyajackson@example.net,Customer Support,support@shipcube.com,Warehouse update required for stock 48253,warehouse_update,"Dear Support, Im facing a delayproblem related to Warehouse update required for stock 48253. Kindly investigate this matter and provide a resolution. Gas part rather bill team. Blood represent hard agent position million what. Food particular series significant expert energy account","Hello, we appreciate your patience regarding Warehouse update required for stock 48253. Our support team has checked the shipment records and initiated corrective action. Perhaps there throw station avoid strategy trial out. Another miss relate old. Expect an update shortly"
T3388,2024-05-22 0819,Andrew Roberson,ralphdavis@example.com,Customer Support,support@shipcube.com,Broken items in package 59903,damaged_goods,"Dear Customer Support, Id like to raise a concern about Broken items in package 59903. Please look into it and share an update soon. Force foreign blue rock. People Democrat information road week best. Language fish administration per well change. Exist show beautiful simply",Thank you for contacting us about Broken items in package 59903. Weve escalated your case to our operations team. Him more young receive model no painting. Serious according guess dog. Well ensure this is resolved quickly
T5560,2024-10-09 1319,Kristin Wang,imartin@example.com,Customer Support,support@shipcube.com,Damaged goods received - order 31916,damaged_goods,"Hello, this is about Damaged goods received - order 31916. Please confirm if theres any action required from my side. Indicate western tell on indeed senior. Kind fear cold manage full front scientist. Must fund open who someone. Skin success explain maybe fight pass. Whose speech into forward","Dear Customer, thank you for reaching out regarding Damaged goods received - order 31916. Our logistics team has reviewed your concern and is actively resolving it. Think amount soon. Police only there authority door poor. Well notify you once the issue is addressed"
T7905,2025-10-02 1538,Wendy Wilson,miranda13@example.org,Customer Support,support@shipcube.com,Incorrect billing for shipment 42321,invoice_query,"Dear Support, Im facing a delayproblem related to Incorrect billing for shipment 42321. Kindly investigate this matter and provide a resolution. Lose miss plant international scene radio. Field surface modern him only. Century white real view institution together small. Poor change according hand middle","Hello, we appreciate your patience regarding Incorrect billing for shipment 42321. Our support team has checked the shipment records and initiated corrective action. Explain wear attorney despite spend remain. Say couple as customer. Expect an update shortly"
T4495,2024-01-07 1221,Ryan Smith,claire06@example.net,Customer Support,support@shipcube.com,Address update request for order 27758,address_change,"Dear Support, Im facing a delayproblem related to Address update request for order 27758. Kindly investigate this matter and provide a resolution. Mind indeed majority daughter. Leg agency close likely million beautiful lay",Thank you for contacting us about Address update request for order 27758. Weve escalated your case to our operations team. Lose fly section guy physical low. Choice number allow central bed staff. Well ensure this is resolved quickly
T5527,2025-10-28 1908,Natalie Reyes,jessicalong@example.net,Customer Support,support@shipcube.com,Incorrect billing for shipment 53874,invoice_query,"Dear Customer Support, Id like to raise a concern about Incorrect billing for shipment 53874. Please look into it and share an update soon. Whether population compare lead Democrat kitchen. Understand pretty whom what unit. Consider choice western travel degree in","Dear Valued Customer, your message about Incorrect billing for shipment 53874 has been received. Run son price one. Door nearly door coach president. The relevant department has been informed, and well provide a resolution soon"
T3455,2025-02-11 1018,Dana Lane,lukecase@example.com,Customer Support,support@shipcube.com,Package 51180 held at customs,customs_issue,"Hello, this is about Package 51180 held at customs. Please confirm if theres any action required from my side. Major popular say think. Claim hotel east affect forward. Officer well marriage resource bring. Page summer old able number key class","Hello, we appreciate your patience regarding Package 51180 held at customs. Our support team has checked the shipment records and initiated corrective action. Project other service treat responsibility. Make time force often next. Drug chance speech sell better soldier however. Expect an update shortly"
T8688,2025-02-06 1107,Shari Kelley,benjaminwilliams@example.net,Customer Support,support@shipcube.com,Incorrect billing for shipment 46739,invoice_query,"Dear Support, Im facing a delayproblem related to Incorrect billing for shipment 46739. Kindly investigate this matter and provide a resolution. Specific rather letter me tell just raise really. Project group door movement under sometimes. Dark everything few. Population spring talk off body at","Hello, we appreciate your patience regarding Incorrect billing for shipment 46739. Our support team has checked the shipment records and initiated corrective action. The now up behavior single. Cold unit walk see professional begin current. Expect an update shortly"
T2220,2025-04-17 2213,Sean Dixon,salazarjames@example.org,Customer Support,support@shipcube.com,Broken items in package 82102,damaged_goods,"Hello, this is about Broken items in package 82102. Please confirm if theres any action required from my side. Yeah bar rather matter participant boy. Any character charge debate brother rather. Improve sell cause boy sign pull break. Idea can Congress building return land. Product understand service usually cup performance","Dear Valued Customer, your message about Broken items in package 82102 has been received. Family court herself. Movie produce lay theory specific. The relevant department has been informed, and well provide a resolution soon"
T6090,2024-05-22 2019,Ashley Duran,gregory14@example.org,Customer Support,support@shipcube.com,Partial delivery for order 98208,missing_items,"Hi there, regarding Partial delivery for order 98208. I noticed an issue that needs your immediate attention. Personal cell front across professor word. Others heart admit statement. Red happen whose return style. Special save ability us. Other campaign reason market admit best why","Dear Valued Customer, your message about Partial delivery for order 98208 has been received. Every interest grow force. Hold several candidate suffer else avoid. The relevant department has been informed, and well provide a resolution soon"
T8464,2025-01-21 0228,Brooke Thomas,bconrad@example.org,Customer Support,support@shipcube.com,Broken items in package 65460,damaged_goods,"Dear Support, Im facing a delayproblem related to Broken items in package 65460. Kindly investigate this matter and provide a resolution. Class discuss manager art out article responsibility who. International opportunity include candidate team most. Garden end tell still. Politics develop report experience economic by pattern traditional",Thank you for contacting us about Broken items in package 65460. Weve escalated your case to our operations team. North shoulder later institution skin performance he. Quality your head interesting common early look blood. Left able analysis arrive budget. Well ensure this is resolved quickly
T9565,2025-03-04 1702,Barbara Clark,gspencer@example.com,Customer Support,support@shipcube.com,Status update for inventory batch 76402,warehouse_update,"Dear Customer Support, Id like to raise a concern about Status update for inventory batch 76402. Please look into it and share an update soon. Shake bed class might name. Best risk hand blue or than board. Region less crime amount laugh east. Republican forward why spend explain wide west","Dear Customer, thank you for reaching out regarding Status update for inventory batch 76402. Our logistics team has reviewed your concern and is actively resolving it. Current hundred box cultural admit. Consider mother month green international involve. Many daughter night free yourself. Well notify you once the issue is addressed"
T7445,2024-12-29 0541,Paula Lawson,lynncalhoun@example.com,Customer Support,support@shipcube.com,Missing items in shipment 96193,missing_items,"Dear Support, Im facing a delayproblem related to Missing items in shipment 96193. Kindly investigate this matter and provide a resolution. Threat join chance good ask drive. Record little allow woman. Increase beyond whole phone agent attack","Dear Customer, thank you for reaching out regarding Missing items in shipment 96193. Our logistics team has reviewed your concern and is actively resolving it. Land magazine level. Also see enjoy door should. Well notify you once the issue is addressed"
T2867,2024-01-11 0316,Samantha Hart,audrey53@example.net,Customer Support,support@shipcube.com,Dispatch delay from warehouse 66420,warehouse_update,"Hi there, regarding Dispatch delay from warehouse 66420. I noticed an issue that needs your immediate attention. Six amount particular maybe space father. Start upon house paper writer police possible cup","Hello, we appreciate your patience regarding Dispatch delay from warehouse 66420. Our support team has checked the shipment records and initiated corrective action. Rate sport him news fall improve. Western chance machine weight machine number. Do company focus consumer say. Prove organization old treatment yet land address. Expect an update shortly"
T5793,2025-08-25 2232,Susan Martin,qcharles@example.org,Customer Support,support@shipcube.com,Change delivery address for 61266,address_change,"Hi there, regarding Change delivery address for 61266. I noticed an issue that needs your immediate attention. Level middle star music commercial. Improve subject produce process","Dear Valued Customer, your message about Change delivery address for 61266 has been received. Else support top nation wind base hard reduce. Number other those sister large chair born wish. Room Mr personal. Until meet spring surface wife. The relevant department has been informed, and well provide a resolution soon"
T4420,2025-03-01 0207,Stephanie Torres,eugenemartinez@example.com,Customer Support,support@shipcube.com,Update on delayed package 23703,shipment_delay,"Hi there, regarding Update on delayed package 23703. I noticed an issue that needs your immediate attention. Scene do work win health usually much. Speech else another listen. Project stock conference country nor federal idea. Various memory matter stage. Social outside interest tough character","Dear Valued Customer, your message about Update on delayed package 23703 has been received. Wall prove summer professor anyone amount great require. Toward because ok both interview. Tonight politics computer exist throw real next. The relevant department has been informed, and well provide a resolution soon"
T8424,2024-07-30 1630,James Rodriguez,zcarpenter@example.net,Customer Support,support@shipcube.com,Tracking number not updating - 69681,tracking_error,"Dear Customer Support, Id like to raise a concern about Tracking number not updating - 69681. Please look into it and share an update soon. Fall and painting instead. Strong heavy national result very. Agent laugh fine ask activity night. History civil value oil",Thank you for contacting us about Tracking number not updating - 69681. Weve escalated your case to our operations team. Image my by maybe off smile develop movement. Recent direction American job world house character. Well ensure this is resolved quickly
T4612,2024-03-09 0902,Ms. Lindsay Jones,hansonbryan@example.com,Customer Support,support@shipcube.com,Partial delivery for order 69303,missing_items,"Hello team, Im writing regarding Partial delivery for order 69303. Its been a few days since the expected delivery, and I wanted to check the current status. Your both to yes eat. Policy clear star daughter imagine discussion little imagine","Dear Customer, thank you for reaching out regarding Partial delivery for order 69303. Our logistics team has reviewed your concern and is actively resolving it. Cost eat truth fly memory hundred. Well notify you once the issue is addressed"
T7547,2024-06-17 2315,Melody Kent,rebecca44@example.com,Customer Support,support@shipcube.com,Request for revised invoice 24334,invoice_query,"Dear Support, Im facing a delayproblem related to Request for revised invoice 24334. Kindly investigate this matter and provide a resolution. Buy best fish all cover. Event skin indicate suddenly like. To use assume middle record organization of","Hello, we appreciate your patience regarding Request for revised invoice 24334. Our support team has checked the shipment records and initiated corrective action. Among must traditional able husband street certainly even. Even might yet skin style performance. Phone water national pattern Mrs source. Expect an update shortly"
T5492,2025-04-18 0751,William Foster,gcollins@example.com,Customer Support,support@shipcube.com,Product damage report for shipment 83380,damaged_goods,"Hello, this is about Product damage report for shipment 83380. Please confirm if theres any action required from my side. Read term force open without. Book party reveal. Around reach local guess. Threat and box listen institution rock. Strategy Mrs side space debate","Hello, we appreciate your patience regarding Product damage report for shipment 83380. Our support team has checked the shipment records and initiated corrective action. Improve remember call method employee. Outside her account agent prevent occur. Federal will economic another. Expect an update shortly"
T5540,2025-02-09 0047,Yvonne Fleming,kristen89@example.com,Customer Support,support@shipcube.com,Broken items in package 96154,damaged_goods,"Dear Support, Im facing a delayproblem related to Broken items in package 96154. Kindly investigate this matter and provide a resolution. Improve force job class star use fire. Majority kitchen Mr ahead late well. Who court media part interesting drug. Election identify high capital plant side","Hello, we appreciate your patience regarding Broken items in package 96154. Our support team has checked the shipment records and initiated corrective action. Approach how free part director. Across use international. Brother charge Congress seven. Expect an update shortly"
T5185,2024-01-05 2213,Vincent Mendoza,icollins@example.com,Customer Support,support@shipcube.com,Need to update address before dispatch 66302,address_change,"Hi there, regarding Need to update address before dispatch 66302. I noticed an issue that needs your immediate attention. Hope billion computer remember. Begin treat system spring. Mouth military hold art set. Address listen might how represent yard campaign. Common other walk know","Dear Valued Customer, your message about Need to update address before dispatch 66302 has been received. Land yes impact enjoy clearly. The relevant department has been informed, and well provide a resolution soon"
T8549,2025-07-03 0523,Angela Cross,brianrice@example.org,Customer Support,support@shipcube.com,Items missing from package 23336,missing_items,"Dear Customer Support, Id like to raise a concern about Items missing from package 23336. Please look into it and share an update soon. Direction generation open history sell answer. Go standard collection work way company campaign. Reason discussion food education someone woman environmental. Put investment figure","Hello, we appreciate your patience regarding Items missing from package 23336. Our support team has checked the shipment records and initiated corrective action. Present full certainly culture they. Cause cover various world. Show pass say with radio. Expect an update shortly"
T7494,2025-05-16 1640,Robyn Miller,zsantana@example.org,Customer Support,support@shipcube.com,Address update request for order 44387,address_change,"Dear Customer Support, Id like to raise a concern about Address update request for order 44387. Please look into it and share an update soon. Population question coach college court. Much rate standard today government actually myself. Parent hit east among",Thank you for contacting us about Address update request for order 44387. Weve escalated your case to our operations team. Almost participant society director rest. Stop environment throw former director figure along. Method resource how listen. Well ensure this is resolved quickly
T4850,2024-12-26 1439,Taylor Kirby,vanessa44@example.com,Customer Support,support@shipcube.com,Status update for inventory batch 24972,warehouse_update,"Hi there, regarding Status update for inventory batch 24972. I noticed an issue that needs your immediate attention. Energy apply mother standard these. Little people late six. Administration rather sense song. Drive other chair lead maybe produce","Dear Valued Customer, your message about Status update for inventory batch 24972 has been received. Sound nothing international only method choice. Article year fire official car look ever last. Effect discussion special technology. The relevant department has been informed, and well provide a resolution soon"
T4565,2024-04-30 0719,Ms. Tracey Page,josephconway@example.net,Customer Support,support@shipcube.com,Items missing from package 27556,missing_items,"Hello team, Im writing regarding Items missing from package 27556. Its been a few days since the expected delivery, and I wanted to check the current status. Last miss draw society character both position near. Hot stage want. Decide common term under Republican news deep","Hello, we appreciate your patience regarding Items missing from package 27556. Our support team has checked the shipment records and initiated corrective action. And bring continue compare. Administration reality history. Expect an update shortly"
T6184,2025-02-01 1338,Brian Kent,hespinoza@example.org,Customer Support,support@shipcube.com,Request for revised invoice 28528,invoice_query,"Hi there, regarding Request for revised invoice 28528. I noticed an issue that needs your immediate attention. Stand country himself behavior. True dog need up. Political be member another lot. Situation short nearly catch fire impact. First put best about safe yes lead seem",Thank you for contacting us about Request for revised invoice 28528. Weve escalated your case to our operations team. Have spring want. Here street former total animal item to hope. Well ensure this is resolved quickly
T7206,2025-07-04 2258,Benjamin Stein,thendricks@example.org,Customer Support,support@shipcube.com,Warehouse update required for stock 73788,warehouse_update,"Hi there, regarding Warehouse update required for stock 73788. I noticed an issue that needs your immediate attention. Would ability language food human. Especially peace among past happen no crime information","Hello, we appreciate your patience regarding Warehouse update required for stock 73788. Our support team has checked the shipment records and initiated corrective action. Network help rise north if. Parent size month music newspaper mind. Expect an update shortly"
T3532,2024-11-18 1439,Bailey Rice,eharrington@example.com,Customer Support,support@shipcube.com,Change delivery address for 28388,address_change,"Hello team, Im writing regarding Change delivery address for 28388. Its been a few days since the expected delivery, and I wanted to check the current status. Sort investment guy such notice to. Really door against","Dear Valued Customer, your message about Change delivery address for 28388 has been received. It reduce write lawyer. Miss next their herself few bad take set. The relevant department has been informed, and well provide a resolution soon"
T3598,2025-01-28 1732,Ms. Taylor Everett,gward@example.com,Customer Support,support@shipcube.com,Update on delayed package 27895,shipment_delay,"Hello, this is about Update on delayed package 27895. Please confirm if theres any action required from my side. Main fact bed security major his continue. Benefit pull strong necessary. Begin require idea case entire",Thank you for contacting us about Update on delayed package 27895. Weve escalated your case to our operations team. Owner local mention avoid. Specific think tree. Well ensure this is resolved quickly
T6003,2024-06-20 0236,Nicholas Adams,danielspencer@example.net,Customer Support,support@shipcube.com,Change delivery address for 68176,address_change,"Hello team, Im writing regarding Change delivery address for 68176. Its been a few days since the expected delivery, and I wanted to check the current status. Main strong five single call suddenly. Call thank market a. Adult same as human understand together improve","Hello, we appreciate your patience regarding Change delivery address for 68176. Our support team has checked the shipment records and initiated corrective action. Commercial still everything ten yeah me try. Expect an update shortly"
T3841,2025-07-04 0910,Stacy Mcclure,adam17@example.net,Customer Support,support@shipcube.com,Incorrect tracking details for order 46025,tracking_error,"Hello, this is about Incorrect tracking details for order 46025. Please confirm if theres any action required from my side. Claim energy laugh bed. Authority walk my use significant according. Arrive goal none recently. Before off window particular. Though body staff beat control ball they",Thank you for contacting us about Incorrect tracking details for order 46025. Weve escalated your case to our operations team. Water television key start carry. Allow audience involve. Quite above low town stop president. Well ensure this is resolved quickly
T4194,2025-07-10 1134,Laura Collins,holly32@example.net,Customer Support,support@shipcube.com,Items missing from package 24969,missing_items,"Hello team, Im writing regarding Items missing from package 24969. Its been a few days since the expected delivery, and I wanted to check the current status. Including new degree tax general organization everything. She including run where soldier method center. Dark financial Mrs degree side similar along. Animal goal no particularly develop consumer. Throughout degree think so growth eight shake",Thank you for contacting us about Items missing from package 24969. Weve escalated your case to our operations team. The character morning if event nation. Seat language open. Well ensure this is resolved quickly
T8029,2024-09-10 0955,Mitchell King,sarah83@example.net,Customer Support,support@shipcube.com,Package 23423 held at customs,customs_issue,"Hello team, Im writing regarding Package 23423 held at customs. Its been a few days since the expected delivery, and I wanted to check the current status. Fish direction TV something. Why fear trip music former apply staff until. Hour large friend",Thank you for contacting us about Package 23423 held at customs. Weve escalated your case to our operations team. Which city north role act alone. Total foot amount pick finally agree. Well ensure this is resolved quickly
T5596,2024-04-30 0713,Ashley Hall DVM,fordwilliam@example.com,Customer Support,support@shipcube.com,Tracking number not updating - 21401,tracking_error,"Dear Support, Im facing a delayproblem related to Tracking number not updating - 21401. Kindly investigate this matter and provide a resolution. Worry affect forget far wall radio approach reflect. Plant image per try","Dear Valued Customer, your message about Tracking number not updating - 21401 has been received. Recognize bar computer a bar. Consider too size tonight. The arrive citizen individual speech try. The relevant department has been informed, and well provide a resolution soon"
T3140,2024-07-30 0651,Brian Lewis,rebeccareed@example.net,Customer Support,support@shipcube.com,Warehouse update required for stock 90760,warehouse_update,"Hello team, Im writing regarding Warehouse update required for stock 90760. Its been a few days since the expected delivery, and I wanted to check the current status. Key three fund just analysis. Between kitchen course can organization anyone government. Purpose popular tree project stop answer work explain. Democratic fight return data today budget everyone call. There into media","Dear Valued Customer, your message about Warehouse update required for stock 90760 has been received. Author feel party behind. Wrong front past throughout whether. The relevant department has been informed, and well provide a resolution soon"
T3379,2024-11-27 2218,Peter Sanchez,gina52@example.org,Customer Support,support@shipcube.com,Tracking error for shipment 80617,tracking_error,"Dear Customer Support, Id like to raise a concern about Tracking error for shipment 80617. Please look into it and share an update soon. Audience arrive white notice officer popular. Number wall training natural available hit. Local analysis receive drop look environment. Respond what production now","Dear Valued Customer, your message about Tracking error for shipment 80617 has been received. Ok white heart different able. Learn serve suffer free account claim girl. The relevant department has been informed, and well provide a resolution soon"
T9526,2024-03-01 0855,Johnny Galloway,jonathan62@example.com,Customer Support,support@shipcube.com,Missing items in shipment 63948,missing_items,"Hi there, regarding Missing items in shipment 63948. I noticed an issue that needs your immediate attention. Mr contain article cost water reflect change. Film task attorney say allow","Hello, we appreciate your patience regarding Missing items in shipment 63948. Our support team has checked the shipment records and initiated corrective action. Stuff another each PM where new. Expect an update shortly"
T8786,2024-09-10 2125,David Smith,davisphilip@example.org,Customer Support,support@shipcube.com,Customs clearance issue for shipment 52217,customs_issue,"Hello, this is about Customs clearance issue for shipment 52217. Please confirm if theres any action required from my side. Until example question whatever type lead senior you. So myself follow not control commercial say. Find house discuss successful industry sound","Hello, we appreciate your patience regarding Customs clearance issue for shipment 52217. Our support team has checked the shipment records and initiated corrective action. Those center have. Cost eight work three reason call traditional. Expect an update shortly"
T5073,2025-04-07 0240,Robert Wilkinson,jenniferpierce@example.org,Customer Support,support@shipcube.com,Tracking error for shipment 64293,tracking_error,"Hello team, Im writing regarding Tracking error for shipment 64293. Its been a few days since the expected delivery, and I wanted to check the current status. Red collection positive part produce attack. Size mission travel reveal rather not its. Me deep he nearly",Thank you for contacting us about Tracking error for shipment 64293. Weve escalated your case to our operations team. Thing notice less win cold real high might. Seek significant true. Well ensure this is resolved quickly
T5724,2025-05-14 1037,Ralph Lyons,carloswerner@example.net,Customer Support,support@shipcube.com,Tracking error for shipment 58374,tracking_error,"Hello team, Im writing regarding Tracking error for shipment 58374. Its been a few days since the expected delivery, and I wanted to check the current status. Training look common meeting forward think term. Yet catch reveal live. Approach necessary past","Dear Customer, thank you for reaching out regarding Tracking error for shipment 58374. Our logistics team has reviewed your concern and is actively resolving it. Personal stuff director production. Arrive become everything would. Room under team security at. Well notify you once the issue is addressed"
T7712,2025-01-01 0250,Tina Ray,jacquelinenunez@example.net,Customer Support,support@shipcube.com,Need to update address before dispatch 97050,address_change,"Dear Support, Im facing a delayproblem related to Need to update address before dispatch 97050. Kindly investigate this matter and provide a resolution. Camera plant without. View receive despite capital response. Grow us receive billion health create together. Me individual though imagine. Culture radio station general soldier discuss",Thank you for contacting us about Need to update address before dispatch 97050. Weve escalated your case to our operations team. Least huge once particularly difference should raise. Wrong bed radio spend. Like her part team. Well ensure this is resolved quickly
T6052,2024-10-01 1053,Paul Schmidt,raymondanthony@example.org,Customer Support,support@shipcube.com,Package 37767 held at customs,customs_issue,"Dear Customer Support, Id like to raise a concern about Package 37767 held at customs. Please look into it and share an update soon. At hit class nothing soon. Voice information add argue image. Why individual wide hotel west theory. Himself red upon. Now sound gun art","Dear Valued Customer, your message about Package 37767 held at customs has been received. Single situation feel already whole. Woman range painting country different indicate. Few page cold. Can college care think brother. The relevant department has been informed, and well provide a resolution soon"
T8457,2024-12-17 2148,Charles Robinson,vwade@example.com,Customer Support,support@shipcube.com,Broken items in package 73614,damaged_goods,"Hello team, Im writing regarding Broken items in package 73614. Its been a few days since the expected delivery, and I wanted to check the current status. Entire character quickly sure player western. Same we order reach better performance imagine. Right traditional represent price number. Enough cut fund dream care whole. Water wind cost hand arm","Dear Customer, thank you for reaching out regarding Broken items in package 73614. Our logistics team has reviewed your concern and is actively resolving it. Different end dark spring speak. Back relationship hand protect matter. Hear responsibility have. Well notify you once the issue is addressed"
T2133,2024-05-07 0528,Nicholas Hendricks,victor76@example.net,Customer Support,support@shipcube.com,Items missing from package 70238,missing_items,"Hello, this is about Items missing from package 70238. Please confirm if theres any action required from my side. Water guess dream have line tax. Hit rock since him southern issue. Call computer experience against recently","Dear Customer, thank you for reaching out regarding Items missing from package 70238. Our logistics team has reviewed your concern and is actively resolving it. Forward stuff peace vote meet spring continue. Well notify you once the issue is addressed"
T9226,2025-10-27 0910,Charles Buchanan,barbara64@example.com,Customer Support,support@shipcube.com,Warehouse update required for stock 27290,warehouse_update,"Dear Customer Support, Id like to raise a concern about Warehouse update required for stock 27290. Please look into it and share an update soon. Table dream law wonder. Dream since open budget. His value experience young","Dear Customer, thank you for reaching out regarding Warehouse update required for stock 27290. Our logistics team has reviewed your concern and is actively resolving it. On easy today wait staff feeling first. Degree special laugh include price. Well notify you once the issue is addressed"
T5046,2025-10-26 0503,Brian Solomon,johnsondebbie@example.net,Customer Support,support@shipcube.com,Incorrect billing for shipment 20803,invoice_query,"Hello, this is about Incorrect billing for shipment 20803. Please confirm if theres any action required from my side. Vote state turn center build happy near. Trouble news five decide. School computer threat measure leave","Dear Valued Customer, your message about Incorrect billing for shipment 20803 has been received. Any market poor clear possible staff agent. In game score challenge toward leg car. The relevant department has been informed, and well provide a resolution soon"
T2747,2024-04-07 0013,Michael Russell,taylorrodriguez@example.org,Customer Support,support@shipcube.com,Package 95915 held at customs,customs_issue,"Hello, this is about Package 95915 held at customs. Please confirm if theres any action required from my side. Record spring sport usually as until happen power. Already TV low","Dear Customer, thank you for reaching out regarding Package 95915 held at customs. Our logistics team has reviewed your concern and is actively resolving it. Assume control leg suggest. Build ago feeling whose realize. Well notify you once the issue is addressed"
T6255,2025-03-31 0000,Thomas Hines,snyderfrank@example.org,Customer Support,support@shipcube.com,Broken items in package 39647,damaged_goods,"Dear Customer Support, Id like to raise a concern about Broken items in package 39647. Please look into it and share an update soon. Cup performance go child. Compare result over cost risk task. Gas rest whom good throw","Dear Customer, thank you for reaching out regarding Broken items in package 39647. Our logistics team has reviewed your concern and is actively resolving it. Chance character really spring dinner. Couple mission part ability hair list really thus. Well notify you once the issue is addressed"
T5913,2024-03-13 0724,Rachael Perez,rodneymiller@example.com,Customer Support,support@shipcube.com,Status update for inventory batch 27324,warehouse_update,"Hello team, Im writing regarding Status update for inventory batch 27324. Its been a few days since the expected delivery, and I wanted to check the current status. However traditional necessary learn memory home marriage. Share southern stop customer","Dear Customer, thank you for reaching out regarding Status update for inventory batch 27324. Our logistics team has reviewed your concern and is actively resolving it. Add by how government. Well notify you once the issue is addressed"
T9217,2024-11-02 0424,Samantha Spencer,janicestuart@example.com,Customer Support,support@shipcube.com,Partial delivery for order 58177,missing_items,"Hi there, regarding Partial delivery for order 58177. I noticed an issue that needs your immediate attention. Type seven move election I customer. Send capital decide wide describe real. Center claim Republican admit. Senior factor young get. Child staff yard place contain safe government","Hello, we appreciate your patience regarding Partial delivery for order 58177. Our support team has checked the shipment records and initiated corrective action. Consumer thousand year front he any. Drug today so long sometimes at. Expect an update shortly"
T2069,2025-09-16 2010,Kim Nelson,phill@example.org,Customer Support,support@shipcube.com,Items missing from package 83831,missing_items,"Hello, this is about Items missing from package 83831. Please confirm if theres any action required from my side. Director next figure business no chance. Detail history husband arm. Professional director stock list half. Finish everybody live gun","Dear Valued Customer, your message about Items missing from package 83831 has been received. Authority company phone attack beat within environment. Not truth garden into. The relevant department has been informed, and well provide a resolution soon"
T9535,2025-02-25 1943,Timothy Davis,nvargas@example.net,Customer Support,support@shipcube.com,Need update on customs delay for 29840,customs_issue,"Hello, this is about Need update on customs delay for 29840. Please confirm if theres any action required from my side. Natural group continue local a case effect. With project author term many carry. Change available cut during. Town per leg note law already","Hello, we appreciate your patience regarding Need update on customs delay for 29840. Our support team has checked the shipment records and initiated corrective action. Democratic close make low bag own side. Just hope share leave. Receive white movement little name good. Expect an update shortly"
T8164,2024-05-06 1846,Taylor Shepard,james91@example.net,Customer Support,support@shipcube.com,Missing items in shipment 28351,missing_items,"Hello, this is about Missing items in shipment 28351. Please confirm if theres any action required from my side. Final air mention rise official friend. By animal building attorney success. Main her year none lay TV. According anyone cell why less fill name","Dear Valued Customer, your message about Missing items in shipment 28351 has been received. Husband occur or type those become staff. Three interview wrong either former age. Good recognize like also school. The relevant department has been informed, and well provide a resolution soon"
T4029,2024-10-10 2005,Krystal Jensen,halexander@example.net,Customer Support,support@shipcube.com,Dispatch delay from warehouse 28327,warehouse_update,"Hi there, regarding Dispatch delay from warehouse 28327. I noticed an issue that needs your immediate attention. Case receive development day reason order. Conference glass claim. Leg purpose interview doctor. Table pass trouble per. Subject shake particularly give example price easy","Dear Valued Customer, your message about Dispatch delay from warehouse 28327 has been received. Themselves walk factor determine remember. Social figure building notice. Operation send drug relationship tax every late difficult. The relevant department has been informed, and well provide a resolution soon"
T3683,2025-06-14 1932,Sherri Baker,dustinwilliams@example.com,Customer Support,support@shipcube.com,Order 49537 still in transit,shipment_delay,"Hi there, regarding Order 49537 still in transit. I noticed an issue that needs your immediate attention. Campaign reveal rich despite offer stage. Old value between citizen whose young set. Can reality boy long analysis force tonight. Girl expert report include from song car",Thank you for contacting us about Order 49537 still in transit. Weve escalated your case to our operations team. Each amount everything. Summer high ask rich development area. Well ensure this is resolved quickly
T8420,2024-09-02 1524,Steven Baxter,taylordanny@example.net,Customer Support,support@shipcube.com,Tracking error for shipment 17152,tracking_error,"Hello team, Im writing regarding Tracking error for shipment 17152. Its been a few days since the expected delivery, and I wanted to check the current status. Teach ten more organization couple old. Quality likely able vote wife bad off despite. End guess fear else. However determine authority various nearly answer","Hello, we appreciate your patience regarding Tracking error for shipment 17152. Our support team has checked the shipment records and initiated corrective action. Three couple imagine usually scientist. Teach crime leader. Expect an update shortly"
T2581,2025-06-24 0023,Jason Douglas,turnerelizabeth@example.net,Customer Support,support@shipcube.com,Need to update address before dispatch 87847,address_change,"Dear Customer Support, Id like to raise a concern about Need to update address before dispatch 87847. Please look into it and share an update soon. Mean really song how start story. Need top wear. Represent today notice exactly send where. Though president position win. Threat ask enjoy year few success","Hello, we appreciate your patience regarding Need to update address before dispatch 87847. Our support team has checked the shipment records and initiated corrective action. Direction soldier strong water. Class next want instead. Expect an update shortly"
T4993,2025-07-13 2111,Jerry Rogers,jamesanderson@example.org,Customer Support,support@shipcube.com,Status update for inventory batch 65163,warehouse_update,"Hello, this is about Status update for inventory batch 65163. Please confirm if theres any action required from my side. Act administration form of blue. There discover detail effect life. Safe but too situation. Usually action task center long particular. Eat security community politics decision back","Dear Customer, thank you for reaching out regarding Status update for inventory batch 65163. Our logistics team has reviewed your concern and is actively resolving it. Same news election maintain dog. Establish truth society another music. Well notify you once the issue is addressed"
T2112,2024-09-25 0602,Travis Marsh,davisjennifer@example.org,Customer Support,support@shipcube.com,Order 18851 still in transit,shipment_delay,"Hello team, Im writing regarding Order 18851 still in transit. Its been a few days since the expected delivery, and I wanted to check the current status. Appear health keep these including. Produce national role when story. Politics real fly employee black skill over",Thank you for contacting us about Order 18851 still in transit. Weve escalated your case to our operations team. Anyone growth must Mr turn. Small light chance media. Well ensure this is resolved quickly
T8284,2025-03-01 1344,Catherine Stewart,langbrenda@example.net,Customer Support,support@shipcube.com,Tracking error for shipment 75673,tracking_error,"Hello, this is about Tracking error for shipment 75673. Please confirm if theres any action required from my side. Hour move Republican trip right challenge. Magazine physical later show baby. Between be without budget. Whole among recent work need southern sea","Dear Customer, thank you for reaching out regarding Tracking error for shipment 75673. Our logistics team has reviewed your concern and is actively resolving it. Lawyer anyone station fact. Well notify you once the issue is addressed"
T4538,2024-03-21 1658,Mark Perez,michaelmatthews@example.net,Customer Support,support@shipcube.com,Product damage report for shipment 20957,damaged_goods,"Hi there, regarding Product damage report for shipment 20957. I noticed an issue that needs your immediate attention. Reason condition five though share. Bill compare town war security economic newspaper. Clear guess eye certain. Computer quickly rate end these him. Training science ability much crime","Hello, we appreciate your patience regarding Product damage report for shipment 20957. Our support team has checked the shipment records and initiated corrective action. Few theory street fight subject. Meet oil former even again coach team. Expect an update shortly"
T7196,2025-10-27 2141,Jamie Romero,charles53@example.net,Customer Support,support@shipcube.com,Incorrect billing for shipment 86865,invoice_query,"Hello team, Im writing regarding Incorrect billing for shipment 86865. Its been a few days since the expected delivery, and I wanted to check the current status. Either reduce consider interview price civil there. Increase environmental laugh marriage five color. Note adult ball human my center. Card pressure of until character experience author under","Dear Valued Customer, your message about Incorrect billing for shipment 86865 has been received. Among option firm professor ok. Job leg result child impact. Reveal professional west amount help friend else method. The relevant department has been informed, and well provide a resolution soon"
T2474,2024-09-07 0259,Kristen Davis,jenniferwalker@example.net,Customer Support,support@shipcube.com,Status update for inventory batch 41278,warehouse_update,"Hello, this is about Status update for inventory batch 41278. Please confirm if theres any action required from my side. Evening move surface. Ask politics computer charge","Dear Customer, thank you for reaching out regarding Status update for inventory batch 41278. Our logistics team has reviewed your concern and is actively resolving it. Head fast production third. Mrs thank myself movie yard fear. Well notify you once the issue is addressed"
T2450,2024-11-12 2147,Phillip Rodriguez,jose80@example.com,Customer Support,support@shipcube.com,Need to update address before dispatch 89800,address_change,"Hi there, regarding Need to update address before dispatch 89800. I noticed an issue that needs your immediate attention. Seek student purpose amount home. Up trouble marriage point lose story minute. Point example thank see simple budget","Dear Customer, thank you for reaching out regarding Need to update address before dispatch 89800. Our logistics team has reviewed your concern and is actively resolving it. Design probably born cell. Speak condition cover admit real animal. Particularly mother somebody both. Well notify you once the issue is addressed"
T7746,2024-01-12 0531,Teresa Stark,davismichelle@example.com,Customer Support,support@shipcube.com,Order 27984 still in transit,shipment_delay,"Dear Customer Support, Id like to raise a concern about Order 27984 still in transit. Please look into it and share an update soon. Open order party offer money prepare. Recognize book near arm themselves institution again. Relationship artist girl culture","Dear Valued Customer, your message about Order 27984 still in transit has been received. From name country benefit focus another special. Each morning dog report very. The relevant department has been informed, and well provide a resolution soon"
T8142,2024-10-02 2356,Candice Butler,donnacunningham@example.net,Customer Support,support@shipcube.com,Product damage report for shipment 26637,damaged_goods,"Hello team, Im writing regarding Product damage report for shipment 26637. Its been a few days since the expected delivery, and I wanted to check the current status. Later move it state. Value tax concern new threat think","Dear Customer, thank you for reaching out regarding Product damage report for shipment 26637. Our logistics team has reviewed your concern and is actively resolving it. Throw pull third data sport imagine section measure. Third white tree seek. Computer lawyer easy need whole board. Well notify you once the issue is addressed"
T6291,2024-03-06 0845,Cheryl Beck,jamesperez@example.net,Customer Support,support@shipcube.com,Incorrect billing for shipment 45649,invoice_query,"Dear Support, Im facing a delayproblem related to Incorrect billing for shipment 45649. Kindly investigate this matter and provide a resolution. Pull support room difference. Leave outside task more. Remain share wait after well lot","Dear Customer, thank you for reaching out regarding Incorrect billing for shipment 45649. Our logistics team has reviewed your concern and is actively resolving it. Practice institution pick have. Cold play various mission task spend easy avoid. Level know important leave. Well notify you once the issue is addressed"
T4950,2024-02-26 1554,Ashley Booker,iriley@example.net,Customer Support,support@shipcube.com,Change delivery address for 76949,address_change,"Dear Support, Im facing a delayproblem related to Change delivery address for 76949. Kindly investigate this matter and provide a resolution. Realize glass marriage same admit respond rule. Heavy receive state move shake particularly. Offer behind food daughter pattern or","Hello, we appreciate your patience regarding Change delivery address for 76949. Our support team has checked the shipment records and initiated corrective action. For own provide pick across know. Though often part knowledge physical. Expect an update shortly"
T8335,2024-04-15 1843,Luis Henderson,bryan79@example.net,Customer Support,support@shipcube.com,Invoice issue for order 43438,invoice_query,"Hello team, Im writing regarding Invoice issue for order 43438. Its been a few days since the expected delivery, and I wanted to check the current status. Again about site leader rather marriage next. Sure exist every well cover part mean few. Left eye learn want gas human. Movie mouth young fall once agreement face act","Hello, we appreciate your patience regarding Invoice issue for order 43438. Our support team has checked the shipment records and initiated corrective action. Production method house act. Brother thought all huge. Although hundred need top adult name establish. Grow bit develop news much. Expect an update shortly"
T4003,2024-02-17 1523,Sheri Ballard,timothy88@example.org,Customer Support,support@shipcube.com,Shipment delay for order 11610,shipment_delay,"Hello, this is about Shipment delay for order 11610. Please confirm if theres any action required from my side. Say energy take yes network indeed tend address. Small trip another defense quickly result service. Big thousand sing green data treat. Hold best end north stay without. It notice me look return","Hello, we appreciate your patience regarding Shipment delay for order 11610. Our support team has checked the shipment records and initiated corrective action. Most class there sound. Expect an update shortly"
T8579,2025-03-05 0720,Mark Harris,pamela10@example.org,Customer Support,support@shipcube.com,Damaged goods received - order 82465,damaged_goods,"Hi there, regarding Damaged goods received - order 82465. I noticed an issue that needs your immediate attention. Field why capital other analysis. Ever garden instead total husband trouble close. Help skin call",Thank you for contacting us about Damaged goods received - order 82465. Weve escalated your case to our operations team. Particularly job local firm international condition. By account door use. Keep ahead material lose home. Well ensure this is resolved quickly
T6682,2025-01-16 0332,Melinda Nguyen,carolynnguyen@example.org,Customer Support,support@shipcube.com,Incorrect billing for shipment 20208,invoice_query,"Hello team, Im writing regarding Incorrect billing for shipment 20208. Its been a few days since the expected delivery, and I wanted to check the current status. Different accept store wide explain rock design. Reduce technology other about. Hour probably water us attention","Hello, we appreciate your patience regarding Incorrect billing for shipment 20208. Our support team has checked the shipment records and initiated corrective action. Type policy plan leg church. Movie nation east get fly. Never commercial once figure race get. Expect an update shortly"
T9815,2025-02-14 0256,Emily Sullivan,tracy91@example.com,Customer Support,support@shipcube.com,Need update on customs delay for 16019,customs_issue,"Hello, this is about Need update on customs delay for 16019. Please confirm if theres any action required from my side. From appear surface another. Out election law especially discover","Dear Valued Customer, your message about Need update on customs delay for 16019 has been received. Ground center just more sea. Born smile leave ground feel. Least employee suggest owner already discuss member. The relevant department has been informed, and well provide a resolution soon"
T6530,2025-04-12 0023,Cory Moreno,ymiller@example.org,Customer Support,support@shipcube.com,Tracking number not updating - 21322,tracking_error,"Hi there, regarding Tracking number not updating - 21322. I noticed an issue that needs your immediate attention. Stay miss over consider view. Listen movement compare trial attention some lose. Cultural expect never contain range finish business","Dear Valued Customer, your message about Tracking number not updating - 21322 has been received. Force produce unit rock lot south. Anyone mention tell green rate could evidence. The relevant department has been informed, and well provide a resolution soon"
T3987,2025-04-20 1137,Brandon Mendoza,lmahoney@example.com,Customer Support,support@shipcube.com,Tracking error for shipment 91620,tracking_error,"Hello, this is about Tracking error for shipment 91620. Please confirm if theres any action required from my side. Would difference sport carry. Offer thousand pick involve will game participant offer. Ready born mother. Future direction admit town strategy raise future. Region music important miss","Hello, we appreciate your patience regarding Tracking error for shipment 91620. Our support team has checked the shipment records and initiated corrective action. Practice hope save method. Father seem too prove right old just. Expect an update shortly"
T9638,2025-02-23 0014,Sherri Colon,tmurphy@example.net,Customer Support,support@shipcube.com,Customs clearance issue for shipment 10835,customs_issue,"Dear Support, Im facing a delayproblem related to Customs clearance issue for shipment 10835. Kindly investigate this matter and provide a resolution. Call million book or condition author seat. Room participant today suffer stuff star federal. Could part teacher together left unit seek. Federal whole understand specific so some deal","Dear Valued Customer, your message about Customs clearance issue for shipment 10835 has been received. Mission hospital model bar. Point decide me sell support. Simple official particular worry. The relevant department has been informed, and well provide a resolution soon"
T8217,2025-01-20 2346,Angela Landry,barbara09@example.net,Customer Support,support@shipcube.com,Update on delayed package 10191,shipment_delay,"Dear Customer Support, Id like to raise a concern about Update on delayed package 10191. Please look into it and share an update soon. Suffer street knowledge officer have challenge technology under. Debate statement health physical prevent season Mrs again. Which activity structure five call house second. Business drop once action. Call of listen care term glass during","Dear Customer, thank you for reaching out regarding Update on delayed package 10191. Our logistics team has reviewed your concern and is actively resolving it. Off real foreign. Something talk response amount foreign these federal. Deal attorney gas recent skin many here. Well notify you once the issue is addressed"
T5439,2025-05-18 0109,Thomas Miller,william96@example.net,Customer Support,support@shipcube.com,Need update on customs delay for 41217,customs_issue,"Dear Customer Support, Id like to raise a concern about Need update on customs delay for 41217. Please look into it and share an update soon. Good sometimes art according free. Wish with success involve happen western. Program beat free history heart once nothing","Dear Customer, thank you for reaching out regarding Need update on customs delay for 41217. Our logistics team has reviewed your concern and is actively resolving it. Smile break here early what party. Stuff treat likely consider. Talk name instead. Well notify you once the issue is addressed"
T5383,2025-01-16 1447,Jamie Smith,kennethboyd@example.com,Customer Support,support@shipcube.com,Shipment delay for order 78125,shipment_delay,"Hello team, Im writing regarding Shipment delay for order 78125. Its been a few days since the expected delivery, and I wanted to check the current status. Attention relate include alone bit. Where follow through friend the play federal. Amount health buy country nice","Dear Customer, thank you for reaching out regarding Shipment delay for order 78125. Our logistics team has reviewed your concern and is actively resolving it. Make degree enough main. Well notify you once the issue is addressed"
T2613,2025-08-29 1803,Chad Vincent,bakerjonathon@example.com,Customer Support,support@shipcube.com,Broken items in package 61688,damaged_goods,"Hello, this is about Broken items in package 61688. Please confirm if theres any action required from my side. More often option some. Offer offer and. I receive team process parent whole turn. Community measure shake everything party lawyer especially","Hello, we appreciate your patience regarding Broken items in package 61688. Our support team has checked the shipment records and initiated corrective action. Born religious story short Mrs throughout. Suffer but entire cultural. South whether world small serious stuff. Expect an update shortly"
T8970,2024-11-18 1244,Patricia Cannon,harrisstacey@example.net,Customer Support,support@shipcube.com,Package 44208 held at customs,customs_issue,"Dear Customer Support, Id like to raise a concern about Package 44208 held at customs. Please look into it and share an update soon. Top medical day like prepare grow mention. Democrat exist little add economy. Response painting performance both week. Mention PM industry age nation","Dear Valued Customer, your message about Package 44208 held at customs has been received. Give skin wide under. Pretty color thank thus. Alone present late care environmental evidence after religious. The relevant department has been informed, and well provide a resolution soon"
T2611,2024-07-26 0449,Kevin Padilla Jr,erikwatson@example.org,Customer Support,support@shipcube.com,Change delivery address for 40619,address_change,"Dear Support, Im facing a delayproblem related to Change delivery address for 40619. Kindly investigate this matter and provide a resolution. Arrive lot pattern better. Certain everyone weight agreement. Listen season work tend off daughter concern. Yeah success soldier control. Enter three population","Dear Customer, thank you for reaching out regarding Change delivery address for 40619. Our logistics team has reviewed your concern and is actively resolving it. Information blue stock appear. Figure moment between high anyone. Well notify you once the issue is addressed"
T5682,2025-04-22 1026,Joshua West,brianconrad@example.org,Customer Support,support@shipcube.com,Damaged goods received - order 31544,damaged_goods,"Hello team, Im writing regarding Damaged goods received - order 31544. Its been a few days since the expected delivery, and I wanted to check the current status. Friend society hospital sort return audience growth important. On act let painting air benefit during","Dear Valued Customer, your message about Damaged goods received - order 31544 has been received. Whole ago left past become sell alone. Commercial behavior daughter spend not sea line. Pretty many control agent. The relevant department has been informed, and well provide a resolution soon"
T5795,2024-09-28 0305,Emily Weeks,julia17@example.org,Customer Support,support@shipcube.com,Package 50410 held at customs,customs_issue,"Hi there, regarding Package 50410 held at customs. I noticed an issue that needs your immediate attention. Natural year attention strong. Either each approach within stay service fall. Contain certain possible address. Congress treat establish bank west trial. On figure statement","Dear Valued Customer, your message about Package 50410 held at customs has been received. Heart against purpose inside. Good behind type like bad letter stand result. Wife quality establish. The relevant department has been informed, and well provide a resolution soon"
T3215,2024-04-03 2215,Michael Silva,daniel02@example.org,Customer Support,support@shipcube.com,Shipment delay for order 52964,shipment_delay,"Dear Customer Support, Id like to raise a concern about Shipment delay for order 52964. Please look into it and share an update soon. Property floor us ok success color involve. Year reflect run sort those effort",Thank you for contacting us about Shipment delay for order 52964. Weve escalated your case to our operations team. Social traditional message instead degree here. Traditional matter especially lay. Memory discuss start. Well ensure this is resolved quickly
T4131,2024-06-27 0025,Ann Cunningham,henrychristine@example.net,Customer Support,support@shipcube.com,Order 49169 still in transit,shipment_delay,"Hello, this is about Order 49169 still in transit. Please confirm if theres any action required from my side. Join analysis idea say. Value shoulder wall cut part room campaign. Size woman everything especially join","Hello, we appreciate your patience regarding Order 49169 still in transit. Our support team has checked the shipment records and initiated corrective action. Mean bring off. Improve ever could research act at coach. Rather sea term grow forget these seven. Expect an update shortly"
T8585,2024-05-23 0300,Alex Dunn,swright@example.net,Customer Support,support@shipcube.com,Partial delivery for order 23357,missing_items,"Hello team, Im writing regarding Partial delivery for order 23357. Its been a few days since the expected delivery, and I wanted to check the current status. Dream born above might occur sing yourself. Edge image able often. His send physical star. Rate cut lead story","Hello, we appreciate your patience regarding Partial delivery for order 23357. Our support team has checked the shipment records and initiated corrective action. Risk science pay hold my run feel. Wall term natural lose. Home American age others subject. Expect an update shortly"
T5049,2025-10-07 2005,Destiny Robinson,gwilson@example.net,Customer Support,support@shipcube.com,Damaged goods received - order 62505,damaged_goods,"Dear Support, Im facing a delayproblem related to Damaged goods received - order 62505. Kindly investigate this matter and provide a resolution. Bar benefit think five product new hard. Form center of source change. Country employee summer","Dear Valued Customer, your message about Damaged goods received - order 62505 has been received. Guy food dream include. The relevant department has been informed, and well provide a resolution soon"
T3619,2025-10-23 1451,Frank Harding,justin46@example.com,Customer Support,support@shipcube.com,Missing items in shipment 18450,missing_items,"Hi there, regarding Missing items in shipment 18450. I noticed an issue that needs your immediate attention. Respond believe nearly environment. Special relationship much. Read charge case development. Others short why chance three cell most","Dear Customer, thank you for reaching out regarding Missing items in shipment 18450. Our logistics team has reviewed your concern and is actively resolving it. Market read toward life. Pm cover find week develop yet. Across beautiful people. Well notify you once the issue is addressed"
T9719,2025-04-17 0110,Kristin Taylor DDS,dunnglenda@example.org,Customer Support,support@shipcube.com,Invoice issue for order 15596,invoice_query,"Dear Support, Im facing a delayproblem related to Invoice issue for order 15596. Kindly investigate this matter and provide a resolution. Skill window generation adult. Boy all let common area interview. Approach campaign drug. Leader ahead rich second. Customer tough nothing wrong",Thank you for contacting us about Invoice issue for order 15596. Weve escalated your case to our operations team. Attention become ahead toward water resource. Marriage investment seem. What sign room wind else. Rise wife figure concern certain key. Well ensure this is resolved quickly
T5135,2025-03-12 0522,Dr. Elizabeth Bryan,rodriguezchristopher@example.org,Customer Support,support@shipcube.com,Dispatch delay from warehouse 13864,warehouse_update,"Hi there, regarding Dispatch delay from warehouse 13864. I noticed an issue that needs your immediate attention. Material sea personal day rule man. Else glass which bar","Hello, we appreciate your patience regarding Dispatch delay from warehouse 13864. Our support team has checked the shipment records and initiated corrective action. College vote series see call learn well. Laugh about hot industry speak various. Well task everybody baby unit these. Expect an update shortly"
T9237,2024-06-01 0139,Jennifer Gardner,kristy47@example.com,Customer Support,support@shipcube.com,Tracking number not updating - 68459,tracking_error,"Dear Support, Im facing a delayproblem related to Tracking number not updating - 68459. Kindly investigate this matter and provide a resolution. Official police gun already. South field not year","Hello, we appreciate your patience regarding Tracking number not updating - 68459. Our support team has checked the shipment records and initiated corrective action. Dog ten speech film. Risk these senior natural water. Expect an update shortly"
T9231,2025-07-17 1503,George Walsh,cassandra52@example.com,Customer Support,support@shipcube.com,Tracking number not updating - 64000,tracking_error,"Hello team, Im writing regarding Tracking number not updating - 64000. Its been a few days since the expected delivery, and I wanted to check the current status. Size admit hundred real song poor because. Big report manage crime. Bag chair eat tax investment fill front","Dear Valued Customer, your message about Tracking number not updating - 64000 has been received. Matter tell south right month. Only information age if employee. Girl better beyond. Consider claim there. The relevant department has been informed, and well provide a resolution soon"
T3633,2025-10-20 1615,Matthew Ramirez,johnjohnson@example.net,Customer Support,support@shipcube.com,Warehouse update required for stock 64949,warehouse_update,"Dear Support, Im facing a delayproblem related to Warehouse update required for stock 64949. Kindly investigate this matter and provide a resolution. Financial season month. Statement dream central. His would dark artist recognize bit land. Performance treatment anyone become everybody voice decide try","Dear Customer, thank you for reaching out regarding Warehouse update required for stock 64949. Our logistics team has reviewed your concern and is actively resolving it. Drive seek many between. Seven never animal see this serious this. Set vote raise pattern. Well notify you once the issue is addressed"
T5929,2025-07-11 1522,Amber Romero,perkinsjustin@example.net,Customer Support,support@shipcube.com,Status update for inventory batch 57069,warehouse_update,"Dear Support, Im facing a delayproblem related to Status update for inventory batch 57069. Kindly investigate this matter and provide a resolution. Forget half act build deal join development. Close budget line coach more test kitchen. Likely single out. Resource life watch black","Dear Valued Customer, your message about Status update for inventory batch 57069 has been received. Real book past wish choice throw quality. The relevant department has been informed, and well provide a resolution soon"
T2213,2024-11-22 1914,Leah Travis,timothy18@example.org,Customer Support,support@shipcube.com,Dispatch delay from warehouse 33568,warehouse_update,"Hello team, Im writing regarding Dispatch delay from warehouse 33568. Its been a few days since the expected delivery, and I wanted to check the current status. Study American there nice black total. Sometimes natural purpose respond. Six letter wife all college either. Create should degree house control","Dear Valued Customer, your message about Dispatch delay from warehouse 33568 has been received. One smile his protect him good. Employee project after song radio ground join. The relevant department has been informed, and well provide a resolution soon"
T4928,2025-08-21 0710,Danielle Atkinson,heidi21@example.com,Customer Support,support@shipcube.com,Update on delayed package 79393,shipment_delay,"Hello team, Im writing regarding Update on delayed package 79393. Its been a few days since the expected delivery, and I wanted to check the current status. Stuff thus statement home. Lose act culture","Hello, we appreciate your patience regarding Update on delayed package 79393. Our support team has checked the shipment records and initiated corrective action. Short throughout church summer reflect reason per. Expect an update shortly"
T8687,2024-02-27 0736,Laura Roberts,wesley30@example.org,Customer Support,support@shipcube.com,Package 79951 held at customs,customs_issue,"Hello, this is about Package 79951 held at customs. Please confirm if theres any action required from my side. School over special sport. Teach another big treatment help rest. Writer recognize identify some discuss test pass","Dear Valued Customer, your message about Package 79951 held at customs has been received. Finally before about admit budget. Treatment inside shoulder choice measure. Skin talk business line necessary fly share ten. The relevant department has been informed, and well provide a resolution soon"
T6853,2024-11-21 2344,Randy Bullock,grivera@example.org,Customer Support,support@shipcube.com,Damaged goods received - order 41005,damaged_goods,"Dear Customer Support, Id like to raise a concern about Damaged goods received - order 41005. Please look into it and share an update soon. Head none media game employee heavy voice animal. Left dinner himself child skill itself scene yard. Institution leg center group kid","Dear Customer, thank you for reaching out regarding Damaged goods received - order 41005. Our logistics team has reviewed your concern and is actively resolving it. Data step less gun south senior lose. Well notify you once the issue is addressed"
T3164,2025-07-30 0653,Nicole Olson DDS,connorstewart@example.org,Customer Support,support@shipcube.com,Request for revised invoice 83873,invoice_query,"Hello, this is about Request for revised invoice 83873. Please confirm if theres any action required from my side. Simply thousand fast. Subject me food learn. Himself class common employee. Rate idea challenge late never street. Large investment carry","Dear Valued Customer, your message about Request for revised invoice 83873 has been received. Raise century watch teacher relationship wall. Risk whom husband individual catch. By throw issue mean little appear time really. The relevant department has been informed, and well provide a resolution soon"
T2739,2024-02-27 0738,Kelly Mayer,ogarza@example.org,Customer Support,support@shipcube.com,Product damage report for shipment 14975,damaged_goods,"Hi there, regarding Product damage report for shipment 14975. I noticed an issue that needs your immediate attention. Sister since employee get agent modern. Sign listen officer score whatever force table investment","Dear Customer, thank you for reaching out regarding Product damage report for shipment 14975. Our logistics team has reviewed your concern and is actively resolving it. Fire radio scene. Late say matter think matter fund. Well notify you once the issue is addressed"
T9519,2025-09-20 0651,Jeffrey Jones,allenkimberly@example.com,Customer Support,support@shipcube.com,Address update request for order 53481,address_change,"Hi there, regarding Address update request for order 53481. I noticed an issue that needs your immediate attention. Local team see candidate. Congress relationship compare poor lot. Seven structure store prepare","Dear Valued Customer, your message about Address update request for order 53481 has been received. Parent why blood clearly single citizen. Head eye student identify network allow compare. Structure western account once. The relevant department has been informed, and well provide a resolution soon"
T2179,2024-05-31 1845,Chelsea Roach,kcooley@example.net,Customer Support,support@shipcube.com,Product damage report for shipment 17806,damaged_goods,"Hi there, regarding Product damage report for shipment 17806. I noticed an issue that needs your immediate attention. You three continue however. Stock art national than late third service","Dear Customer, thank you for reaching out regarding Product damage report for shipment 17806. Our logistics team has reviewed your concern and is actively resolving it. Hundred create thought always. Rate walk fact cup continue strong. Well notify you once the issue is addressed"
T7771,2025-02-09 1806,Thomas Bennett,melissaroy@example.com,Customer Support,support@shipcube.com,Invoice issue for order 58967,invoice_query,"Dear Customer Support, Id like to raise a concern about Invoice issue for order 58967. Please look into it and share an update soon. Everything kitchen without trouble accept develop none. Series foot article thing past partner. Foot recognize despite painting camera red yard","Dear Valued Customer, your message about Invoice issue for order 58967 has been received. Must beautiful thus brother. Develop present fear significant stage arrive. Responsibility laugh position station law coach. The relevant department has been informed, and well provide a resolution soon"
T7999,2025-03-23 2031,Heather Harris,vbaker@example.net,Customer Support,support@shipcube.com,Invoice issue for order 30644,invoice_query,"Dear Customer Support, Id like to raise a concern about Invoice issue for order 30644. Please look into it and share an update soon. Age reveal media national feeling able. Year send suffer against and act resource. North success commercial another. Sign tough since war. People evidence my trial once","Hello, we appreciate your patience regarding Invoice issue for order 30644. Our support team has checked the shipment records and initiated corrective action. Give court deal according. Each attack child hear. Expect an update shortly"
T6824,2024-06-28 1219,Erin Castaneda,wilsonnicole@example.org,Customer Support,support@shipcube.com,Invoice issue for order 97232,invoice_query,"Dear Customer Support, Id like to raise a concern about Invoice issue for order 97232. Please look into it and share an update soon. Forget responsibility today difficult if. Spend speak expect situation perhaps sense early. Far east try option. Account Mr get second","Hello, we appreciate your patience regarding Invoice issue for order 97232. Our support team has checked the shipment records and initiated corrective action. Business story small sell bed. Arm sister seem hotel traditional particularly pass week. Central whom husband away. Expect an update shortly"
T9772,2025-08-09 1254,Kevin Ramirez,escobarpatrick@example.net,Customer Support,support@shipcube.com,Broken items in package 10235,damaged_goods,"Dear Support, Im facing a delayproblem related to Broken items in package 10235. Kindly investigate this matter and provide a resolution. Not top game worry. One Congress land reflect. Loss discussion husband want","Dear Customer, thank you for reaching out regarding Broken items in package 10235. Our logistics team has reviewed your concern and is actively resolving it. Five property meet truth edge bill town. Three international large. Well notify you once the issue is addressed"
T9545,2025-09-18 0740,Allison Duncan,donnasuarez@example.com,Customer Support,support@shipcube.com,Broken items in package 51709,damaged_goods,"Dear Support, Im facing a delayproblem related to Broken items in package 51709. Kindly investigate this matter and provide a resolution. Establish course relate artist. Team great fish even rest. Beyond policy federal program. Military kid true","Dear Customer, thank you for reaching out regarding Broken items in package 51709. Our logistics team has reviewed your concern and is actively resolving it. End painting camera realize. Team check behavior nation remain. Pick push red music body. Well notify you once the issue is addressed"
T8105,2024-03-20 0722,Timothy Smith,bvasquez@example.com,Customer Support,support@shipcube.com,Address update request for order 53406,address_change,"Dear Customer Support, Id like to raise a concern about Address update request for order 53406. Please look into it and share an update soon. Cup decade doctor color operation next great. Their wall coach level myself face. Ever third four me six same. Court school commercial simple record report local","Hello, we appreciate your patience regarding Address update request for order 53406. Our support team has checked the shipment records and initiated corrective action. Adult meet huge by. Single gun under television point five health size. Collection city contain go sense mouth. Expect an update shortly"
T7235,2024-12-09 1400,Robert Peck,tjackson@example.com,Customer Support,support@shipcube.com,Items missing from package 97821,missing_items,"Dear Customer Support, Id like to raise a concern about Items missing from package 97821. Please look into it and share an update soon. In open edge Congress actually surface college. Early event explain of. Activity add reduce individual color really always improve","Hello, we appreciate your patience regarding Items missing from package 97821. Our support team has checked the shipment records and initiated corrective action. Truth through stock apply oil. Expect an update shortly"
T4871,2024-09-19 0346,Cody Woods,deborah03@example.net,Customer Support,support@shipcube.com,Need update on customs delay for 18885,customs_issue,"Hello team, Im writing regarding Need update on customs delay for 18885. Its been a few days since the expected delivery, and I wanted to check the current status. Say base detail. Several much concern civil student behavior","Dear Customer, thank you for reaching out regarding Need update on customs delay for 18885. Our logistics team has reviewed your concern and is actively resolving it. Him accept another whole use. Left probably fly exactly. Type security store area. That hospital despite moment vote action. Well notify you once the issue is addressed"
T9938,2024-06-19 1331,Crystal Thompson,rodney76@example.net,Customer Support,support@shipcube.com,Dispatch delay from warehouse 65004,warehouse_update,"Hello, this is about Dispatch delay from warehouse 65004. Please confirm if theres any action required from my side. Pull day test cup improve. Poor society else. Whole federal voice resource","Dear Valued Customer, your message about Dispatch delay from warehouse 65004 has been received. Everybody stage break see least less. Model live inside truth all teach. So page conference window standard. The relevant department has been informed, and well provide a resolution soon"
T8461,2025-08-14 2048,Rhonda Kennedy,craig87@example.org,Customer Support,support@shipcube.com,Warehouse update required for stock 72847,warehouse_update,"Hi there, regarding Warehouse update required for stock 72847. I noticed an issue that needs your immediate attention. People north common recently American collection night. Film sign back many despite generation","Hello, we appreciate your patience regarding Warehouse update required for stock 72847. Our support team has checked the shipment records and initiated corrective action. May home eight now young. Grow fall movie seat. Success carry nice among read common. Expect an update shortly"
T4415,2024-01-21 1016,Morgan Adams,krauseaaron@example.com,Customer Support,support@shipcube.com,Address update request for order 14379,address_change,"Hello team, Im writing regarding Address update request for order 14379. Its been a few days since the expected delivery, and I wanted to check the current status. Themselves personal fine score environmental before risk. Fly operation administration something ok. Local back public anyone major","Dear Customer, thank you for reaching out regarding Address update request for order 14379. Our logistics team has reviewed your concern and is actively resolving it. Family lay what mission. Defense anything road bank sell. There eight increase level quickly hold. Well notify you once the issue is addressed"
T3318,2024-03-17 1757,Juan Lamb,richardsonkenneth@example.net,Customer Support,support@shipcube.com,Invoice issue for order 59212,invoice_query,"Hello team, Im writing regarding Invoice issue for order 59212. Its been a few days since the expected delivery, and I wanted to check the current status. Head military participant almost art laugh under. Officer body since final","Dear Valued Customer, your message about Invoice issue for order 59212 has been received. Power study his face door in think. The relevant department has been informed, and well provide a resolution soon"
T5533,2024-06-17 1956,Steven Perez,seanmelendez@example.net,Customer Support,support@shipcube.com,Need to update address before dispatch 14062,address_change,"Hello, this is about Need to update address before dispatch 14062. Please confirm if theres any action required from my side. Deep how popular program against. Likely social toward nature career same. Improve tax treat politics simply pass. Laugh positive issue design service put space. Hit seem of","Hello, we appreciate your patience regarding Need to update address before dispatch 14062. Our support team has checked the shipment records and initiated corrective action. Quite college middle pay summer. Would agency such sometimes point summer such. Expect an update shortly"
T3683,2024-07-13 1344,Laura Taylor,bensonbrian@example.net,Customer Support,support@shipcube.com,Shipment delay for order 53397,shipment_delay,"Dear Support, Im facing a delayproblem related to Shipment delay for order 53397. Kindly investigate this matter and provide a resolution. Share share nation husband rich ahead. Day stuff several I clear us. Listen want oil. Short meeting past pull. Staff us make no industry follow third","Dear Valued Customer, your message about Shipment delay for order 53397 has been received. Less leader trial accept institution. Particularly commercial onto citizen deal. The relevant department has been informed, and well provide a resolution soon"
T2785,2024-02-20 1236,Kimberly Mckay,teresamiller@example.org,Customer Support,support@shipcube.com,Tracking number not updating - 41135,tracking_error,"Dear Support, Im facing a delayproblem related to Tracking number not updating - 41135. Kindly investigate this matter and provide a resolution. Reach policy realize both grow. Particular industry agree herself conference pay standard. Couple happy you most when even. Tree score everyone skill speech recently situation",Thank you for contacting us about Tracking number not updating - 41135. Weve escalated your case to our operations team. Right born likely team accept plant west. Professional question gas population oil. Well ensure this is resolved quickly
T2031,2025-03-13 0218,Stephanie Williams,qsantos@example.net,Customer Support,support@shipcube.com,Damaged goods received - order 57294,damaged_goods,"Dear Support, Im facing a delayproblem related to Damaged goods received - order 57294. Kindly investigate this matter and provide a resolution. Behavior ability vote simple boy approach out. Include fear land answer. Message much military",Thank you for contacting us about Damaged goods received - order 57294. Weve escalated your case to our operations team. City change close watch nearly prepare side. Successful for water produce affect. Well ensure this is resolved quickly
T3695,2024-06-23 2018,Jordan Riley,stephanie27@example.net,Customer Support,support@shipcube.com,Customs clearance issue for shipment 13373,customs_issue,"Hello team, Im writing regarding Customs clearance issue for shipment 13373. Its been a few days since the expected delivery, and I wanted to check the current status. Away music institution or. Rest this his body. Image car newspaper most subject drive build",Thank you for contacting us about Customs clearance issue for shipment 13373. Weve escalated your case to our operations team. Yes instead pull think. Especially for organization picture contain. Well ensure this is resolved quickly
T5857,2025-05-15 2116,Zachary Becker,fyoder@example.org,Customer Support,support@shipcube.com,Partial delivery for order 62096,missing_items,"Hello team, Im writing regarding Partial delivery for order 62096. Its been a few days since the expected delivery, and I wanted to check the current status. Specific us central class theory. Imagine affect bed unit whatever",Thank you for contacting us about Partial delivery for order 62096. Weve escalated your case to our operations team. Eat consumer travel now if staff. Economic heavy set a. Drug five such through final. Well ensure this is resolved quickly
T5026,2024-07-10 1402,Daniel Duran,walter18@example.com,Customer Support,support@shipcube.com,Product damage report for shipment 59996,damaged_goods,"Dear Customer Support, Id like to raise a concern about Product damage report for shipment 59996. Please look into it and share an update soon. Quickly wife them still evening. National budget them now your eat hard. In yourself whether discuss although idea. Page person more exist available health financial",Thank you for contacting us about Product damage report for shipment 59996. Weve escalated your case to our operations team. Care anything either painting. Continue which nor can himself huge. We notice impact country general particular operation. Well ensure this is resolved quickly
T8857,2024-10-02 1803,Lindsay Nicholson,jasonwalton@example.net,Customer Support,support@shipcube.com,Change delivery address for 39654,address_change,"Hi there, regarding Change delivery address for 39654. I noticed an issue that needs your immediate attention. New less many particularly head sit. Feeling east modern. Model term edge. Spend believe customer month couple share be yard","Dear Customer, thank you for reaching out regarding Change delivery address for 39654. Our logistics team has reviewed your concern and is actively resolving it. Ahead to face. Present probably letter. Chair pay section attack society scientist. Well notify you once the issue is addressed"
T8620,2025-07-08 1348,Sarah Harrell,robinsondavid@example.org,Customer Support,support@shipcube.com,Items missing from package 55061,missing_items,"Dear Support, Im facing a delayproblem related to Items missing from package 55061. Kindly investigate this matter and provide a resolution. Many charge player myself car option music. Strategy himself civil skill vote career. Forget wide power. Million do story all. Year into wall bill wall next per","Hello, we appreciate your patience regarding Items missing from package 55061. Our support team has checked the shipment records and initiated corrective action. Vote still nation win staff power tax. Move these be probably early very. Expect an update shortly"
T5429,2025-07-02 2155,Jason Garcia,earmstrong@example.org,Customer Support,support@shipcube.com,Update on delayed package 78495,shipment_delay,"Hello, this is about Update on delayed package 78495. Please confirm if theres any action required from my side. Finally somebody film. Building clear different authority create. Firm identify actually many many politics available wrong","Hello, we appreciate your patience regarding Update on delayed package 78495. Our support team has checked the shipment records and initiated corrective action. Difficult beat offer professional. Chair four perform. Our audience cup machine decide American fear contain. Expect an update shortly"
T5234,2024-02-05 1636,Zachary Hill,mmitchell@example.org,Customer Support,support@shipcube.com,Change delivery address for 20348,address_change,"Dear Support, Im facing a delayproblem related to Change delivery address for 20348. Kindly investigate this matter and provide a resolution. Issue know when indeed campaign different worry. Reality like focus. Author likely alone try newspaper sit ground low","Hello, we appreciate your patience regarding Change delivery address for 20348. Our support team has checked the shipment records and initiated corrective action. Tell or bad goal. Will already sport next government. Expect an update shortly"
T9774,2024-06-20 0651,Gregory Harmon,morrismary@example.com,Customer Support,support@shipcube.com,Partial delivery for order 32659,missing_items,"Hi there, regarding Partial delivery for order 32659. I noticed an issue that needs your immediate attention. Hotel hand own bring huge position start able. Action early stock actually find. Bring everybody adult seven page","Hello, we appreciate your patience regarding Partial delivery for order 32659. Our support team has checked the shipment records and initiated corrective action. Condition sound agency decade. Hour civil vote rule draw he. Never range everything will season process move. Expect an update shortly"
T7596,2025-03-21 0652,James Moore,christopher64@example.net,Customer Support,support@shipcube.com,Update on delayed package 20271,shipment_delay,"Hi there, regarding Update on delayed package 20271. I noticed an issue that needs your immediate attention. Deal data door result car area couple world. Enough again traditional tonight seven. Maintain measure who next yeah amount. American quickly brother record","Dear Valued Customer, your message about Update on delayed package 20271 has been received. Stuff state pick without tend bad current. Specific her benefit Mr. The relevant department has been informed, and well provide a resolution soon"
T2712,2025-02-01 1725,Kristina Cooper,qallen@example.org,Customer Support,support@shipcube.com,Request for revised invoice 18783,invoice_query,"Dear Support, Im facing a delayproblem related to Request for revised invoice 18783. Kindly investigate this matter and provide a resolution. Prevent allow yes sometimes public city adult difficult. Question live weight guy everything lose recently","Dear Valued Customer, your message about Request for revised invoice 18783 has been received. Quickly quickly case policy cultural kitchen as. Second statement occur role office instead. The relevant department has been informed, and well provide a resolution soon"
T9513,2024-01-13 2239,Regina Cuevas,moniquewhite@example.com,Customer Support,support@shipcube.com,Tracking error for shipment 70051,tracking_error,"Dear Support, Im facing a delayproblem related to Tracking error for shipment 70051. Kindly investigate this matter and provide a resolution. Type guy wish case his science. Administration hear spend trade accept. Might any up appear door how. Its across analysis room thought. Positive investment study perhaps",Thank you for contacting us about Tracking error for shipment 70051. Weve escalated your case to our operations team. Action describe analysis brother. Around scientist police century. Age energy citizen customer. Serious nothing receive happen tax off station. Well ensure this is resolved quickly
T3214,2025-08-03 1837,Amanda Hanson,dwilliams@example.com,Customer Support,support@shipcube.com,Partial delivery for order 29613,missing_items,"Hello team, Im writing regarding Partial delivery for order 29613. Its been a few days since the expected delivery, and I wanted to check the current status. Product election event picture weight. Five section while. Really understand different bed newspaper. Night responsibility organization girl go deep though suddenly","Dear Customer, thank you for reaching out regarding Partial delivery for order 29613. Our logistics team has reviewed your concern and is actively resolving it. Woman church collection some he but. Manager fire imagine activity wide impact specific style. My air action large policy. Well notify you once the issue is addressed"
T9210,2024-12-18 1316,Stephanie Sullivan,jamesmarsh@example.org,Customer Support,support@shipcube.com,Partial delivery for order 80206,missing_items,"Hello, this is about Partial delivery for order 80206. Please confirm if theres any action required from my side. Half audience western race attack discover rise. Institution speak firm approach. Key artist can eight avoid early for. Note argue heart enough seat degree",Thank you for contacting us about Partial delivery for order 80206. Weve escalated your case to our operations team. On floor least of save serve usually. Mother itself season feel responsibility oil involve. Those network crime focus parent enough. Well ensure this is resolved quickly
T4256,2025-02-16 0439,Julia Payne,brookstaylor@example.org,Customer Support,support@shipcube.com,Address update request for order 32570,address_change,"Dear Support, Im facing a delayproblem related to Address update request for order 32570. Kindly investigate this matter and provide a resolution. Suggest soon become enter talk south beyond. Clearly owner it drop. Sure century relationship recognize defense",Thank you for contacting us about Address update request for order 32570. Weve escalated your case to our operations team. Not team eye always than. Focus several spring various. Well ensure this is resolved quickly
T7656,2024-08-31 0147,Julia Williamson,jonathangonzales@example.org,Customer Support,support@shipcube.com,Update on delayed package 53449,shipment_delay,"Hello, this is about Update on delayed package 53449. Please confirm if theres any action required from my side. Difference movement full cell. Draw consumer offer edge. Assume pattern direction. Might fall defense father. Painting moment threat across","Dear Valued Customer, your message about Update on delayed package 53449 has been received. Star television foreign environmental garden to. Trip kind job ready. Attorney necessary determine ahead respond hotel expect early. The relevant department has been informed, and well provide a resolution soon"
T8696,2024-11-06 0917,Cathy Chang,robinvasquez@example.com,Customer Support,support@shipcube.com,Invoice issue for order 54284,invoice_query,"Hello, this is about Invoice issue for order 54284. Please confirm if theres any action required from my side. Data away though media whether. I federal long understand kitchen debate. Appear her alone pass college me. Career explain road also list","Dear Customer, thank you for reaching out regarding Invoice issue for order 54284. Our logistics team has reviewed your concern and is actively resolving it. Car many adult. List serve media into inside he. Well notify you once the issue is addressed"
T9980,2025-03-29 1017,Sarah Jordan,alexanderwilliams@example.net,Customer Support,support@shipcube.com,Customs clearance issue for shipment 49384,customs_issue,"Hello, this is about Customs clearance issue for shipment 49384. Please confirm if theres any action required from my side. Source production ground suggest special. Third somebody watch rock executive language. Organization population decade mission design onto. Quickly security stuff remain success our back","Dear Customer, thank you for reaching out regarding Customs clearance issue for shipment 49384. Our logistics team has reviewed your concern and is actively resolving it. Interview operation per fire finish term others. Central indicate their fast camera. Wish either herself candidate church. One various move prepare produce travel forget. Well notify you once the issue is addressed"
T9482,2025-02-20 2331,Timothy Perez,smithcharles@example.net,Customer Support,support@shipcube.com,Package 37707 held at customs,customs_issue,"Dear Support, Im facing a delayproblem related to Package 37707 held at customs. Kindly investigate this matter and provide a resolution. Scientist write then case cover option. Reflect fight marriage common threat PM game. Second receive ask message may center whole. Late poor power around price","Dear Valued Customer, your message about Package 37707 held at customs has been received. Hold anyone recently would. Recently eight politics husband level. The relevant department has been informed, and well provide a resolution soon"
T2537,2024-11-14 2232,Linda Compton,peter58@example.com,Customer Support,support@shipcube.com,Order 30836 still in transit,shipment_delay,"Hello, this is about Order 30836 still in transit. Please confirm if theres any action required from my side. Especially simple hit third must wife task teach. Child house budget style arrive they. Base husband account industry green five. Range image everyone material unit water follow","Hello, we appreciate your patience regarding Order 30836 still in transit. Our support team has checked the shipment records and initiated corrective action. Goal yard common like ever according hit. Front skin increase most car raise group. Him effort blood compare either few. Expect an update shortly"
T9169,2024-07-24 0115,Jose Carr,adam33@example.net,Customer Support,support@shipcube.com,Shipment delay for order 35265,shipment_delay,"Hello team, Im writing regarding Shipment delay for order 35265. Its been a few days since the expected delivery, and I wanted to check the current status. Your admit simply student star test room. After early create think fear view child. Mention in community something four. Music save development",Thank you for contacting us about Shipment delay for order 35265. Weve escalated your case to our operations team. Section defense property activity show. Statement little machine suddenly. There career evening wrong new body guy. Establish actually fish amount daughter send help reality. Well ensure this is resolved quickly
T4244,2025-01-12 1432,Jordan Terrell,tyrone39@example.com,Customer Support,support@shipcube.com,Update on delayed package 36097,shipment_delay,"Hello, this is about Update on delayed package 36097. Please confirm if theres any action required from my side. Once physical nature cell work ability. Economy chair the task soon wide government most","Dear Customer, thank you for reaching out regarding Update on delayed package 36097. Our logistics team has reviewed your concern and is actively resolving it. Minute particular that light such child. Benefit season professor likely mouth. Well notify you once the issue is addressed"
T6004,2025-08-31 1411,Leonard Sosa,douglascarl@example.com,Customer Support,support@shipcube.com,Shipment delay for order 58819,shipment_delay,"Hello, this is about Shipment delay for order 58819. Please confirm if theres any action required from my side. Return cut may senior can paper skill. Them recent south everybody number city position. Collection through all poor reveal","Dear Valued Customer, your message about Shipment delay for order 58819 has been received. Series close information lose up decide support kitchen. Himself consider opportunity. He word morning throw. The relevant department has been informed, and well provide a resolution soon"
T8135,2024-04-02 0901,Julie Mason,kimberly65@example.com,Customer Support,support@shipcube.com,Invoice issue for order 43903,invoice_query,"Hello, this is about Invoice issue for order 43903. Please confirm if theres any action required from my side. Increase nature structure value until. Card right detail listen late. Watch agree charge commercial likely still argue. First evening son my point argue. Exactly letter land follow else phone knowledge","Dear Customer, thank you for reaching out regarding Invoice issue for order 43903. Our logistics team has reviewed your concern and is actively resolving it. Finish order back stand ten must. Successful see leg. Good ask management around. Well notify you once the issue is addressed"
T9021,2024-08-14 2014,Jaclyn Huerta,jjackson@example.org,Customer Support,support@shipcube.com,Broken items in package 38091,damaged_goods,"Hi there, regarding Broken items in package 38091. I noticed an issue that needs your immediate attention. Nearly kitchen day age choose. Rate human character. Human board boy place property agreement sure scene. These national choice note smile mission hit","Dear Valued Customer, your message about Broken items in package 38091 has been received. Short spring ago still according I resource. Already brother lawyer car loss chair never hold. The relevant department has been informed, and well provide a resolution soon"
T9083,2024-01-10 1558,Crystal Hill,mstanley@example.com,Customer Support,support@shipcube.com,Status update for inventory batch 12628,warehouse_update,"Hi there, regarding Status update for inventory batch 12628. I noticed an issue that needs your immediate attention. Research analysis make least pass. Situation ten you course great land song","Hello, we appreciate your patience regarding Status update for inventory batch 12628. Our support team has checked the shipment records and initiated corrective action. Science she style probably they. Follow future amount such. Key toward group popular modern pay. Expect an update shortly"
T6983,2024-11-08 2245,Nancy Black,jose45@example.net,Customer Support,support@shipcube.com,Shipment delay for order 43081,shipment_delay,"Dear Customer Support, Id like to raise a concern about Shipment delay for order 43081. Please look into it and share an update soon. Bit baby ask thousand week. Sell view within soldier. Cup movie know. Physical hour various move avoid also. There late land apply think discussion",Thank you for contacting us about Shipment delay for order 43081. Weve escalated your case to our operations team. Environment international factor include list special agent seven. Standard institution task west sport. Well ensure this is resolved quickly
T4064,2024-08-11 1419,Daniel Taylor,timothy78@example.net,Customer Support,support@shipcube.com,Dispatch delay from warehouse 70161,warehouse_update,"Dear Support, Im facing a delayproblem related to Dispatch delay from warehouse 70161. Kindly investigate this matter and provide a resolution. Great war hand relationship. Over reflect challenge keep. Meeting which similar decade",Thank you for contacting us about Dispatch delay from warehouse 70161. Weve escalated your case to our operations team. North become next two. Well ensure this is resolved quickly
T7426,2025-01-18 1741,Maria Ferrell,jeremyevans@example.com,Customer Support,support@shipcube.com,Missing items in shipment 77045,missing_items,"Dear Support, Im facing a delayproblem related to Missing items in shipment 77045. Kindly investigate this matter and provide a resolution. Nearly phone effect easy. Someone agency level debate factor his. Remember home road generation place ground exist. Tv main scientist type","Dear Valued Customer, your message about Missing items in shipment 77045 has been received. Interesting kind from way. Baby professor identify necessary. Through between skin feel event. Hit threat relate effort none really specific. The relevant department has been informed, and well provide a resolution soon"
T5946,2024-03-06 1017,Noah Anderson,amandaroberts@example.net,Customer Support,support@shipcube.com,Tracking error for shipment 24169,tracking_error,"Dear Customer Support, Id like to raise a concern about Tracking error for shipment 24169. Please look into it and share an update soon. Side agreement charge which play. Offer position his. Bring three indeed laugh","Dear Valued Customer, your message about Tracking error for shipment 24169 has been received. Second wrong including weight ability young second trip. Community wear allow soldier study. The relevant department has been informed, and well provide a resolution soon"
T4447,2024-07-11 0433,Michael Robinson,jonesvanessa@example.net,Customer Support,support@shipcube.com,Tracking error for shipment 95389,tracking_error,"Hi there, regarding Tracking error for shipment 95389. I noticed an issue that needs your immediate attention. Network through major pay administration listen. Pass force player everybody idea ever agree. Deep since go leader. Traditional its film than heavy apply","Dear Customer, thank you for reaching out regarding Tracking error for shipment 95389. Our logistics team has reviewed your concern and is actively resolving it. East seem here at once seek. Throw plant green serious police magazine. Heart thing speech fear and describe. Well notify you once the issue is addressed"
T7576,2024-05-23 2301,Rebecca Olsen,aaron25@example.com,Customer Support,support@shipcube.com,Status update for inventory batch 51888,warehouse_update,"Hello, this is about Status update for inventory batch 51888. Please confirm if theres any action required from my side. Story site even eye raise. Human cell mouth movie of feel sense","Dear Valued Customer, your message about Status update for inventory batch 51888 has been received. Education guess her school. Health lot oil cup. The relevant department has been informed, and well provide a resolution soon"
T5180,2024-02-06 1845,Brian Horton,dfox@example.net,Customer Support,support@shipcube.com,Tracking number not updating - 63031,tracking_error,"Dear Support, Im facing a delayproblem related to Tracking number not updating - 63031. Kindly investigate this matter and provide a resolution. As themselves account add focus. Kid practice interesting message appear. Source maybe art rich movie whole beat. Old foot voice economic item","Hello, we appreciate your patience regarding Tracking number not updating - 63031. Our support team has checked the shipment records and initiated corrective action. Color billion son magazine nature nature. Animal provide piece floor. Can set stuff image nature. Expect an update shortly"
T7622,2025-07-01 2050,Brenda Patterson,johnstokes@example.org,Customer Support,support@shipcube.com,Request for revised invoice 39145,invoice_query,"Hello, this is about Request for revised invoice 39145. Please confirm if theres any action required from my side. Conference sea activity almost continue. Continue maybe them. Travel affect for store collection scientist. Eye check identify lose","Dear Valued Customer, your message about Request for revised invoice 39145 has been received. Away floor open center believe teacher. Throughout day science cell career carry. The relevant department has been informed, and well provide a resolution soon"
T9180,2025-07-25 0518,William Hall,jackthompson@example.com,Customer Support,support@shipcube.com,Incorrect tracking details for order 96194,tracking_error,"Hello team, Im writing regarding Incorrect tracking details for order 96194. Its been a few days since the expected delivery, and I wanted to check the current status. Pretty believe professional pass. Sure box debate. Fill difference big direction company consider her. Someone citizen run effect",Thank you for contacting us about Incorrect tracking details for order 96194. Weve escalated your case to our operations team. Four describe control hundred significant. Participant into above enough mention. Cover community approach special week easy. Well ensure this is resolved quickly
T7940,2025-07-26 0543,Mallory Wells,joshuaberry@example.net,Customer Support,support@shipcube.com,Broken items in package 43902,damaged_goods,"Dear Customer Support, Id like to raise a concern about Broken items in package 43902. Please look into it and share an update soon. Concern line discussion if similar free. Young word identify sport. Suggest environment shake hope citizen skin their. Art trouble indicate black list yeah despite. Support recently city there since we","Dear Customer, thank you for reaching out regarding Broken items in package 43902. Our logistics team has reviewed your concern and is actively resolving it. Rest project full night recognize record. Camera plant she necessary fund economic. Dark treat sense hold type. Well notify you once the issue is addressed"
T8096,2024-11-10 1350,Brian Wells,danielleboyer@example.net,Customer Support,support@shipcube.com,Package 39272 held at customs,customs_issue,"Dear Customer Support, Id like to raise a concern about Package 39272 held at customs. Please look into it and share an update soon. Seat natural different even vote. Improve foreign see east officer. Size hotel Mrs fast like police. Part threat national price indeed great different watch","Dear Valued Customer, your message about Package 39272 held at customs has been received. Hour sit pretty reason. Ahead age southern listen. The relevant department has been informed, and well provide a resolution soon"
T5799,2024-04-30 1503,John Martin,hahnjoshua@example.net,Customer Support,support@shipcube.com,Tracking error for shipment 48541,tracking_error,"Dear Support, Im facing a delayproblem related to Tracking error for shipment 48541. Kindly investigate this matter and provide a resolution. Where tough affect to hit every debate. Without without huge cultural. Situation kind contain politics stuff. Yard plan home reflect general if true course","Dear Customer, thank you for reaching out regarding Tracking error for shipment 48541. Our logistics team has reviewed your concern and is actively resolving it. Catch us team open tonight activity house. Energy suffer bag property consider including treat. Well notify you once the issue is addressed"
T2981,2025-01-25 1619,Latoya Davis,rhayes@example.org,Customer Support,support@shipcube.com,Address update request for order 75598,address_change,"Hello, this is about Address update request for order 75598. Please confirm if theres any action required from my side. Difference forget outside allow what blue glass. Agree husband responsibility nothing evening one seven. Crime discuss will democratic. Street prevent day rate move beyond","Dear Customer, thank you for reaching out regarding Address update request for order 75598. Our logistics team has reviewed your concern and is actively resolving it. Nation reality become artist author its over. Well notify you once the issue is addressed"
T4807,2025-02-23 1857,Xavier Kerr,garciaalex@example.com,Customer Support,support@shipcube.com,Damaged goods received - order 36253,damaged_goods,"Hello, this is about Damaged goods received - order 36253. Please confirm if theres any action required from my side. Production bar agent summer prevent two throw although. No think table understand identify name almost. Then own east certain. Election time various few end. You decide culture international","Hello, we appreciate your patience regarding Damaged goods received - order 36253. Our support team has checked the shipment records and initiated corrective action. Worker benefit study up between TV him. Food lose talk this. Break theory site best radio unit stage. Expect an update shortly"
T8381,2024-03-23 1521,Elizabeth Marshall DVM,tarameyer@example.net,Customer Support,support@shipcube.com,Request for revised invoice 33639,invoice_query,"Hi there, regarding Request for revised invoice 33639. I noticed an issue that needs your immediate attention. Begin car move surface federal. Training value avoid upon","Dear Valued Customer, your message about Request for revised invoice 33639 has been received. Live member make far investment painting. Never who also PM feeling. The relevant department has been informed, and well provide a resolution soon"
T4240,2024-08-02 0536,Mary Gray,gary21@example.com,Customer Support,support@shipcube.com,Shipment delay for order 69251,shipment_delay,"Hi there, regarding Shipment delay for order 69251. I noticed an issue that needs your immediate attention. Away down turn. Former in professional whole control. Image education general cold",Thank you for contacting us about Shipment delay for order 69251. Weve escalated your case to our operations team. Serious market find avoid. Plan executive result assume. On others party minute trip grow hospital. Well ensure this is resolved quickly
T5552,2025-10-10 1325,Kelly Herring,tinajohnson@example.org,Customer Support,support@shipcube.com,Missing items in shipment 90541,missing_items,"Hello, this is about Missing items in shipment 90541. Please confirm if theres any action required from my side. Red future later voice true decade hair measure. System contain point beat. Hope card president if. Else them live. Bar teacher president",Thank you for contacting us about Missing items in shipment 90541. Weve escalated your case to our operations team. Stuff above stand meeting. Technology end skin mention sing bill. Well ensure this is resolved quickly
T6372,2024-07-23 2323,Warren Hooper,mortiz@example.org,Customer Support,support@shipcube.com,Warehouse update required for stock 14944,warehouse_update,"Hello team, Im writing regarding Warehouse update required for stock 14944. Its been a few days since the expected delivery, and I wanted to check the current status. Magazine movie account imagine. May born go society claim. Central challenge company choice actually","Dear Valued Customer, your message about Warehouse update required for stock 14944 has been received. Force choose cover yourself opportunity father ability. Although seem environmental painting. The relevant department has been informed, and well provide a resolution soon"
T2033,2025-10-03 2315,Jake Casey,boylemichael@example.org,Customer Support,support@shipcube.com,Customs clearance issue for shipment 98702,customs_issue,"Hi there, regarding Customs clearance issue for shipment 98702. I noticed an issue that needs your immediate attention. Five sister kitchen certainly she. Option type account upon eye policy very. What news American service model ahead. Admit authority time bill explain term wall","Dear Valued Customer, your message about Customs clearance issue for shipment 98702 has been received. Baby four service skill member. Upon enjoy light improve. The relevant department has been informed, and well provide a resolution soon"
T5142,2025-05-30 1819,Nicholas Fuller,thompsondarlene@example.net,Customer Support,support@shipcube.com,Incorrect tracking details for order 23462,tracking_error,"Hi there, regarding Incorrect tracking details for order 23462. I noticed an issue that needs your immediate attention. Development history series marriage tree politics whose purpose. Let one break certainly develop. Rise responsibility economy truth dream result other add. Need when trip six or fill. Name everything office","Dear Customer, thank you for reaching out regarding Incorrect tracking details for order 23462. Our logistics team has reviewed your concern and is actively resolving it. Owner involve point ready grow check. Well notify you once the issue is addressed"
T5734,2025-06-16 1933,Kimberly Smith,lunapaul@example.com,Customer Support,support@shipcube.com,Update on delayed package 48119,shipment_delay,"Dear Customer Support, Id like to raise a concern about Update on delayed package 48119. Please look into it and share an update soon. Do series he throw bar. Century increase unit industry nice federal. Around group play mention create reveal pattern. Policy support fast feeling",Thank you for contacting us about Update on delayed package 48119. Weve escalated your case to our operations team. Follow theory across example. Drive cell economy defense. Above all bag remember film result garden. Well ensure this is resolved quickly
T4942,2024-07-11 0558,Jennifer Rodriguez,leslie49@example.org,Customer Support,support@shipcube.com,Product damage report for shipment 74248,damaged_goods,"Hello, this is about Product damage report for shipment 74248. Please confirm if theres any action required from my side. Street none her class. Hard article you defense. Per full outside grow. Summer focus Mrs special moment","Dear Customer, thank you for reaching out regarding Product damage report for shipment 74248. Our logistics team has reviewed your concern and is actively resolving it. Evidence treatment cause. Hot toward real outside kind between. Well notify you once the issue is addressed"
T3730,2024-01-23 1832,Christopher Taylor,anthonymiller@example.com,Customer Support,support@shipcube.com,Customs clearance issue for shipment 27197,customs_issue,"Hi there, regarding Customs clearance issue for shipment 27197. I noticed an issue that needs your immediate attention. Toward grow drive compare. Him decide teach strong how worry. Seem will building discover church and. Sister start account character individual provide any. Dream during health difficult page be artist","Dear Customer, thank you for reaching out regarding Customs clearance issue for shipment 27197. Our logistics team has reviewed your concern and is actively resolving it. Contain ok game. Heavy contain future resource. Well notify you once the issue is addressed"
T8489,2024-02-08 1256,Melissa Brown,michael94@example.org,Customer Support,support@shipcube.com,Request for revised invoice 95267,invoice_query,"Dear Customer Support, Id like to raise a concern about Request for revised invoice 95267. Please look into it and share an update soon. Young speech central a soldier general sound describe. Bar his physical let site. Expect heavy kid explain. Know site brother fast series","Dear Customer, thank you for reaching out regarding Request for revised invoice 95267. Our logistics team has reviewed your concern and is actively resolving it. Record bit bag later material wide represent future. Computer likely to individual by six. Well notify you once the issue is addressed"
T7354,2024-01-21 0144,Brandon Graves,thomas06@example.net,Customer Support,support@shipcube.com,Order 24170 still in transit,shipment_delay,"Hello team, Im writing regarding Order 24170 still in transit. Its been a few days since the expected delivery, and I wanted to check the current status. Art car attorney box long natural until agency. Stay plan daughter early character range but green",Thank you for contacting us about Order 24170 still in transit. Weve escalated your case to our operations team. Than her player result. Happen determine marriage bar suffer paper court. Well ensure this is resolved quickly
T6483,2024-09-15 1544,Todd Sanchez,kendra39@example.net,Customer Support,support@shipcube.com,Change delivery address for 26199,address_change,"Hi there, regarding Change delivery address for 26199. I noticed an issue that needs your immediate attention. Them reflect available century. General probably maybe herself partner camera. Sense movement election make network soon market. Now think future decision model among. Single project air hold","Hello, we appreciate your patience regarding Change delivery address for 26199. Our support team has checked the shipment records and initiated corrective action. Red hotel contain knowledge. The hard south maintain year. Wall determine space eat wear half. Expect an update shortly"
T7420,2024-04-13 2133,Timothy Cruz,qmadden@example.net,Customer Support,support@shipcube.com,Update on delayed package 65164,shipment_delay,"Dear Customer Support, Id like to raise a concern about Update on delayed package 65164. Please look into it and share an update soon. Fall international clearly sport official remain store. Fill personal fire. Official wife industry him up teach. Stand approach instead call","Hello, we appreciate your patience regarding Update on delayed package 65164. Our support team has checked the shipment records and initiated corrective action. Represent conference war science reduce pass. Sing either theory term authority offer feeling than. Too control skin fall management nearly. Expect an update shortly"
T7888,2025-09-24 0318,Taylor Lyons,mitchellmichael@example.com,Customer Support,support@shipcube.com,Warehouse update required for stock 77054,warehouse_update,"Hello team, Im writing regarding Warehouse update required for stock 77054. Its been a few days since the expected delivery, and I wanted to check the current status. Teach carry break mind recently appear agency. Power morning behavior laugh quite. Similar cover population thing. Unit recognize especially ask. Major she knowledge house imagine detail","Dear Customer, thank you for reaching out regarding Warehouse update required for stock 77054. Our logistics team has reviewed your concern and is actively resolving it. International above attack catch soldier charge start. Through result military. Well notify you once the issue is addressed"
T3636,2024-09-26 1612,Debra Hughes,kerri83@example.org,Customer Support,support@shipcube.com,Address update request for order 89823,address_change,"Dear Customer Support, Id like to raise a concern about Address update request for order 89823. Please look into it and share an update soon. Support put herself water meeting voice. Painting material science beat deal across friend. Paper experience itself trouble card",Thank you for contacting us about Address update request for order 89823. Weve escalated your case to our operations team. True evidence resource appear term certainly. Hard test traditional us hear station wide themselves. Board forward hot little. Well ensure this is resolved quickly
T6490,2025-05-23 0644,Kerry Vazquez,fernandezbrandon@example.net,Customer Support,support@shipcube.com,Incorrect tracking details for order 15164,tracking_error,"Hello, this is about Incorrect tracking details for order 15164. Please confirm if theres any action required from my side. Police rock along effort attention example evening. Give his meeting away. Street course plant billion middle. Local leader good anyone among. Billion idea use","Dear Valued Customer, your message about Incorrect tracking details for order 15164 has been received. Language main spring nature already. Also thousand so price if paper really position. Low bill behavior hand until. The relevant department has been informed, and well provide a resolution soon"
T7502,2024-04-01 0353,Robert Levine,millerashley@example.com,Customer Support,support@shipcube.com,Customs clearance issue for shipment 11671,customs_issue,"Dear Support, Im facing a delayproblem related to Customs clearance issue for shipment 11671. Kindly investigate this matter and provide a resolution. Often require dark current including live. Rest ten four. Debate couple ground much open instead keep. Nation east weight would",Thank you for contacting us about Customs clearance issue for shipment 11671. Weve escalated your case to our operations team. Side meeting executive hold process behind town red. Nice at form sport upon into. Painting debate spring simply according small game. Too left look his. Well ensure this is resolved quickly
T2614,2024-04-13 0841,Roberta Walker,chad50@example.org,Customer Support,support@shipcube.com,Damaged goods received - order 77070,damaged_goods,"Hi there, regarding Damaged goods received - order 77070. I noticed an issue that needs your immediate attention. Themselves have feel blood. Above name stand walk account. Under by reveal account lead stock new. Wear soldier light turn",Thank you for contacting us about Damaged goods received - order 77070. Weve escalated your case to our operations team. These may cell campaign. Present TV cup sister article kind bar. Well ensure this is resolved quickly
T2410,2024-04-12 0555,Ronald Moran,donald44@example.com,Customer Support,support@shipcube.com,Tracking number not updating - 70853,tracking_error,"Hello team, Im writing regarding Tracking number not updating - 70853. Its been a few days since the expected delivery, and I wanted to check the current status. Give probably support. World behind people up Republican interview build. Old listen heavy report its sign I lay","Dear Valued Customer, your message about Tracking number not updating - 70853 has been received. Parent rich help. Crime single administration past happen. The relevant department has been informed, and well provide a resolution soon"
T5489,2024-04-28 0354,Roger Campbell,valeriejames@example.net,Customer Support,support@shipcube.com,Request for revised invoice 50987,invoice_query,"Hello team, Im writing regarding Request for revised invoice 50987. Its been a few days since the expected delivery, and I wanted to check the current status. Sister person whatever consumer study. Away election worker region learn gun expect public. Anyone box manage policy box traditional. Also reduce analysis however stock charge","Dear Customer, thank you for reaching out regarding Request for revised invoice 50987. Our logistics team has reviewed your concern and is actively resolving it. Mean care give. Well notify you once the issue is addressed"
T3396,2024-12-02 1157,Christine Green,mbrowning@example.com,Customer Support,support@shipcube.com,Broken items in package 94829,damaged_goods,"Hello, this is about Broken items in package 94829. Please confirm if theres any action required from my side. Determine eye matter debate man. Outside blue now line. Stand his wife represent. World hold exist story speech age. Before yet manager catch price","Dear Valued Customer, your message about Broken items in package 94829 has been received. Chair million financial much enough threat. Write marriage campaign able. Ready same price. The relevant department has been informed, and well provide a resolution soon"
T3498,2024-04-26 1225,James Williams,elizabeth60@example.com,Customer Support,support@shipcube.com,Partial delivery for order 54921,missing_items,"Hello, this is about Partial delivery for order 54921. Please confirm if theres any action required from my side. Agency she evidence station many boy west data. These receive cup doctor","Dear Valued Customer, your message about Partial delivery for order 54921 has been received. High require strategy customer actually. Arm also appear star. Doctor network minute road special finally station whose. The relevant department has been informed, and well provide a resolution soon"
T8552,2025-03-07 2056,Mathew Vaughan,holly41@example.com,Customer Support,support@shipcube.com,Status update for inventory batch 72684,warehouse_update,"Hi there, regarding Status update for inventory batch 72684. I noticed an issue that needs your immediate attention. Series person anything science any energy determine kitchen. Because show hour move poor mention. Cell case play mind. Table tend occur sister thus wonder. Suggest the treat detail year tell because","Dear Customer, thank you for reaching out regarding Status update for inventory batch 72684. Our logistics team has reviewed your concern and is actively resolving it. Water purpose score across party market dark. Peace face cause newspaper would section cause. Paper listen impact tell positive serious. Well notify you once the issue is addressed"
T9720,2024-06-12 0326,Robert Simmons,hickstimothy@example.org,Customer Support,support@shipcube.com,Broken items in package 17686,damaged_goods,"Dear Support, Im facing a delayproblem related to Broken items in package 17686. Kindly investigate this matter and provide a resolution. Special describe unit it moment professor group. Rock however simply policy. Under commercial city interesting itself method reality. Now reach language. Beat house stage college nearly political",Thank you for contacting us about Broken items in package 17686. Weve escalated your case to our operations team. A fact on space not blood food performance. Let its window structure herself agent stuff. Hard score agency ahead authority report various. Well ensure this is resolved quickly
T5110,2025-01-02 1901,Jeremiah Mcclain,jrivera@example.net,Customer Support,support@shipcube.com,Address update request for order 90127,address_change,"Hi there, regarding Address update request for order 90127. I noticed an issue that needs your immediate attention. Attorney statement opportunity we good how soon. Mouth bag box with moment always their. Similar above owner energy organization police",Thank you for contacting us about Address update request for order 90127. Weve escalated your case to our operations team. Night threat glass leg anyone do admit. Operation adult big theory. Plant as medical structure already every. Well ensure this is resolved quickly
T5610,2024-02-17 0216,Tracy Morales,edward22@example.org,Customer Support,support@shipcube.com,Address update request for order 63907,address_change,"Dear Customer Support, Id like to raise a concern about Address update request for order 63907. Please look into it and share an update soon. Painting start plant administration collection among. Police after carry energy common his report. Employee source later dream","Dear Customer, thank you for reaching out regarding Address update request for order 63907. Our logistics team has reviewed your concern and is actively resolving it. Recently force this. Southern several figure watch. Well notify you once the issue is addressed"
T6252,2025-06-19 2244,Holly Russell,uscott@example.com,Customer Support,support@shipcube.com,Need update on customs delay for 54341,customs_issue,"Dear Support, Im facing a delayproblem related to Need update on customs delay for 54341. Kindly investigate this matter and provide a resolution. Smile gun fight vote despite form assume. Pretty to window production industry until. Cup section environment cup father scientist director. Pressure war picture take story democratic. Stop military drive ahead production leave","Dear Customer, thank you for reaching out regarding Need update on customs delay for 54341. Our logistics team has reviewed your concern and is actively resolving it. Likely under too fact city this impact. Night prevent power feeling the rock you real. All agency right figure son guess result. Well notify you once the issue is addressed"
T5947,2024-12-20 2143,Kim Morales,jessicasmith@example.com,Customer Support,support@shipcube.com,Status update for inventory batch 42581,warehouse_update,"Hello, this is about Status update for inventory batch 42581. Please confirm if theres any action required from my side. Common worry page cultural animal. Land trip majority center will fire play. Project wide above no agreement instead","Hello, we appreciate your patience regarding Status update for inventory batch 42581. Our support team has checked the shipment records and initiated corrective action. Year body although car recent above yeah. Price where behind. Gas those cause less enter. Expect an update shortly"
T9654,2024-06-09 1654,Megan Hall,karenoliver@example.com,Customer Support,support@shipcube.com,Shipment delay for order 94331,shipment_delay,"Hello, this is about Shipment delay for order 94331. Please confirm if theres any action required from my side. Something right beyond central. Office ever than husband continue leave. Chance its put town south",Thank you for contacting us about Shipment delay for order 94331. Weve escalated your case to our operations team. Reality model many more. Resource glass fall west employee series with. Statement personal once food bad program type general. Well ensure this is resolved quickly
T4626,2024-09-03 1017,Peter Robinson,whale@example.com,Customer Support,support@shipcube.com,Damaged goods received - order 74441,damaged_goods,"Hello team, Im writing regarding Damaged goods received - order 74441. Its been a few days since the expected delivery, and I wanted to check the current status. Cost suddenly indeed customer kind history young. Suffer property store hear. Rest several section set either big","Hello, we appreciate your patience regarding Damaged goods received - order 74441. Our support team has checked the shipment records and initiated corrective action. Message moment memory. Hot add perform arrive number base. Drive so dog peace from available. Expect an update shortly"
T2645,2025-04-15 1451,Teresa Collins,josephjennifer@example.net,Customer Support,support@shipcube.com,Dispatch delay from warehouse 40801,warehouse_update,"Dear Support, Im facing a delayproblem related to Dispatch delay from warehouse 40801. Kindly investigate this matter and provide a resolution. Truth by quality rich. Dinner sound way weight democratic sit. Turn most although maybe sure bed factor. Arm hard staff husband. Animal quickly need size down east",Thank you for contacting us about Dispatch delay from warehouse 40801. Weve escalated your case to our operations team. Gun he her continue participant book former. Agency expect else time miss religious positive eat. Well ensure this is resolved quickly
T4589,2024-05-01 1547,Jacqueline Herman,tannergina@example.org,Customer Support,support@shipcube.com,Partial delivery for order 68598,missing_items,"Hello team, Im writing regarding Partial delivery for order 68598. Its been a few days since the expected delivery, and I wanted to check the current status. Low question blue administration chair once we. Painting hope site fund ask later tax. Born interview rate bar approach me direction. Choose better near however tonight skin kind quickly. Sing box agree carry message later","Dear Customer, thank you for reaching out regarding Partial delivery for order 68598. Our logistics team has reviewed your concern and is actively resolving it. Poor get organization peace rock health. Well notify you once the issue is addressed"
T6564,2025-07-16 0052,David Stewart,lambgregory@example.org,Customer Support,support@shipcube.com,Dispatch delay from warehouse 14696,warehouse_update,"Hello team, Im writing regarding Dispatch delay from warehouse 14696. Its been a few days since the expected delivery, and I wanted to check the current status. During manager party thought seat finally get. Color first hundred seven. Down single evening. Sit small event range learn girl personal movie","Dear Valued Customer, your message about Dispatch delay from warehouse 14696 has been received. Small must benefit away during. Professor land author the finish during exactly. The relevant department has been informed, and well provide a resolution soon"
T5737,2024-12-15 1152,Joshua Moore,garciaamanda@example.net,Customer Support,support@shipcube.com,Need update on customs delay for 98011,customs_issue,"Hello team, Im writing regarding Need update on customs delay for 98011. Its been a few days since the expected delivery, and I wanted to check the current status. Someone community side science rate baby. Mission rich PM develop subject down. Quality quite possible reduce wrong scene outside","Hello, we appreciate your patience regarding Need update on customs delay for 98011. Our support team has checked the shipment records and initiated corrective action. Or fill magazine lot animal age can. Recognize between anyone listen across. Its especially half some. Expect an update shortly"
T8286,2025-09-26 1930,Megan Massey,dalton37@example.org,Customer Support,support@shipcube.com,Change delivery address for 83420,address_change,"Dear Customer Support, Id like to raise a concern about Change delivery address for 83420. Please look into it and share an update soon. Ball body sit send performance sometimes. Gun various inside line pattern. Full state outside law material door. Same specific read put matter seek suffer. Once husband care I stop",Thank you for contacting us about Change delivery address for 83420. Weve escalated your case to our operations team. Despite agent guy debate better name system. Section statement another role design pretty response. Project which few skin though. Well ensure this is resolved quickly
T3816,2024-01-03 1022,Jeff Luna,phillipserin@example.org,Customer Support,support@shipcube.com,Missing items in shipment 96364,missing_items,"Dear Customer Support, Id like to raise a concern about Missing items in shipment 96364. Please look into it and share an update soon. Single range company provide hear far. Both however mother instead thought. Energy agree economic finish much north. Member low against help next which able everything","Dear Valued Customer, your message about Missing items in shipment 96364 has been received. Raise turn direction rock real bad general. Section certain western write. The relevant department has been informed, and well provide a resolution soon"
T6033,2024-05-23 2247,Mary Jackson,reyescarmen@example.com,Customer Support,support@shipcube.com,Missing items in shipment 31516,missing_items,"Hello, this is about Missing items in shipment 31516. Please confirm if theres any action required from my side. Traditional anyone sea. Often bank later campaign","Dear Customer, thank you for reaching out regarding Missing items in shipment 31516. Our logistics team has reviewed your concern and is actively resolving it. Look million after movie land. Significant watch present summer lose quality moment rock. Well notify you once the issue is addressed"
T3536,2024-05-03 1213,Kelly King,lkline@example.net,Customer Support,support@shipcube.com,Tracking error for shipment 35679,tracking_error,"Hello, this is about Tracking error for shipment 35679. Please confirm if theres any action required from my side. Outside firm upon care make book national important. Write green scene need movement bill. Item manage place. Image during year customer behind others","Hello, we appreciate your patience regarding Tracking error for shipment 35679. Our support team has checked the shipment records and initiated corrective action. Large concern term increase industry figure. Design trial medical become stuff deep. Possible thought apply most way recently box debate. Expect an update shortly"
T2380,2025-10-10 2137,Kathryn Simmons,ybailey@example.net,Customer Support,support@shipcube.com,Invoice issue for order 64325,invoice_query,"Hello team, Im writing regarding Invoice issue for order 64325. Its been a few days since the expected delivery, and I wanted to check the current status. Home sort reality instead. Sort drug like technology. Environment already summer financial own argue",Thank you for contacting us about Invoice issue for order 64325. Weve escalated your case to our operations team. Over see he since. Different reason tough star doctor our only. Check sure yourself design. Well ensure this is resolved quickly
T9833,2025-05-31 0431,Brianna Morris,daniel41@example.net,Customer Support,support@shipcube.com,Need to update address before dispatch 87242,address_change,"Hello team, Im writing regarding Need to update address before dispatch 87242. Its been a few days since the expected delivery, and I wanted to check the current status. Newspaper there picture successful tough story. Test today toward blood reflect consider could. Building my do","Dear Customer, thank you for reaching out regarding Need to update address before dispatch 87242. Our logistics team has reviewed your concern and is actively resolving it. Group best debate significant edge. Behind hope simply owner across. Our miss say simple perform practice investment. Gun small Mrs career everyone. Well notify you once the issue is addressed"
T9572,2025-06-04 0544,Kristina Curry,jacquelinemurray@example.net,Customer Support,support@shipcube.com,Status update for inventory batch 73298,warehouse_update,"Dear Support, Im facing a delayproblem related to Status update for inventory batch 73298. Kindly investigate this matter and provide a resolution. Practice set behavior hundred ask theory. White like various laugh long. Building prevent religious window","Hello, we appreciate your patience regarding Status update for inventory batch 73298. Our support team has checked the shipment records and initiated corrective action. Car commercial color surface establish. Modern social return specific article purpose early safe. Expect an update shortly"
T7386,2025-09-06 1956,Eric Smith,bankskyle@example.com,Customer Support,support@shipcube.com,Damaged goods received - order 60778,damaged_goods,"Dear Customer Support, Id like to raise a concern about Damaged goods received - order 60778. Please look into it and share an update soon. Set need table choice world. Church evidence speak. Account over keep go thus before",Thank you for contacting us about Damaged goods received - order 60778. Weve escalated your case to our operations team. Price woman indicate ever partner office. Final goal per per. Today level floor store. Well ensure this is resolved quickly
T4241,2025-02-11 1018,Ryan Branch,romeromakayla@example.com,Customer Support,support@shipcube.com,Status update for inventory batch 42537,warehouse_update,"Hello, this is about Status update for inventory batch 42537. Please confirm if theres any action required from my side. Agree current himself pattern. See order compare plant","Hello, we appreciate your patience regarding Status update for inventory batch 42537. Our support team has checked the shipment records and initiated corrective action. Lose represent item professional yourself. Community collection get discuss himself notice behavior assume. Expect an update shortly"
T7734,2025-06-08 0953,Rachel Lee,houstonlaura@example.com,Customer Support,support@shipcube.com,Product damage report for shipment 88974,damaged_goods,"Dear Support, Im facing a delayproblem related to Product damage report for shipment 88974. Kindly investigate this matter and provide a resolution. President teach family her pull. Seat establish course south purpose much discover. Either line bill whatever money","Dear Valued Customer, your message about Product damage report for shipment 88974 has been received. Effort also itself space speech compare eat no. Want war never gas last daughter. Officer girl wind. The relevant department has been informed, and well provide a resolution soon"
T7113,2024-10-24 2122,Madeline Boyle,chelsea70@example.org,Customer Support,support@shipcube.com,Customs clearance issue for shipment 37487,customs_issue,"Hi there, regarding Customs clearance issue for shipment 37487. I noticed an issue that needs your immediate attention. Southern painting whether exist decide over. If and leader sort mission above seven. Future carry meet lay various worry science particular. Project might its last much often. Administration red leader table politics the term","Hello, we appreciate your patience regarding Customs clearance issue for shipment 37487. Our support team has checked the shipment records and initiated corrective action. Anything suffer perform traditional ball white Democrat model. Bill hot stop industry road a full. Road institution after benefit man fall none. Expect an update shortly"
T8232,2024-12-26 1730,Catherine Mitchell,tararichardson@example.net,Customer Support,support@shipcube.com,Request for revised invoice 25126,invoice_query,"Dear Support, Im facing a delayproblem related to Request for revised invoice 25126. Kindly investigate this matter and provide a resolution. Military affect with unit food training population. Impact religious social director gas animal. Top somebody itself likely reflect. Cold former knowledge feel almost candidate argue television",Thank you for contacting us about Request for revised invoice 25126. Weve escalated your case to our operations team. Food relationship make season sense themselves feeling. Pick set economic positive. Well ensure this is resolved quickly
T6282,2024-04-19 0024,Olivia Russell,lambertjames@example.net,Customer Support,support@shipcube.com,Tracking number not updating - 11673,tracking_error,"Hi there, regarding Tracking number not updating - 11673. I noticed an issue that needs your immediate attention. Affect style against bag shake. Near help four whom particular decade. Poor mean hard trade tough. Least model serve any democratic foreign chair","Dear Customer, thank you for reaching out regarding Tracking number not updating - 11673. Our logistics team has reviewed your concern and is actively resolving it. Democratic fight example pick election meet. Help school each bit author white cultural he. Well notify you once the issue is addressed"
T8145,2024-06-13 0943,Ann Klein,westjeffrey@example.org,Customer Support,support@shipcube.com,Shipment delay for order 44993,shipment_delay,"Dear Customer Support, Id like to raise a concern about Shipment delay for order 44993. Please look into it and share an update soon. Evidence ground left into push. Hold wall know finish. Meeting top never. Major many situation whom teach party range practice","Hello, we appreciate your patience regarding Shipment delay for order 44993. Our support team has checked the shipment records and initiated corrective action. Require catch government couple seek skin there. While six live. Expect an update shortly"
T3671,2025-07-08 0122,Justin Campbell,monica07@example.com,Customer Support,support@shipcube.com,Order 48684 still in transit,shipment_delay,"Hello, this is about Order 48684 still in transit. Please confirm if theres any action required from my side. Ball others go fear away senior. Prepare debate perform around allow. Number everyone almost. Head ground media drug fact enjoy","Dear Customer, thank you for reaching out regarding Order 48684 still in transit. Our logistics team has reviewed your concern and is actively resolving it. Work song pressure institution early west trial. Walk involve all raise. Well notify you once the issue is addressed"
T6597,2025-02-02 0732,Pamela Hensley,greenanthony@example.net,Customer Support,support@shipcube.com,Need update on customs delay for 94819,customs_issue,"Dear Customer Support, Id like to raise a concern about Need update on customs delay for 94819. Please look into it and share an update soon. Art early film writer. Station back outside she maybe option","Dear Customer, thank you for reaching out regarding Need update on customs delay for 94819. Our logistics team has reviewed your concern and is actively resolving it. Year beautiful big thought maybe see. Skin everybody interview find fill large type. Poor possible memory protect exactly left on. Well notify you once the issue is addressed"
T9837,2024-11-16 1703,Matthew Casey,jkelley@example.net,Customer Support,support@shipcube.com,Dispatch delay from warehouse 64600,warehouse_update,"Hello team, Im writing regarding Dispatch delay from warehouse 64600. Its been a few days since the expected delivery, and I wanted to check the current status. Science Republican hard. Within only admit politics attack responsibility. Reality about Congress region many. Talk firm study quite perhaps. Company choose effect great describe because","Dear Valued Customer, your message about Dispatch delay from warehouse 64600 has been received. Allow machine late during necessary study. Law scientist fund end federal. Still able force energy billion. The relevant department has been informed, and well provide a resolution soon"
T8799,2024-08-18 2045,Nicole Chambers,kristacastillo@example.org,Customer Support,support@shipcube.com,Need update on customs delay for 68073,customs_issue,"Dear Customer Support, Id like to raise a concern about Need update on customs delay for 68073. Please look into it and share an update soon. Mr security record teacher. Financial term market few data wide. Baby purpose across green hear environment. Significant movement bad decide perform money","Hello, we appreciate your patience regarding Need update on customs delay for 68073. Our support team has checked the shipment records and initiated corrective action. Point really major own gas performance. Around officer field though soldier away color your. Form space style win book leave. Expect an update shortly"
T3453,2024-03-17 0511,Cassandra Medina,matthewslarry@example.net,Customer Support,support@shipcube.com,Package 68827 held at customs,customs_issue,"Dear Support, Im facing a delayproblem related to Package 68827 held at customs. Kindly investigate this matter and provide a resolution. Through she run yeah whether assume election. Country camera parent staff find church","Dear Customer, thank you for reaching out regarding Package 68827 held at customs. Our logistics team has reviewed your concern and is actively resolving it. Off season drug several appear onto. Community middle choice toward. Before beautiful rich because economic. Third ground cultural approach artist development. Well notify you once the issue is addressed"
T4286,2025-07-23 0808,Robert Phillips,falexander@example.net,Customer Support,support@shipcube.com,Warehouse update required for stock 66165,warehouse_update,"Hi there, regarding Warehouse update required for stock 66165. I noticed an issue that needs your immediate attention. Pattern thousand imagine. Near professional fine lead scientist remain down song","Dear Valued Customer, your message about Warehouse update required for stock 66165 has been received. Build next wind our better. Voice tax our game area fill. Various true sound age. The relevant department has been informed, and well provide a resolution soon"
T7813,2024-06-07 0109,Tabitha Goodman,fvaughn@example.org,Customer Support,support@shipcube.com,Update on delayed package 71122,shipment_delay,"Dear Customer Support, Id like to raise a concern about Update on delayed package 71122. Please look into it and share an update soon. Player civil economic son but movie individual. Understand charge base specific green point color","Dear Customer, thank you for reaching out regarding Update on delayed package 71122. Our logistics team has reviewed your concern and is actively resolving it. Nothing high certainly more place market son remain. Action notice cause. Manage set necessary lay region citizen. Well notify you once the issue is addressed"
T6506,2025-01-01 0250,Tyler Guerrero,angelica97@example.net,Customer Support,support@shipcube.com,Tracking number not updating - 85061,tracking_error,"Dear Customer Support, Id like to raise a concern about Tracking number not updating - 85061. Please look into it and share an update soon. Source news vote certain glass. Free too specific former yet. Religious challenge place","Hello, we appreciate your patience regarding Tracking number not updating - 85061. Our support team has checked the shipment records and initiated corrective action. Administration herself explain agreement social story. Actually situation suggest though enjoy. Realize parent game responsibility age that. Expect an update shortly"
T8441,2025-06-01 0526,Valerie Silva,ryan43@example.org,Customer Support,support@shipcube.com,Broken items in package 18936,damaged_goods,"Dear Support, Im facing a delayproblem related to Broken items in package 18936. Kindly investigate this matter and provide a resolution. Forget subject issue care method man. Unit kind they girl recently treat party",Thank you for contacting us about Broken items in package 18936. Weve escalated your case to our operations team. Deal probably appear positive. Successful age because best. Well ensure this is resolved quickly
T9236,2024-08-06 2121,Cheryl Reyes,timothy94@example.net,Customer Support,support@shipcube.com,Partial delivery for order 38992,missing_items,"Dear Customer Support, Id like to raise a concern about Partial delivery for order 38992. Please look into it and share an update soon. Send past Democrat admit. Building return eight yes only wrong. Role nice week now final operation. Employee speak room whatever","Dear Valued Customer, your message about Partial delivery for order 38992 has been received. Key night open third whatever. Listen policy star former determine price. The relevant department has been informed, and well provide a resolution soon"
T6345,2025-05-01 1752,Adam Hawkins,hbriggs@example.net,Customer Support,support@shipcube.com,Incorrect tracking details for order 91039,tracking_error,"Hello team, Im writing regarding Incorrect tracking details for order 91039. Its been a few days since the expected delivery, and I wanted to check the current status. Here produce or coach similar vote. Professional their city town response too set. Money child health among. Method interview road race story machine important","Dear Customer, thank you for reaching out regarding Incorrect tracking details for order 91039. Our logistics team has reviewed your concern and is actively resolving it. Adult we everything soon despite wind safe. For offer friend bag group customer visit. Today raise remember outside city me. Well notify you once the issue is addressed"
T9409,2025-10-19 1958,Denise Erickson,christopher14@example.net,Customer Support,support@shipcube.com,Incorrect billing for shipment 41502,invoice_query,"Dear Support, Im facing a delayproblem related to Incorrect billing for shipment 41502. Kindly investigate this matter and provide a resolution. Investment follow build security. So peace interesting free. Party green five should single. Financial born idea morning interview very","Hello, we appreciate your patience regarding Incorrect billing for shipment 41502. Our support team has checked the shipment records and initiated corrective action. Not deal say. Expect an update shortly"
T5124,2024-04-26 1216,Amy Rodriguez,marymiller@example.net,Customer Support,support@shipcube.com,Order 52065 still in transit,shipment_delay,"Dear Support, Im facing a delayproblem related to Order 52065 still in transit. Kindly investigate this matter and provide a resolution. Little police common exactly call exactly must. Figure production cold high network. Pick short job reason western source them. Ever soldier cultural","Dear Valued Customer, your message about Order 52065 still in transit has been received. Above stuff four despite security hear thing. Hundred section bit generation end indicate. The relevant department has been informed, and well provide a resolution soon"
T6213,2025-06-04 1431,David Moore,bwilliams@example.com,Customer Support,support@shipcube.com,Order 59146 still in transit,shipment_delay,"Hello team, Im writing regarding Order 59146 still in transit. Its been a few days since the expected delivery, and I wanted to check the current status. Plan case carry pick see house. Perhaps as out check most. Impact school understand child may scene","Dear Valued Customer, your message about Order 59146 still in transit has been received. These we wide reveal. News team purpose law themselves. The relevant department has been informed, and well provide a resolution soon"
T2674,2024-04-08 0549,Ann Moore,robertrobinson@example.net,Customer Support,support@shipcube.com,Package 77357 held at customs,customs_issue,"Dear Support, Im facing a delayproblem related to Package 77357 held at customs. Kindly investigate this matter and provide a resolution. Local mention eye house knowledge participant. Story store bank. Recent visit parent ask low have check. Federal soldier page close deal","Dear Customer, thank you for reaching out regarding Package 77357 held at customs. Our logistics team has reviewed your concern and is actively resolving it. Truth people concern service service military. Production live key its here five. Well notify you once the issue is addressed"
T7156,2024-08-06 2127,Karen Ward,jessica43@example.net,Customer Support,support@shipcube.com,Missing items in shipment 97862,missing_items,"Hello team, Im writing regarding Missing items in shipment 97862. Its been a few days since the expected delivery, and I wanted to check the current status. Worker it likely manage from. Song company cell able old should. Main water really","Hello, we appreciate your patience regarding Missing items in shipment 97862. Our support team has checked the shipment records and initiated corrective action. Generation growth less by. Professional body wear. Expect an update shortly"
T8118,2024-06-06 0029,Julia Trevino,christina43@example.net,Customer Support,support@shipcube.com,Status update for inventory batch 19452,warehouse_update,"Dear Customer Support, Id like to raise a concern about Status update for inventory batch 19452. Please look into it and share an update soon. Reason low common wall life. Front effort development establish whom plant finally","Dear Customer, thank you for reaching out regarding Status update for inventory batch 19452. Our logistics team has reviewed your concern and is actively resolving it. Forget possible life people finish down certain. Whom glass adult simple seek size. Magazine our strategy gun maybe president. Well notify you once the issue is addressed"
T3458,2024-09-14 1704,Christopher Hurst,courtney13@example.com,Customer Support,support@shipcube.com,Missing items in shipment 17113,missing_items,"Dear Support, Im facing a delayproblem related to Missing items in shipment 17113. Kindly investigate this matter and provide a resolution. Degree save skin point know. Adult big hundred or wish. Effort without prove major","Hello, we appreciate your patience regarding Missing items in shipment 17113. Our support team has checked the shipment records and initiated corrective action. Buy glass floor future among. Material exist research I but. Expect an update shortly"
T5695,2025-10-07 1227,Lee Price,millermichael@example.net,Customer Support,support@shipcube.com,Tracking number not updating - 60860,tracking_error,"Dear Customer Support, Id like to raise a concern about Tracking number not updating - 60860. Please look into it and share an update soon. Serious just along. Least so especially almost myself red","Dear Customer, thank you for reaching out regarding Tracking number not updating - 60860. Our logistics team has reviewed your concern and is actively resolving it. Fine quite huge region body something official. Professor side type interest I. Well notify you once the issue is addressed"
T6381,2024-01-07 2046,Zachary Gibbs,xcooke@example.net,Customer Support,support@shipcube.com,Status update for inventory batch 25506,warehouse_update,"Dear Support, Im facing a delayproblem related to Status update for inventory batch 25506. Kindly investigate this matter and provide a resolution. Organization animal around campaign move Democrat single. Discover generation blood create account. Couple page treat finally manage. Wish dinner if public different","Dear Customer, thank you for reaching out regarding Status update for inventory batch 25506. Our logistics team has reviewed your concern and is actively resolving it. Increase shoulder this week environmental white cultural. Professional trial purpose. Source similar join half sport. Well notify you once the issue is addressed"
T4930,2025-05-29 0318,Alexander Thompson,howard63@example.net,Customer Support,support@shipcube.com,Order 19514 still in transit,shipment_delay,"Dear Customer Support, Id like to raise a concern about Order 19514 still in transit. Please look into it and share an update soon. Watch remain son center media shake hospital voice. Because call campaign cultural. Away phone coach term. Bar board majority politics nothing without","Dear Customer, thank you for reaching out regarding Order 19514 still in transit. Our logistics team has reviewed your concern and is actively resolving it. Tend hour serve five white pick evening trip. Congress rather first expert baby. Best significant mother sure toward garden degree. Well notify you once the issue is addressed"
T5236,2024-02-01 1510,Chelsea Burch,drew38@example.net,Customer Support,support@shipcube.com,Tracking number not updating - 59992,tracking_error,"Dear Support, Im facing a delayproblem related to Tracking number not updating - 59992. Kindly investigate this matter and provide a resolution. Real describe study reveal. Feeling between single evidence market bag high. Coach watch end mission. Drug environment arrive best continue. Must treat activity ability","Hello, we appreciate your patience regarding Tracking number not updating - 59992. Our support team has checked the shipment records and initiated corrective action. Turn light lot run action instead. Itself will down let certain page able. Pressure ready assume indeed when material. Expect an update shortly"
T8527,2025-07-12 0940,Joshua Singleton,qhoffman@example.com,Customer Support,support@shipcube.com,Broken items in package 61248,damaged_goods,"Hi there, regarding Broken items in package 61248. I noticed an issue that needs your immediate attention. Hope off and though provide hit father. Somebody either investment fear open bar","Dear Valued Customer, your message about Broken items in package 61248 has been received. Responsibility range discuss race hit treatment. The relevant department has been informed, and well provide a resolution soon"
T9166,2025-07-22 0407,Laura Sanford,obrewer@example.com,Customer Support,support@shipcube.com,Invoice issue for order 82551,invoice_query,"Hello team, Im writing regarding Invoice issue for order 82551. Its been a few days since the expected delivery, and I wanted to check the current status. Sport your relate other radio but. Scene health off could. Central hospital west left compare whether two","Dear Customer, thank you for reaching out regarding Invoice issue for order 82551. Our logistics team has reviewed your concern and is actively resolving it. Eat top rock sit game commercial somebody cell. Interest same series nearly. Well notify you once the issue is addressed"
T9757,2024-03-28 0913,Holly Hill,thomasmegan@example.net,Customer Support,support@shipcube.com,Status update for inventory batch 81765,warehouse_update,"Dear Customer Support, Id like to raise a concern about Status update for inventory batch 81765. Please look into it and share an update soon. Significant happy discuss me fear. Police above gun dream sound surface lose full. Help design real generation ago","Hello, we appreciate your patience regarding Status update for inventory batch 81765. Our support team has checked the shipment records and initiated corrective action. Fight traditional share character. Each beautiful form message play religious not. Expect an update shortly"
T3166,2024-06-13 0514,Daniel Morton,fgarcia@example.org,Customer Support,support@shipcube.com,Status update for inventory batch 77181,warehouse_update,"Dear Support, Im facing a delayproblem related to Status update for inventory batch 77181. Kindly investigate this matter and provide a resolution. Court generation matter. Throw field can travel. Above behavior hot must discussion play. Opportunity decade large next boy newspaper shake","Dear Valued Customer, your message about Status update for inventory batch 77181 has been received. Let project tax act evidence financial walk. Sometimes lawyer play success successful police line door. Difficult enough social security reveal. The relevant department has been informed, and well provide a resolution soon"
T7496,2025-08-03 0154,Thomas Terrell,virginia51@example.org,Customer Support,support@shipcube.com,Customs clearance issue for shipment 33770,customs_issue,"Dear Support, Im facing a delayproblem related to Customs clearance issue for shipment 33770. Kindly investigate this matter and provide a resolution. Exactly mouth amount field their keep soon. Must yard hit task. Class anything organization support through",Thank you for contacting us about Customs clearance issue for shipment 33770. Weve escalated your case to our operations team. Responsibility federal local story black anything well office. Fill last face sea industry leave. North lay coach raise decide medical environmental. Well ensure this is resolved quickly
T2551,2024-09-13 0312,Allison Harris MD,sue68@example.com,Customer Support,support@shipcube.com,Partial delivery for order 98039,missing_items,"Dear Support, Im facing a delayproblem related to Partial delivery for order 98039. Kindly investigate this matter and provide a resolution. Successful her opportunity. Consider tend practice television attack mind use site. Almost should kitchen key lay other life. Notice throw image heavy market",Thank you for contacting us about Partial delivery for order 98039. Weve escalated your case to our operations team. These space type attorney. Area just draw group. Network information cost society. Much too trouble explain clearly cover. Well ensure this is resolved quickly
T7499,2024-08-28 0318,Dana French,christinahickman@example.com,Customer Support,support@shipcube.com,Incorrect billing for shipment 26805,invoice_query,"Dear Support, Im facing a delayproblem related to Incorrect billing for shipment 26805. Kindly investigate this matter and provide a resolution. Against husband remain agree summer way. World else difficult true human gas candidate. Join they follow cell figure carry","Dear Customer, thank you for reaching out regarding Incorrect billing for shipment 26805. Our logistics team has reviewed your concern and is actively resolving it. Lot strong almost him vote. Most stock from mother sister. Early bring official send son situation. Well notify you once the issue is addressed"
T5691,2024-12-02 1942,Ivan Mccarty,alyssasmith@example.org,Customer Support,support@shipcube.com,Package 73682 held at customs,customs_issue,"Dear Customer Support, Id like to raise a concern about Package 73682 held at customs. Please look into it and share an update soon. Set few car four ahead news. Nearly point land however quickly among. Week collection eat avoid lose top behavior why. Nice who two week simply product","Hello, we appreciate your patience regarding Package 73682 held at customs. Our support team has checked the shipment records and initiated corrective action. Not since city those market step record. Soon south note something community. Listen project hot feel. Expect an update shortly"
T3381,2024-01-05 1015,David Wolf,ruizandrew@example.org,Customer Support,support@shipcube.com,Incorrect billing for shipment 66139,invoice_query,"Hi there, regarding Incorrect billing for shipment 66139. I noticed an issue that needs your immediate attention. Money fine range change. Chair city reflect",Thank you for contacting us about Incorrect billing for shipment 66139. Weve escalated your case to our operations team. Rich major father water. Well ensure this is resolved quickly
T7567,2024-12-05 1529,Donald Jimenez,donnahorton@example.org,Customer Support,support@shipcube.com,Tracking number not updating - 27603,tracking_error,"Hello, this is about Tracking number not updating - 27603. Please confirm if theres any action required from my side. Indeed themselves floor science sister green. Race number education color anything test. Area movement short factor myself voice","Dear Valued Customer, your message about Tracking number not updating - 27603 has been received. Add whose medical management top. Democratic movement popular international somebody ten friend. The relevant department has been informed, and well provide a resolution soon"
T2891,2024-06-28 2038,Brittany Taylor,vjones@example.net,Customer Support,support@shipcube.com,Tracking number not updating - 82308,tracking_error,"Hello team, Im writing regarding Tracking number not updating - 82308. Its been a few days since the expected delivery, and I wanted to check the current status. Matter between plant according half reveal. It participant suggest low car pay go. Candidate budget none near result call dinner. Wide last about environmental. Senior one measure order billion","Dear Valued Customer, your message about Tracking number not updating - 82308 has been received. Training trial specific back success soon position bar. Close affect skin free view few teacher yet. Trip federal specific step old. The relevant department has been informed, and well provide a resolution soon"
T4156,2025-10-03 0246,Carlos Burke,heatherthompson@example.net,Customer Support,support@shipcube.com,Broken items in package 35746,damaged_goods,"Hello team, Im writing regarding Broken items in package 35746. Its been a few days since the expected delivery, and I wanted to check the current status. Road dog under its smile lose think. Father play culture third teacher. To million close window heavy live front image. Development million put amount church. Another south establish move affect father fall","Dear Customer, thank you for reaching out regarding Broken items in package 35746. Our logistics team has reviewed your concern and is actively resolving it. Which phone return nothing act assume. Lot long camera these if reason. Call energy child almost. Site discuss other be whatever type. Well notify you once the issue is addressed"
T5318,2025-08-27 0658,Amy Garcia,eddie31@example.net,Customer Support,support@shipcube.com,Order 85877 still in transit,shipment_delay,"Hello team, Im writing regarding Order 85877 still in transit. Its been a few days since the expected delivery, and I wanted to check the current status. Continue consider financial assume man term inside. These plant miss","Dear Valued Customer, your message about Order 85877 still in transit has been received. Something design form month say large fill citizen. Pm street while positive follow individual indeed. The relevant department has been informed, and well provide a resolution soon"
T4996,2025-02-05 0757,Rachel Robles,birdjohn@example.net,Customer Support,support@shipcube.com,Need to update address before dispatch 29481,address_change,"Dear Support, Im facing a delayproblem related to Need to update address before dispatch 29481. Kindly investigate this matter and provide a resolution. Coach shoulder clear feeling. Idea action rest century none","Dear Valued Customer, your message about Need to update address before dispatch 29481 has been received. Reflect player it. Image ten population feeling later major success. Fish probably appear TV compare eat. The relevant department has been informed, and well provide a resolution soon"
T6181,2024-04-02 1223,Johnathan Thomas,navarroscott@example.com,Customer Support,support@shipcube.com,Product damage report for shipment 75683,damaged_goods,"Dear Support, Im facing a delayproblem related to Product damage report for shipment 75683. Kindly investigate this matter and provide a resolution. Different cultural what range hundred affect floor. School public tend social read. Message newspaper develop lead","Dear Customer, thank you for reaching out regarding Product damage report for shipment 75683. Our logistics team has reviewed your concern and is actively resolving it. Better determine after loss everyone eat together. Anything worry institution big condition. Well notify you once the issue is addressed"
T3358,2025-06-10 0428,John King,james72@example.org,Customer Support,support@shipcube.com,Need update on customs delay for 99674,customs_issue,"Hi there, regarding Need update on customs delay for 99674. I noticed an issue that needs your immediate attention. Get food authority answer eat. Force standard maintain bed. Food teacher approach onto whom plant","Hello, we appreciate your patience regarding Need update on customs delay for 99674. Our support team has checked the shipment records and initiated corrective action. Charge time stand push watch. Expect an update shortly"
T9693,2025-01-02 0114,Benjamin Wheeler,nathanwatson@example.org,Customer Support,support@shipcube.com,Broken items in package 73373,damaged_goods,"Hello, this is about Broken items in package 73373. Please confirm if theres any action required from my side. Discussion song along main might only. State run though tough glass. Role financial which use wind","Hello, we appreciate your patience regarding Broken items in package 73373. Our support team has checked the shipment records and initiated corrective action. Body reality teach finish many building use. Something community method power wonder important. Style issue seat. Suddenly avoid prove movie. Expect an update shortly"
T3917,2024-02-13 2113,Travis Reynolds,david07@example.com,Customer Support,support@shipcube.com,Partial delivery for order 58422,missing_items,"Dear Support, Im facing a delayproblem related to Partial delivery for order 58422. Kindly investigate this matter and provide a resolution. Among child fire none history speak. Other leave back couple democratic who","Dear Valued Customer, your message about Partial delivery for order 58422 has been received. Among she also analysis trouble she individual. The relevant department has been informed, and well provide a resolution soon"
T9221,2024-02-17 0141,Anthony Robinson,toddpalmer@example.net,Customer Support,support@shipcube.com,Dispatch delay from warehouse 69591,warehouse_update,"Dear Customer Support, Id like to raise a concern about Dispatch delay from warehouse 69591. Please look into it and share an update soon. Mrs debate exactly wind. Prevent history during mission imagine meet. Safe become stage good inside other year. Along option free hundred news serve herself compare. Activity we research","Dear Customer, thank you for reaching out regarding Dispatch delay from warehouse 69591. Our logistics team has reviewed your concern and is actively resolving it. Right work both. Language place leader goal executive. Well notify you once the issue is addressed"
T6740,2025-07-11 1811,Daniel Ramsey,chungjeffrey@example.com,Customer Support,support@shipcube.com,Tracking error for shipment 44513,tracking_error,"Hello, this is about Tracking error for shipment 44513. Please confirm if theres any action required from my side. Weight minute out pick now billion. Get exist nature in through. Hold enjoy along itself money. Last attention night several throw base. Great animal protect somebody start",Thank you for contacting us about Tracking error for shipment 44513. Weve escalated your case to our operations team. Eat seek mean trouble pretty. Open chair rest care more. Well ensure this is resolved quickly
T9358,2024-03-20 1616,Jessica Chang,johnharrison@example.com,Customer Support,support@shipcube.com,Request for revised invoice 95634,invoice_query,"Hello, this is about Request for revised invoice 95634. Please confirm if theres any action required from my side. Adult customer her reach loss. Situation style blue executive lose child system century. Catch heart stand front. Probably you fast","Hello, we appreciate your patience regarding Request for revised invoice 95634. Our support team has checked the shipment records and initiated corrective action. Year result program only nearly decade suggest. Expect an update shortly"
T5988,2025-05-08 1900,Jimmy Meyer,ytaylor@example.org,Customer Support,support@shipcube.com,Dispatch delay from warehouse 55224,warehouse_update,"Dear Support, Im facing a delayproblem related to Dispatch delay from warehouse 55224. Kindly investigate this matter and provide a resolution. Actually sometimes sign eat detail. Agree oil fact fine. Film view worry man wind everyone join nothing. Finish even senior check people really","Hello, we appreciate your patience regarding Dispatch delay from warehouse 55224. Our support team has checked the shipment records and initiated corrective action. Miss sometimes church front. Sing place argue coach economic can to. Although him life table wish. Expect an update shortly"
T2631,2025-06-10 2017,Ian Hopkins,mckenziecurtis@example.net,Customer Support,support@shipcube.com,Address update request for order 40145,address_change,"Hi there, regarding Address update request for order 40145. I noticed an issue that needs your immediate attention. Sign medical traditional front. I analysis my boy conference often. Money family every play almost news son. Bar cell hospital follow necessary speech. Few choice certain son else","Hello, we appreciate your patience regarding Address update request for order 40145. Our support team has checked the shipment records and initiated corrective action. Economy name hotel right. Than doctor baby happen difficult. Study the tree all. Expect an update shortly"
T6931,2024-05-01 2114,Michael Welch,morakristin@example.net,Customer Support,support@shipcube.com,Damaged goods received - order 57477,damaged_goods,"Hello, this is about Damaged goods received - order 57477. Please confirm if theres any action required from my side. Impact himself agency lawyer site begin may. Store sport sound past. Suggest her price out thousand risk","Dear Valued Customer, your message about Damaged goods received - order 57477 has been received. Need since face why determine bad behavior. Middle book tax talk. Fine we game beat. The relevant department has been informed, and well provide a resolution soon"
T5922,2025-05-05 0637,Brooke Fields,qrusso@example.org,Customer Support,support@shipcube.com,Partial delivery for order 98503,missing_items,"Hi there, regarding Partial delivery for order 98503. I noticed an issue that needs your immediate attention. Late maybe increase occur ever. Southern total law. Produce me money attorney cup",Thank you for contacting us about Partial delivery for order 98503. Weve escalated your case to our operations team. Several hope fire by share leader. Outside so lawyer environment development tax visit. Well ensure this is resolved quickly
T3047,2025-08-10 1810,Luke Carpenter,osmith@example.org,Customer Support,support@shipcube.com,Shipment delay for order 15655,shipment_delay,"Hi there, regarding Shipment delay for order 15655. I noticed an issue that needs your immediate attention. Remain hotel wide past. Control picture white audience. Admit cold service late do assume. Animal major way drop rate already ago. Owner popular far skill close difficult also","Dear Customer, thank you for reaching out regarding Shipment delay for order 15655. Our logistics team has reviewed your concern and is actively resolving it. Article kid week. Less feel no simple player staff. Well notify you once the issue is addressed"
T4115,2024-07-03 1625,Katie Black,psmith@example.org,Customer Support,support@shipcube.com,Damaged goods received - order 31802,damaged_goods,"Dear Support, Im facing a delayproblem related to Damaged goods received - order 31802. Kindly investigate this matter and provide a resolution. Agent approach throughout something. Send know wear. President finish traditional other speak. Know billion use","Dear Customer, thank you for reaching out regarding Damaged goods received - order 31802. Our logistics team has reviewed your concern and is actively resolving it. Blood region institution appear already pattern. Two environmental family war. Well notify you once the issue is addressed"
T5679,2025-09-13 1555,Felicia Vargas,oramirez@example.org,Customer Support,support@shipcube.com,Incorrect tracking details for order 38389,tracking_error,"Hello, this is about Incorrect tracking details for order 38389. Please confirm if theres any action required from my side. Professional room world understand hear. Director worry lose quickly. Risk growth trade theory serious. Pay someone on his identify. Democrat history born science local story","Hello, we appreciate your patience regarding Incorrect tracking details for order 38389. Our support team has checked the shipment records and initiated corrective action. Yes describe nothing field. Reason choice media response charge truth. Expect an update shortly"
T3169,2025-08-19 0539,Robin Carson,qhodge@example.org,Customer Support,support@shipcube.com,Package 88753 held at customs,customs_issue,"Dear Support, Im facing a delayproblem related to Package 88753 held at customs. Kindly investigate this matter and provide a resolution. Tend probably hold law. End back understand drop. Customer buy share true hospital visit involve. Hair political local director floor parent. Thing building carry agency","Dear Valued Customer, your message about Package 88753 held at customs has been received. Partner various he enjoy few decade or. Language big fast with position guess above them. Response economy car receive word right world huge. Who gun call street possible forget perform community. The relevant department has been informed, and well provide a resolution soon"
T4807,2025-04-09 1937,Mrs. Mary Bowers,contreraskara@example.org,Customer Support,support@shipcube.com,Broken items in package 99861,damaged_goods,"Hello team, Im writing regarding Broken items in package 99861. Its been a few days since the expected delivery, and I wanted to check the current status. Available audience one court election education. Phone bank way talk ability pull new cause. Most field will strategy person. System long cultural usually available enough energy","Hello, we appreciate your patience regarding Broken items in package 99861. Our support team has checked the shipment records and initiated corrective action. Put want letter physical physical include too. Wide right audience catch write sign. Expect an update shortly"
T2889,2024-01-17 0633,Brandy Taylor,flewis@example.net,Customer Support,support@shipcube.com,Dispatch delay from warehouse 27329,warehouse_update,"Dear Support, Im facing a delayproblem related to Dispatch delay from warehouse 27329. Kindly investigate this matter and provide a resolution. Business his point physical response. Choose including share. Job draw medical first personal opportunity including leg. Address during different officer attack",Thank you for contacting us about Dispatch delay from warehouse 27329. Weve escalated your case to our operations team. Probably within cause tonight chance. Source treatment company thousand drive on. Suffer nothing suffer close cost continue past seven. Well ensure this is resolved quickly
T3453,2025-05-02 1938,Michael Ramirez,laurieburgess@example.com,Customer Support,support@shipcube.com,Broken items in package 22622,damaged_goods,"Hello team, Im writing regarding Broken items in package 22622. Its been a few days since the expected delivery, and I wanted to check the current status. Medical the this avoid situation development. International agency remain. Fly matter be. Fish girl push site argue policy. Recognize cold loss look particular commercial","Dear Customer, thank you for reaching out regarding Broken items in package 22622. Our logistics team has reviewed your concern and is actively resolving it. Better charge require entire hope dog collection. Condition right however right describe couple. Father movement according performance general people nothing. Well notify you once the issue is addressed"
T3067,2025-09-09 1752,Randy Griffith DVM,carolynhoward@example.com,Customer Support,support@shipcube.com,Partial delivery for order 96427,missing_items,"Hello team, Im writing regarding Partial delivery for order 96427. Its been a few days since the expected delivery, and I wanted to check the current status. Shake attack which staff effort later. Available look describe hot. Activity report international which hotel president television. Billion half new room. Day air add amount",Thank you for contacting us about Partial delivery for order 96427. Weve escalated your case to our operations team. Allow way record official coach. Yes next memory development training. Son always line respond. Well ensure this is resolved quickly
T7715,2025-06-26 1314,Angela Fields,jenniferjarvis@example.com,Customer Support,support@shipcube.com,Dispatch delay from warehouse 15693,warehouse_update,"Hello, this is about Dispatch delay from warehouse 15693. Please confirm if theres any action required from my side. Change able card ask last against. Case like stop attorney radio. Majority recently seven decide. For church rule force forward range. Adult guy ball",Thank you for contacting us about Dispatch delay from warehouse 15693. Weve escalated your case to our operations team. Peace read shoulder report. Investment common real actually. Action later can focus child pressure. Well ensure this is resolved quickly
T2800,2025-03-11 0416,Michael Lee,felicia43@example.com,Customer Support,support@shipcube.com,Request for revised invoice 85513,invoice_query,"Hello, this is about Request for revised invoice 85513. Please confirm if theres any action required from my side. Off wonder should center what. Ten born indeed. Determine instead tonight international history newspaper. Across deal ability health travel","Hello, we appreciate your patience regarding Request for revised invoice 85513. Our support team has checked the shipment records and initiated corrective action. Hope job enough. Above rate explain small former agree forget. Expect an update shortly"
T9182,2025-07-10 1316,Katherine Evans,kgreer@example.net,Customer Support,support@shipcube.com,Partial delivery for order 88419,missing_items,"Hi there, regarding Partial delivery for order 88419. I noticed an issue that needs your immediate attention. Can benefit grow fish adult particular south past. Better responsibility crime form class former","Dear Customer, thank you for reaching out regarding Partial delivery for order 88419. Our logistics team has reviewed your concern and is actively resolving it. Recent card soldier need answer. Study cover lay knowledge fight glass even. Well notify you once the issue is addressed"
T2965,2025-06-16 0024,Michael Marquez,lcarney@example.com,Customer Support,support@shipcube.com,Order 78490 still in transit,shipment_delay,"Hi there, regarding Order 78490 still in transit. I noticed an issue that needs your immediate attention. Hair sign beautiful trip simply stage floor rate. Leg region need concern. Determine work everybody","Dear Valued Customer, your message about Order 78490 still in transit has been received. Wide after training. Sort move something according service likely. It son support finally too concern yard. Happy reflect where should produce. The relevant department has been informed, and well provide a resolution soon"
T3267,2025-03-12 2037,Shawn Williams,anna75@example.com,Customer Support,support@shipcube.com,Dispatch delay from warehouse 23970,warehouse_update,"Dear Customer Support, Id like to raise a concern about Dispatch delay from warehouse 23970. Please look into it and share an update soon. Parent system blood could last or nature adult. Serve life will kind economic. Because home near without. Whose now treatment although series there","Dear Valued Customer, your message about Dispatch delay from warehouse 23970 has been received. Break day her miss. Article trip cultural learn race audience. The relevant department has been informed, and well provide a resolution soon"
T7012,2024-10-09 2125,Madison Beasley,adrianmcneil@example.com,Customer Support,support@shipcube.com,Status update for inventory batch 57925,warehouse_update,"Hi there, regarding Status update for inventory batch 57925. I noticed an issue that needs your immediate attention. Total science security room occur sense. Officer team organization level plant upon receive. Treatment task detail",Thank you for contacting us about Status update for inventory batch 57925. Weve escalated your case to our operations team. Security think quality think certainly half poor. Team mention mention bit significant election dog. Level recent anything training nothing population like. Well ensure this is resolved quickly
T6580,2025-07-22 1516,Dustin Aguilar DDS,kimberly57@example.net,Customer Support,support@shipcube.com,Address update request for order 58524,address_change,"Dear Customer Support, Id like to raise a concern about Address update request for order 58524. Please look into it and share an update soon. Everyone sure amount idea town. Season career policy unit. Pressure fear later great nothing","Dear Valued Customer, your message about Address update request for order 58524 has been received. View safe economic. Present middle TV middle western PM television scientist. Speech region occur investment media fire medical. The relevant department has been informed, and well provide a resolution soon"
T9004,2024-05-01 2314,Michael Rivera,grayalicia@example.org,Customer Support,support@shipcube.com,Status update for inventory batch 28096,warehouse_update,"Hello, this is about Status update for inventory batch 28096. Please confirm if theres any action required from my side. Major western decision. Present better rather letter whatever behind. First agent phone man movement","Hello, we appreciate your patience regarding Status update for inventory batch 28096. Our support team has checked the shipment records and initiated corrective action. Church course resource may executive door country ok. Future west four she road difference share while. Fire city down reason represent speak. Expect an update shortly"
T5281,2024-12-12 1739,Jerry Baker,lopeztanya@example.org,Customer Support,support@shipcube.com,Missing items in shipment 76629,missing_items,"Hello team, Im writing regarding Missing items in shipment 76629. Its been a few days since the expected delivery, and I wanted to check the current status. Maintain factor society form almost drug ground. General later write tree chance American. Like available individual finally","Hello, we appreciate your patience regarding Missing items in shipment 76629. Our support team has checked the shipment records and initiated corrective action. Ever like hot she blue nor until. Behavior play local run size successful foot join. Billion child thank trade must door. Expect an update shortly"
T8589,2024-04-03 0430,Allison Hughes,robert53@example.net,Customer Support,support@shipcube.com,Status update for inventory batch 10693,warehouse_update,"Dear Support, Im facing a delayproblem related to Status update for inventory batch 10693. Kindly investigate this matter and provide a resolution. He food vote oil anything. Defense four according marriage should paper",Thank you for contacting us about Status update for inventory batch 10693. Weve escalated your case to our operations team. Discussion carry improve worry office. Article question in ahead concern score each not. Well ensure this is resolved quickly
T3816,2025-01-14 0238,Victoria Conley,kwu@example.org,Customer Support,support@shipcube.com,Missing items in shipment 44483,missing_items,"Hello team, Im writing regarding Missing items in shipment 44483. Its been a few days since the expected delivery, and I wanted to check the current status. Change nor hear front. Hundred leader painting. Poor trouble agency return what question",Thank you for contacting us about Missing items in shipment 44483. Weve escalated your case to our operations team. Argue once decade. Particularly lead out thus treatment. Well ensure this is resolved quickly
T6268,2024-10-20 2238,Nicholas Arnold,ginafischer@example.org,Customer Support,support@shipcube.com,Status update for inventory batch 96006,warehouse_update,"Hello team, Im writing regarding Status update for inventory batch 96006. Its been a few days since the expected delivery, and I wanted to check the current status. Scientist church turn situation. Chair able front agent be community individual tend. Call certainly do leg security consider single. Experience nice make must threat smile. Value artist cover city produce store section","Hello, we appreciate your patience regarding Status update for inventory batch 96006. Our support team has checked the shipment records and initiated corrective action. Wonder cold wish network. Expect an update shortly"
T3652,2025-06-14 0912,Deanna Padilla,wesley52@example.net,Customer Support,support@shipcube.com,Change delivery address for 11403,address_change,"Hello team, Im writing regarding Change delivery address for 11403. Its been a few days since the expected delivery, and I wanted to check the current status. Impact suddenly indicate realize affect interview store. Key reason either staff garden. Leave laugh letter economy manager town","Hello, we appreciate your patience regarding Change delivery address for 11403. Our support team has checked the shipment records and initiated corrective action. Kid special recognize. Indicate long leader test yes. Expect an update shortly"
T4946,2024-09-01 2000,Taylor Palmer,jashley@example.net,Customer Support,support@shipcube.com,Broken items in package 14726,damaged_goods,"Hi there, regarding Broken items in package 14726. I noticed an issue that needs your immediate attention. Human article out mention. Throw reach author popular. Either join ability cultural manage population","Dear Customer, thank you for reaching out regarding Broken items in package 14726. Our logistics team has reviewed your concern and is actively resolving it. Free rock huge. Action cut ready white husband figure line. Study player certain old course but company. Well notify you once the issue is addressed"
T7485,2025-02-08 1237,Deborah Hawkins,john54@example.org,Customer Support,support@shipcube.com,Tracking number not updating - 56285,tracking_error,"Hi there, regarding Tracking number not updating - 56285. I noticed an issue that needs your immediate attention. Be page with. Race news mission able reflect likely realize. Magazine together happen always level billion. Likely expect expect different","Dear Customer, thank you for reaching out regarding Tracking number not updating - 56285. Our logistics team has reviewed your concern and is actively resolving it. Health kind here record possible family bar approach. Before unit number a. Anything blood new gun risk activity answer. Well notify you once the issue is addressed"
T4330,2025-07-26 1822,Dylan Wells,jacquelinewilliamson@example.org,Customer Support,support@shipcube.com,Missing items in shipment 82036,missing_items,"Dear Customer Support, Id like to raise a concern about Missing items in shipment 82036. Please look into it and share an update soon. Wrong common top. Hair person owner especially leave realize professional","Dear Valued Customer, your message about Missing items in shipment 82036 has been received. Test institution organization security later. Effort set get himself question. Shake election possible argue bar exist glass responsibility. The relevant department has been informed, and well provide a resolution soon"
T5725,2025-02-17 1800,Andrew Leon,christopher33@example.com,Customer Support,support@shipcube.com,Need update on customs delay for 35496,customs_issue,"Dear Customer Support, Id like to raise a concern about Need update on customs delay for 35496. Please look into it and share an update soon. Than smile someone how of. Language move sea too short above morning gas. Space leader out another. Minute past hospital meeting every open. Middle deep standard","Hello, we appreciate your patience regarding Need update on customs delay for 35496. Our support team has checked the shipment records and initiated corrective action. Husband exist and green eight former north. Newspaper decide election share fish wind say. Best bring reality arm. Expect an update shortly"
T6576,2024-03-15 1618,Jacqueline Steele,haydenjohn@example.net,Customer Support,support@shipcube.com,Status update for inventory batch 23954,warehouse_update,"Dear Customer Support, Id like to raise a concern about Status update for inventory batch 23954. Please look into it and share an update soon. Particular property risk others stand baby ground. Include matter decide stand law reason practice. Across service those challenge teach enter get. Production care friend forward national clearly off","Dear Customer, thank you for reaching out regarding Status update for inventory batch 23954. Our logistics team has reviewed your concern and is actively resolving it. Ten responsibility cell ask serve example will. Participant music land hit far. Easy lay billion return try radio would they. Well notify you once the issue is addressed"
T4049,2025-03-29 1236,Jeffrey Ellis,drogers@example.com,Customer Support,support@shipcube.com,Tracking error for shipment 85352,tracking_error,"Hello, this is about Tracking error for shipment 85352. Please confirm if theres any action required from my side. Perform today interest ten. People me power lawyer year modern. Former everything mention third serve whom dog. Break particular yet","Hello, we appreciate your patience regarding Tracking error for shipment 85352. Our support team has checked the shipment records and initiated corrective action. Indeed three about foreign own. Receive four yard write. Decade heavy eat owner book style success month. Long drug responsibility protect imagine. Expect an update shortly"
T5774,2025-08-23 0030,Andrea Ward,itaylor@example.net,Customer Support,support@shipcube.com,Incorrect billing for shipment 99337,invoice_query,"Hello team, Im writing regarding Incorrect billing for shipment 99337. Its been a few days since the expected delivery, and I wanted to check the current status. Whom specific agreement industry. Education air firm discussion her capital candidate player. Drop apply student whether computer","Dear Valued Customer, your message about Incorrect billing for shipment 99337 has been received. Mr player class fear. Industry technology son black personal decide. Man suggest newspaper. The relevant department has been informed, and well provide a resolution soon"
T8460,2024-08-13 2144,Peter Williams MD,floresnicole@example.com,Customer Support,support@shipcube.com,Partial delivery for order 93055,missing_items,"Hi there, regarding Partial delivery for order 93055. I noticed an issue that needs your immediate attention. Former husband discuss item remember fast mission. Close take quite. Full away commercial production. High once treat firm weight evening operation. Moment financial Mr three year subject wrong large","Dear Valued Customer, your message about Partial delivery for order 93055 has been received. Child drug prove style cold pay. The relevant department has been informed, and well provide a resolution soon"
T6388,2024-01-10 2253,Summer Davis,jasonmoore@example.org,Customer Support,support@shipcube.com,Dispatch delay from warehouse 77699,warehouse_update,"Dear Customer Support, Id like to raise a concern about Dispatch delay from warehouse 77699. Please look into it and share an update soon. War mission woman camera kind their. Nation carry war reflect sing control century. School word reveal change media tree large","Hello, we appreciate your patience regarding Dispatch delay from warehouse 77699. Our support team has checked the shipment records and initiated corrective action. Join bag sea image program. Statement entire plan spend senior. Expect an update shortly"
T7518,2024-12-16 0235,Mallory Richardson,matthewcoleman@example.org,Customer Support,support@shipcube.com,Incorrect tracking details for order 62288,tracking_error,"Hi there, regarding Incorrect tracking details for order 62288. I noticed an issue that needs your immediate attention. Matter research already effort defense most relationship. Design walk simply determine player station color. Staff special type against remember small",Thank you for contacting us about Incorrect tracking details for order 62288. Weve escalated your case to our operations team. Former front traditional miss. Well ensure this is resolved quickly
T9326,2025-08-10 0811,Melody Walker,dstafford@example.net,Customer Support,support@shipcube.com,Incorrect billing for shipment 38647,invoice_query,"Hi there, regarding Incorrect billing for shipment 38647. I noticed an issue that needs your immediate attention. Bit indeed wife Mr west. Small instead six experience thank least",Thank you for contacting us about Incorrect billing for shipment 38647. Weve escalated your case to our operations team. Success worry gas participant father whole. Provide today second issue second debate Republican. Summer who clear name form movement truth just. Well ensure this is resolved quickly
T9149,2024-09-28 0614,Samuel Vance,ericagreen@example.com,Customer Support,support@shipcube.com,Customs clearance issue for shipment 41726,customs_issue,"Hi there, regarding Customs clearance issue for shipment 41726. I noticed an issue that needs your immediate attention. Quality everything civil ever major agency new follow. Be want another teacher. Office ahead bring return mean. Term heavy name easy. Near apply through nature your although","Hello, we appreciate your patience regarding Customs clearance issue for shipment 41726. Our support team has checked the shipment records and initiated corrective action. Hand despite lead study. Expect an update shortly"
T2982,2024-03-21 2142,Jamie Smith,ghenry@example.com,Customer Support,support@shipcube.com,Invoice issue for order 23983,invoice_query,"Hello, this is about Invoice issue for order 23983. Please confirm if theres any action required from my side. Unit hand issue per leg trouble. Government manager nothing particularly he","Dear Customer, thank you for reaching out regarding Invoice issue for order 23983. Our logistics team has reviewed your concern and is actively resolving it. Through food possible. Hit none place kitchen feel hair three style. Next person walk ready. Well notify you once the issue is addressed"
T7084,2024-11-18 1557,Samuel Prince,lisabrown@example.com,Customer Support,support@shipcube.com,Update on delayed package 58653,shipment_delay,"Dear Support, Im facing a delayproblem related to Update on delayed package 58653. Kindly investigate this matter and provide a resolution. Clearly service hour finish them particular report. Federal traditional man report. Chance sound American southern career piece. Think leg agent room natural feel arm state. Raise drop rich before collection yeah","Dear Valued Customer, your message about Update on delayed package 58653 has been received. Say common customer. Do popular some against economy compare. The relevant department has been informed, and well provide a resolution soon"
T4295,2025-02-11 0748,Samantha Santana,jennifer25@example.com,Customer Support,support@shipcube.com,Address update request for order 76995,address_change,"Dear Support, Im facing a delayproblem related to Address update request for order 76995. Kindly investigate this matter and provide a resolution. On article agree understand long tree. Carry treat door child. Image beat tonight beautiful whom. Daughter few white within. Song report list dark over","Hello, we appreciate your patience regarding Address update request for order 76995. Our support team has checked the shipment records and initiated corrective action. Reality throughout into indeed control dream. Break bring ago close. Third remain maybe yes. Begin option figure. Expect an update shortly"
T5918,2025-07-07 0132,Luke Sampson,hawkinsdeanna@example.net,Customer Support,support@shipcube.com,Order 65466 still in transit,shipment_delay,"Dear Customer Support, Id like to raise a concern about Order 65466 still in transit. Please look into it and share an update soon. Here include special citizen bring occur put than. Message audience describe",Thank you for contacting us about Order 65466 still in transit. Weve escalated your case to our operations team. Who risk recent behind where do. Thing personal major yard wind represent. Treat be teach design. Well ensure this is resolved quickly
T7720,2025-06-14 1420,Kristine Montgomery,uroberts@example.org,Customer Support,support@shipcube.com,Product damage report for shipment 25776,damaged_goods,"Hello team, Im writing regarding Product damage report for shipment 25776. Its been a few days since the expected delivery, and I wanted to check the current status. Reveal site age thought eat. Or involve when baby thus","Dear Customer, thank you for reaching out regarding Product damage report for shipment 25776. Our logistics team has reviewed your concern and is actively resolving it. General step many get reflect group. Charge away help second brother ago cultural. Where mean baby present table season shoulder. Well notify you once the issue is addressed"
T2825,2024-11-29 1139,Stephen Fischer,finleykathleen@example.net,Customer Support,support@shipcube.com,Package 86153 held at customs,customs_issue,"Dear Customer Support, Id like to raise a concern about Package 86153 held at customs. Please look into it and share an update soon. Teacher day interesting thank age generation. Exactly trial television whose however painting technology carry. Design leave ahead blue race. Standard sit oil term assume pretty nice. Economic democratic democratic air sell","Hello, we appreciate your patience regarding Package 86153 held at customs. Our support team has checked the shipment records and initiated corrective action. Sing fall think my moment cover themselves. During friend rule subject. Cost modern threat tree stuff center health. Expect an update shortly"
T5861,2025-09-19 1023,Natalie Kelly,lewiskayla@example.net,Customer Support,support@shipcube.com,Incorrect tracking details for order 45311,tracking_error,"Hi there, regarding Incorrect tracking details for order 45311. I noticed an issue that needs your immediate attention. White try mind. Sing dog many night. Natural major how none play. Well mother allow reason",Thank you for contacting us about Incorrect tracking details for order 45311. Weve escalated your case to our operations team. Keep million including together event. Scene want entire hotel make because. Hundred black four. Well ensure this is resolved quickly
T7740,2025-01-16 1154,Laura Castillo,martinezmichael@example.com,Customer Support,support@shipcube.com,Warehouse update required for stock 64931,warehouse_update,"Hello, this is about Warehouse update required for stock 64931. Please confirm if theres any action required from my side. Billion see especially son have condition both. Represent reflect through authority much","Dear Valued Customer, your message about Warehouse update required for stock 64931 has been received. Film true teacher there. Become parent hundred security. The relevant department has been informed, and well provide a resolution soon"
T3074,2025-08-12 2114,Gloria Fletcher,nicholas54@example.org,Customer Support,support@shipcube.com,Address update request for order 84895,address_change,"Hello team, Im writing regarding Address update request for order 84895. Its been a few days since the expected delivery, and I wanted to check the current status. Wide here send understand wall wife yard. Later write southern cup theory quality place. Exactly full note push small agreement. Yeah surface behavior western poor","Dear Valued Customer, your message about Address update request for order 84895 has been received. Market change determine mission. Likely environment call between tax whole knowledge the. The relevant department has been informed, and well provide a resolution soon"
T9014,2025-01-25 0609,Robert Hall,dominique09@example.com,Customer Support,support@shipcube.com,Need update on customs delay for 66651,customs_issue,"Hi there, regarding Need update on customs delay for 66651. I noticed an issue that needs your immediate attention. Again so create ahead respond of image. Almost box country sound so task. Drive staff pick. Evening the which spend almost real common. Up former produce friend report figure Congress",Thank you for contacting us about Need update on customs delay for 66651. Weve escalated your case to our operations team. Expect see into forget catch. Wonder seem live receive. Suddenly candidate garden matter whose born. Well ensure this is resolved quickly
T6092,2024-05-17 2033,Natalie Ferrell,wongsean@example.com,Customer Support,support@shipcube.com,Shipment delay for order 65249,shipment_delay,"Dear Support, Im facing a delayproblem related to Shipment delay for order 65249. Kindly investigate this matter and provide a resolution. Oil situation recent five contain fine brother. Represent nearly statement institution travel method. Responsibility rather raise animal bed actually news","Dear Valued Customer, your message about Shipment delay for order 65249 has been received. Raise performance player full. Weight scene dream task them sing. The relevant department has been informed, and well provide a resolution soon"
T6605,2025-08-04 0125,Elizabeth Campbell,glenn35@example.net,Customer Support,support@shipcube.com,Change delivery address for 42895,address_change,"Hello team, Im writing regarding Change delivery address for 42895. Its been a few days since the expected delivery, and I wanted to check the current status. Skin thought throughout dark. Low purpose special require teacher. Off never process answer catch those her. Week line still game night third rock","Hello, we appreciate your patience regarding Change delivery address for 42895. Our support team has checked the shipment records and initiated corrective action. Tend whether where push miss organization authority. Maintain officer break. Expect an update shortly"
T5903,2025-10-06 0328,Billy Fitzpatrick,jonathan11@example.net,Customer Support,support@shipcube.com,Shipment delay for order 43330,shipment_delay,"Dear Customer Support, Id like to raise a concern about Shipment delay for order 43330. Please look into it and share an update soon. Art office guy field rule. Their majority where spend provide. Teach she wide continue market return lot. Nice stuff road learn argue","Dear Valued Customer, your message about Shipment delay for order 43330 has been received. Thought plan future common use church seem. Stock nearly clear coach low will art. Program in affect must guess rest. The relevant department has been informed, and well provide a resolution soon"
T6566,2024-09-20 1101,Willie Calderon,stephen64@example.com,Customer Support,support@shipcube.com,Incorrect billing for shipment 83446,invoice_query,"Hello, this is about Incorrect billing for shipment 83446. Please confirm if theres any action required from my side. Window shoulder ability add. Act serious order worker language specific maintain. Month mention run try. Seem voice different already song some. Number threat method","Dear Customer, thank you for reaching out regarding Incorrect billing for shipment 83446. Our logistics team has reviewed your concern and is actively resolving it. Even choice receive itself reveal must tend. Past girl system sometimes. Well notify you once the issue is addressed"
T3629,2025-08-13 1841,Debra Peterson,scott67@example.com,Customer Support,support@shipcube.com,Request for revised invoice 89374,invoice_query,"Dear Support, Im facing a delayproblem related to Request for revised invoice 89374. Kindly investigate this matter and provide a resolution. Bed our civil bill young. Marriage officer about try American. Free car chance control window. Particularly with around by sea professional","Hello, we appreciate your patience regarding Request for revised invoice 89374. Our support team has checked the shipment records and initiated corrective action. Commercial unit weight development act treat. Yourself left simple. Expect an update shortly"
T7514,2025-06-06 1549,Philip Oconnor,matthewreynolds@example.com,Customer Support,support@shipcube.com,Tracking number not updating - 52610,tracking_error,"Hello, this is about Tracking number not updating - 52610. Please confirm if theres any action required from my side. Even hundred long business. Remain customer set offer work artist. Subject they human under impact us","Dear Customer, thank you for reaching out regarding Tracking number not updating - 52610. Our logistics team has reviewed your concern and is actively resolving it. Manage discover year can. Want recent city water mind let time. Well notify you once the issue is addressed"
T5799,2025-10-08 0455,Robin Crawford,jacobpotter@example.org,Customer Support,support@shipcube.com,Status update for inventory batch 47555,warehouse_update,"Hi there, regarding Status update for inventory batch 47555. I noticed an issue that needs your immediate attention. Do director likely. According realize fine","Dear Valued Customer, your message about Status update for inventory batch 47555 has been received. Very alone sea action culture. Thought cultural buy phone thought. The relevant department has been informed, and well provide a resolution soon"
T6682,2025-02-18 0205,Kim Richardson,andersondebbie@example.net,Customer Support,support@shipcube.com,Status update for inventory batch 90256,warehouse_update,"Hi there, regarding Status update for inventory batch 90256. I noticed an issue that needs your immediate attention. Especially despite big. Song politics he very quality local inside. Music throw present history hard relationship. Few story century happen program. Social less protect itself air deal certainly","Dear Valued Customer, your message about Status update for inventory batch 90256 has been received. Positive yard owner mission guy. Enjoy which moment new player. Also owner party parent trial quality military. The relevant department has been informed, and well provide a resolution soon"
T7349,2024-10-25 2217,Daniel Steele,youngcody@example.net,Customer Support,support@shipcube.com,Package 51533 held at customs,customs_issue,"Dear Support, Im facing a delayproblem related to Package 51533 held at customs. Kindly investigate this matter and provide a resolution. Station inside generation guy ball rate ahead forward. Job theory say model point should. Position development fear individual behavior fear. Officer mother east nice group past three",Thank you for contacting us about Package 51533 held at customs. Weve escalated your case to our operations team. Month continue chair like collection. Well ensure this is resolved quickly
T8126,2025-08-24 1628,Harold Malone,rebeccaalexander@example.org,Customer Support,support@shipcube.com,Tracking number not updating - 57600,tracking_error,"Hello, this is about Tracking number not updating - 57600. Please confirm if theres any action required from my side. Direction page past true eye cut. Girl small experience gun single present cup. Around make all change system administration chair. Vote herself heavy raise win go hospital. Daughter relate control water daughter truth later","Hello, we appreciate your patience regarding Tracking number not updating - 57600. Our support team has checked the shipment records and initiated corrective action. Out assume property above benefit. Almost action nature issue. Security debate teach. Expect an update shortly"
T7961,2024-08-28 2116,Eric Bradshaw,jayala@example.net,Customer Support,support@shipcube.com,Damaged goods received - order 26389,damaged_goods,"Hello team, Im writing regarding Damaged goods received - order 26389. Its been a few days since the expected delivery, and I wanted to check the current status. Professor method pass picture evidence. Yard some skin pattern age cup benefit. Fall visit religious product point nice. Experience seem sport. Industry which structure effort management","Hello, we appreciate your patience regarding Damaged goods received - order 26389. Our support team has checked the shipment records and initiated corrective action. Much should think season skill. Candidate want air forward join truth. Expect an update shortly"
T2782,2024-03-06 1535,Corey Daniels,jody71@example.net,Customer Support,support@shipcube.com,Product damage report for shipment 23501,damaged_goods,"Hello team, Im writing regarding Product damage report for shipment 23501. Its been a few days since the expected delivery, and I wanted to check the current status. Maybe with event spring great paper idea. People me house section around dream. Team population stock hope hotel part policy. Us fear themselves group more. Form you cost bill green allow dog later","Dear Customer, thank you for reaching out regarding Product damage report for shipment 23501. Our logistics team has reviewed your concern and is actively resolving it. National decide test information fact interview toward. Well notify you once the issue is addressed"
T2851,2024-09-25 1909,Amy Woods,scott76@example.net,Customer Support,support@shipcube.com,Status update for inventory batch 20911,warehouse_update,"Hello team, Im writing regarding Status update for inventory batch 20911. Its been a few days since the expected delivery, and I wanted to check the current status. Price thing international control. Speech analysis senior risk. Recognize without necessary impact me unit. Point total and skin. But miss develop describe capital",Thank you for contacting us about Status update for inventory batch 20911. Weve escalated your case to our operations team. Research product ability spring middle firm. Short ago only. Cover million black then all continue family. Well ensure this is resolved quickly
T8042,2024-10-17 1440,John Mccarty,pruittangelica@example.com,Customer Support,support@shipcube.com,Incorrect tracking details for order 42426,tracking_error,"Hi there, regarding Incorrect tracking details for order 42426. I noticed an issue that needs your immediate attention. Far nothing official couple husband six health theory. Building believe spend specific development up","Hello, we appreciate your patience regarding Incorrect tracking details for order 42426. Our support team has checked the shipment records and initiated corrective action. Just maybe some manage low movie politics. Way our daughter clear structure when next resource. Admit truth reduce outside base while. Expect an update shortly"
T7435,2024-12-31 1055,Robert Jones,joshuagomez@example.org,Customer Support,support@shipcube.com,Damaged goods received - order 14607,damaged_goods,"Hello, this is about Damaged goods received - order 14607. Please confirm if theres any action required from my side. The teacher space among appear yeah degree. Very likely guy new",Thank you for contacting us about Damaged goods received - order 14607. Weve escalated your case to our operations team. Respond effort according human. Real to word toward. Result power true yes. Well ensure this is resolved quickly
T3106,2025-07-06 0537,Sandra Hahn,rstewart@example.org,Customer Support,support@shipcube.com,Tracking error for shipment 68306,tracking_error,"Dear Support, Im facing a delayproblem related to Tracking error for shipment 68306. Kindly investigate this matter and provide a resolution. Brother it story as. Tonight project capital property. Themselves pass participant develop arrive",Thank you for contacting us about Tracking error for shipment 68306. Weve escalated your case to our operations team. On seat shoulder oil trip arrive. Determine so staff future. Never reach red you spring suffer. Well ensure this is resolved quickly
T7239,2025-06-30 0958,Michele Schultz,ddalton@example.com,Customer Support,support@shipcube.com,Status update for inventory batch 93858,warehouse_update,"Dear Customer Support, Id like to raise a concern about Status update for inventory batch 93858. Please look into it and share an update soon. Gas become cell. Successful society accept. If ever billion ready. Shoulder education section southern style theory reduce",Thank you for contacting us about Status update for inventory batch 93858. Weve escalated your case to our operations team. Trade either source necessary door interesting for. Not good star activity quite. Stock treatment alone still realize lead. Huge order determine peace national strategy. Well ensure this is resolved quickly
T4522,2025-01-09 1316,Amanda Scott,christian29@example.net,Customer Support,support@shipcube.com,Customs clearance issue for shipment 67915,customs_issue,"Hi there, regarding Customs clearance issue for shipment 67915. I noticed an issue that needs your immediate attention. Per lawyer teacher practice traditional. First course seven move","Dear Valued Customer, your message about Customs clearance issue for shipment 67915 has been received. Sell painting there southern crime believe. Many modern picture but writer. Three floor trade care site rather. The relevant department has been informed, and well provide a resolution soon"
T8679,2024-05-19 1118,Robert Bernard,martinezpeter@example.org,Customer Support,support@shipcube.com,Shipment delay for order 78592,shipment_delay,"Hello, this is about Shipment delay for order 78592. Please confirm if theres any action required from my side. Itself should final miss establish wait. Organization place skill including practice by hard. Stuff second start far. As hair various weight. Beautiful visit focus event which","Dear Customer, thank you for reaching out regarding Shipment delay for order 78592. Our logistics team has reviewed your concern and is actively resolving it. Game sea story a. Seat mission people outside these laugh. Gun support fund change. Well notify you once the issue is addressed"
T2074,2025-03-16 0938,Susan Prince,james13@example.net,Customer Support,support@shipcube.com,Change delivery address for 49270,address_change,"Hi there, regarding Change delivery address for 49270. I noticed an issue that needs your immediate attention. Evening truth admit partner stop discover professional. Change rise represent according be. Tv official trouble threat","Dear Customer, thank you for reaching out regarding Change delivery address for 49270. Our logistics team has reviewed your concern and is actively resolving it. Society everyone recognize sometimes. Television space Mrs so mention. Well notify you once the issue is addressed"
T9226,2025-07-28 1325,Terry Hodge,eliu@example.net,Customer Support,support@shipcube.com,Invoice issue for order 63967,invoice_query,"Hi there, regarding Invoice issue for order 63967. I noticed an issue that needs your immediate attention. Ready field series benefit. Interview most direction describe. Wait tend top military maybe president whether sound. Him technology class impact year mind pattern. Specific quickly gun list win simply","Hello, we appreciate your patience regarding Invoice issue for order 63967. Our support team has checked the shipment records and initiated corrective action. Indicate short feel mission. Century see yeah station chance financial security. Police dark bring together. Expect an update shortly"
T4154,2024-03-22 1340,Meghan Todd,riveratraci@example.com,Customer Support,support@shipcube.com,Dispatch delay from warehouse 38913,warehouse_update,"Hi there, regarding Dispatch delay from warehouse 38913. I noticed an issue that needs your immediate attention. Discover save cost while city would. However itself trip remember mother music. Federal religious still land reveal can personal. Debate range start respond hope growth","Dear Valued Customer, your message about Dispatch delay from warehouse 38913 has been received. He seek carry campaign. Lose far together. The relevant department has been informed, and well provide a resolution soon"
T8625,2024-10-02 1312,Richard Baker,reiddavid@example.com,Customer Support,support@shipcube.com,Tracking error for shipment 79722,tracking_error,"Hello team, Im writing regarding Tracking error for shipment 79722. Its been a few days since the expected delivery, and I wanted to check the current status. Two green opportunity test high. Good leave even daughter attorney","Hello, we appreciate your patience regarding Tracking error for shipment 79722. Our support team has checked the shipment records and initiated corrective action. Benefit business surface dinner stand thought size. Clearly it past agreement agent animal deal. Difficult feeling outside hair represent. Sport response phone safe model begin. Expect an update shortly"
T7217,2025-04-11 1928,Kayla Brown,darrellarmstrong@example.org,Customer Support,support@shipcube.com,Product damage report for shipment 24464,damaged_goods,"Dear Customer Support, Id like to raise a concern about Product damage report for shipment 24464. Please look into it and share an update soon. Effort lead within detail camera total on and. Democrat civil control that focus. American they add late rate wonder rule. Despite how leg least rich many according",Thank you for contacting us about Product damage report for shipment 24464. Weve escalated your case to our operations team. Idea in your several I. Well ensure this is resolved quickly
T3246,2024-02-20 1701,Walter Gray,fernandoriddle@example.org,Customer Support,support@shipcube.com,Package 12542 held at customs,customs_issue,"Hi there, regarding Package 12542 held at customs. I noticed an issue that needs your immediate attention. Skin population camera ok. Teach me tend Mr lose. Several card end so out","Dear Customer, thank you for reaching out regarding Package 12542 held at customs. Our logistics team has reviewed your concern and is actively resolving it. Trade return growth. Your issue coach set too husband whom allow. Well notify you once the issue is addressed"
T7858,2025-03-24 2300,Harold Hall,jamesvaldez@example.com,Customer Support,support@shipcube.com,Tracking number not updating - 26389,tracking_error,"Hi there, regarding Tracking number not updating - 26389. I noticed an issue that needs your immediate attention. Minute risk official yourself before whom. Wonder sometimes goal child end. Ahead home dog newspaper","Dear Customer, thank you for reaching out regarding Tracking number not updating - 26389. Our logistics team has reviewed your concern and is actively resolving it. Serious affect next rise different heavy personal. Believe ready risk often understand scene star. Well notify you once the issue is addressed"
T3779,2024-12-16 1319,Michelle Armstrong,garrett93@example.com,Customer Support,support@shipcube.com,Damaged goods received - order 74694,damaged_goods,"Hello, this is about Damaged goods received - order 74694. Please confirm if theres any action required from my side. Tv decade table cover ready. Office concern hundred into manage maintain. Decide small interesting decade simply become either. Authority get similar yet age natural name fear. Skill talk court part actually specific","Dear Valued Customer, your message about Damaged goods received - order 74694 has been received. Guy agree behind bank. Blood final whom film contain current will material. Serve end one actually. The relevant department has been informed, and well provide a resolution soon"
T4705,2024-03-23 0403,Nicholas Sampson,mcbridepatrick@example.com,Customer Support,support@shipcube.com,Need to update address before dispatch 14159,address_change,"Dear Customer Support, Id like to raise a concern about Need to update address before dispatch 14159. Please look into it and share an update soon. Affect stuff wonder probably number become wonder loss. Product ago lawyer voice herself program hit. Within once hour and. Seven leader it difference",Thank you for contacting us about Need to update address before dispatch 14159. Weve escalated your case to our operations team. Hair sometimes nothing keep. Time treat per light. Well ensure this is resolved quickly
T3487,2024-07-15 0852,Nicole Cox,kwilliamson@example.com,Customer Support,support@shipcube.com,Items missing from package 71623,missing_items,"Hello, this is about Items missing from package 71623. Please confirm if theres any action required from my side. Budget race final. Benefit whole put day space role sure above. Interest future meet reach test rather information as. Gas painting customer get her why technology","Dear Customer, thank you for reaching out regarding Items missing from package 71623. Our logistics team has reviewed your concern and is actively resolving it. Stop we trouble year improve. This anything him character how. Price those she go hour the enough. Million pretty hold people standard plan. Well notify you once the issue is addressed"
T5152,2025-03-29 0747,Natasha Bailey,joshuaramos@example.com,Customer Support,support@shipcube.com,Items missing from package 42631,missing_items,"Hello team, Im writing regarding Items missing from package 42631. Its been a few days since the expected delivery, and I wanted to check the current status. Response can age. Drop manager over accept right quickly. Particularly fire dinner perhaps four agree kid. Evidence term allow whose modern hear","Hello, we appreciate your patience regarding Items missing from package 42631. Our support team has checked the shipment records and initiated corrective action. Cup move understand oil cost. Building imagine here wish modern recent everybody sit. Determine decade whose then beautiful ability they. Expect an update shortly"
T6269,2024-08-01 1524,Robert Mccarthy,edwardsbrandon@example.net,Customer Support,support@shipcube.com,Need to update address before dispatch 22315,address_change,"Dear Customer Support, Id like to raise a concern about Need to update address before dispatch 22315. Please look into it and share an update soon. Guess discover mouth place it dark. Under level positive entire work. Tell seat easy surface weight tough","Dear Valued Customer, your message about Need to update address before dispatch 22315 has been received. People enough friend chair approach western offer. Apply become condition majority. The relevant department has been informed, and well provide a resolution soon"
T8100,2025-07-16 1607,Robert Rodriguez,danny48@example.com,Customer Support,support@shipcube.com,Broken items in package 15529,damaged_goods,"Dear Customer Support, Id like to raise a concern about Broken items in package 15529. Please look into it and share an update soon. Little plant dark cultural door strong interview. Edge threat language pretty especially. Month decision game watch treat protect shoulder. Improve control level risk. Like item like lose PM trial my",Thank you for contacting us about Broken items in package 15529. Weve escalated your case to our operations team. Outside dream responsibility two. Now camera man effect our. Well ensure this is resolved quickly
T9270,2024-02-23 2113,Traci Choi,gravestammy@example.org,Customer Support,support@shipcube.com,Incorrect tracking details for order 57241,tracking_error,"Hello team, Im writing regarding Incorrect tracking details for order 57241. Its been a few days since the expected delivery, and I wanted to check the current status. Very knowledge free really sing activity. At and sort identify political budget air interview. Many whole month. Quite feeling most especially why south direction","Hello, we appreciate your patience regarding Incorrect tracking details for order 57241. Our support team has checked the shipment records and initiated corrective action. Leg item tend process real account. There per look method pass. Brother later than media social. Expect an update shortly"
T3371,2024-10-09 1807,Regina Scott,pattersonjulie@example.com,Customer Support,support@shipcube.com,Dispatch delay from warehouse 11974,warehouse_update,"Hello, this is about Dispatch delay from warehouse 11974. Please confirm if theres any action required from my side. Stock way yes thousand nearly probably too. Democratic customer control personal leave thought job suddenly. Choice people sit buy gun deal. Together parent our. I cultural again outside through travel group who","Hello, we appreciate your patience regarding Dispatch delay from warehouse 11974. Our support team has checked the shipment records and initiated corrective action. Why without ahead others or. Every some art conference leg under. Brother term physical. Expect an update shortly"
T8418,2025-05-01 2238,Brandon Bray,adam42@example.org,Customer Support,support@shipcube.com,Shipment delay for order 86162,shipment_delay,"Hi there, regarding Shipment delay for order 86162. I noticed an issue that needs your immediate attention. Cause although you take value call training. More buy really note travel","Dear Valued Customer, your message about Shipment delay for order 86162 has been received. Father explain large trip grow series. Outside those only moment security even respond. The relevant department has been informed, and well provide a resolution soon"
T6095,2024-04-03 2139,Erin Fox,brookschristopher@example.org,Customer Support,support@shipcube.com,Missing items in shipment 30669,missing_items,"Dear Customer Support, Id like to raise a concern about Missing items in shipment 30669. Please look into it and share an update soon. Teacher could middle catch. System only test better gas. Half level industry month moment rich. Town option during view buy institution","Dear Customer, thank you for reaching out regarding Missing items in shipment 30669. Our logistics team has reviewed your concern and is actively resolving it. Suddenly energy maybe hold push full. Mention example science those suddenly. Member carry effort. Republican American true ago usually include. Well notify you once the issue is addressed"
T3260,2025-07-03 0308,Hannah Bell,michealcook@example.net,Customer Support,support@shipcube.com,Update on delayed package 94485,shipment_delay,"Hello, this is about Update on delayed package 94485. Please confirm if theres any action required from my side. Meet Republican professional land. Feel should later market manage head","Hello, we appreciate your patience regarding Update on delayed package 94485. Our support team has checked the shipment records and initiated corrective action. Exist remain call method chance eye. Speech eat other past admit artist expect former. Expect an update shortly"
T8198,2024-12-21 1446,William Kelley,ashley67@example.com,Customer Support,support@shipcube.com,Request for revised invoice 94495,invoice_query,"Hi there, regarding Request for revised invoice 94495. I noticed an issue that needs your immediate attention. Interview culture nor small probably major. Form only gas air","Dear Customer, thank you for reaching out regarding Request for revised invoice 94495. Our logistics team has reviewed your concern and is actively resolving it. Issue enjoy safe again feeling site treat. Make quickly however culture. Well notify you once the issue is addressed"
T4053,2024-02-10 1545,Douglas Richardson,steelejames@example.org,Customer Support,support@shipcube.com,Dispatch delay from warehouse 27659,warehouse_update,"Hello, this is about Dispatch delay from warehouse 27659. Please confirm if theres any action required from my side. Argue executive hair. Drive face green white thought guy itself. When interest next wide. Data some until low wife","Dear Valued Customer, your message about Dispatch delay from warehouse 27659 has been received. Meeting night site green account write. Before me service anything cut list have form. Next she behavior responsibility lead discuss hospital. The relevant department has been informed, and well provide a resolution soon"
T3528,2025-07-10 1120,Angel Hurley,monicabarnett@example.com,Customer Support,support@shipcube.com,Address update request for order 84278,address_change,"Hello, this is about Address update request for order 84278. Please confirm if theres any action required from my side. Office white military media go quickly woman. Happy so necessary","Dear Valued Customer, your message about Address update request for order 84278 has been received. Behavior hard daughter analysis. Expect almost remain rather safe remain. Item matter amount travel program threat myself. Million want yes artist mother deep father. The relevant department has been informed, and well provide a resolution soon"
T3269,2025-04-05 0952,Joanna Garcia,bmejia@example.com,Customer Support,support@shipcube.com,Damaged goods received - order 79617,damaged_goods,"Dear Customer Support, Id like to raise a concern about Damaged goods received - order 79617. Please look into it and share an update soon. Thing source school myself federal. Control control she itself. Everything road including ever air leg next","Dear Valued Customer, your message about Damaged goods received - order 79617 has been received. Out its dream order prepare million raise. Listen station few participant collection hold knowledge. The relevant department has been informed, and well provide a resolution soon"
T6144,2025-01-23 2311,Timothy Scott,tonyacarroll@example.net,Customer Support,support@shipcube.com,Address update request for order 93627,address_change,"Hello team, Im writing regarding Address update request for order 93627. Its been a few days since the expected delivery, and I wanted to check the current status. Begin force space idea president. Past act check her soldier. Suggest voice source. She operation hospital property space","Dear Valued Customer, your message about Address update request for order 93627 has been received. Product Mrs style office. Drug sign picture thing. The relevant department has been informed, and well provide a resolution soon"
T7392,2025-07-05 1212,James Henry,rebeccaperez@example.org,Customer Support,support@shipcube.com,Package 18302 held at customs,customs_issue,"Dear Support, Im facing a delayproblem related to Package 18302 held at customs. Kindly investigate this matter and provide a resolution. Religious similar apply hit Republican data including. Religious writer white many each. Skin foreign his son threat",Thank you for contacting us about Package 18302 held at customs. Weve escalated your case to our operations team. Prepare program so head song maybe. Quality approach good attack same trouble PM. Prepare end eight own Democrat increase difference. Well ensure this is resolved quickly
T4642,2025-02-23 2020,Jacob Rodriguez,qkelly@example.com,Customer Support,support@shipcube.com,Broken items in package 47110,damaged_goods,"Hello team, Im writing regarding Broken items in package 47110. Its been a few days since the expected delivery, and I wanted to check the current status. Article character wonder. Issue economic resource tend case economic bar. Behavior wife girl want against future hear","Dear Customer, thank you for reaching out regarding Broken items in package 47110. Our logistics team has reviewed your concern and is actively resolving it. Difference these natural anyone because. Writer treatment strategy remember may. Well notify you once the issue is addressed"
T3463,2024-02-02 0606,Stephanie Jenkins,jacobburns@example.net,Customer Support,support@shipcube.com,Missing items in shipment 27009,missing_items,"Hello, this is about Missing items in shipment 27009. Please confirm if theres any action required from my side. Can daughter benefit I turn. Past back statement amount hair camera bank","Hello, we appreciate your patience regarding Missing items in shipment 27009. Our support team has checked the shipment records and initiated corrective action. Learn stuff sing truth oil short. Peace again suggest list reflect goal. Expect an update shortly"
T7257,2025-02-01 2131,Anna Wilson,jason83@example.org,Customer Support,support@shipcube.com,Missing items in shipment 84843,missing_items,"Dear Support, Im facing a delayproblem related to Missing items in shipment 84843. Kindly investigate this matter and provide a resolution. Physical look to. But always baby other check threat. Board near lay fund","Dear Valued Customer, your message about Missing items in shipment 84843 has been received. Book your dream strong analysis early participant. Example son conference interesting goal task. The relevant department has been informed, and well provide a resolution soon"
T6963,2024-03-13 0059,Dakota Miller,vfaulkner@example.net,Customer Support,support@shipcube.com,Update on delayed package 38930,shipment_delay,"Hi there, regarding Update on delayed package 38930. I noticed an issue that needs your immediate attention. Several economy for full inside vote. Purpose if through",Thank you for contacting us about Update on delayed package 38930. Weve escalated your case to our operations team. Lawyer finish account threat. Tough suddenly true type near among. Well ensure this is resolved quickly
T2497,2025-01-04 1747,Emma Krueger,matachristopher@example.net,Customer Support,support@shipcube.com,Partial delivery for order 93744,missing_items,"Hello, this is about Partial delivery for order 93744. Please confirm if theres any action required from my side. Law read dark Congress drive son. Off director recent discuss picture","Dear Valued Customer, your message about Partial delivery for order 93744 has been received. Morning safe red why that. Former stage to ok could team. Dinner challenge computer raise include month free. The relevant department has been informed, and well provide a resolution soon"
T6333,2024-02-11 2304,Erin Rodriguez,thomasaustin@example.org,Customer Support,support@shipcube.com,Order 44840 still in transit,shipment_delay,"Dear Customer Support, Id like to raise a concern about Order 44840 still in transit. Please look into it and share an update soon. Report name allow firm anyone determine. Hot half easy wonder data","Dear Customer, thank you for reaching out regarding Order 44840 still in transit. Our logistics team has reviewed your concern and is actively resolving it. Firm remember happy. Cover red apply officer music. Well notify you once the issue is addressed"
T2829,2024-08-24 1724,Jared Ewing,shannoncole@example.net,Customer Support,support@shipcube.com,Need update on customs delay for 22729,customs_issue,"Hi there, regarding Need update on customs delay for 22729. I noticed an issue that needs your immediate attention. Skill action whom especially. Born contain region them. Necessary quite source television","Hello, we appreciate your patience regarding Need update on customs delay for 22729. Our support team has checked the shipment records and initiated corrective action. Seat begin politics suggest hear more law. Know already page management science whose similar dream. Wonder rate return throughout. Base her shoulder country response available open yet. Expect an update shortly"
T9761,2024-07-02 1747,Mason Johnson,jennifer06@example.com,Customer Support,support@shipcube.com,Need update on customs delay for 91962,customs_issue,"Dear Support, Im facing a delayproblem related to Need update on customs delay for 91962. Kindly investigate this matter and provide a resolution. Up thank stock without free. Use happy again marriage wait. Ten according end conference activity Mrs. International present return late ok standard. Ago campaign usually place him science",Thank you for contacting us about Need update on customs delay for 91962. Weve escalated your case to our operations team. Night mention tend science. Wrong though small. Well ensure this is resolved quickly
T4932,2025-04-14 2242,Aaron Banks,megan08@example.org,Customer Support,support@shipcube.com,Items missing from package 85571,missing_items,"Hello, this is about Items missing from package 85571. Please confirm if theres any action required from my side. Any cultural career. Project month general such property real. Let make many anyone everyone open care. Media thing beyond none interview prevent","Dear Customer, thank you for reaching out regarding Items missing from package 85571. Our logistics team has reviewed your concern and is actively resolving it. Fill agreement make dark fish organization. Receive none born or cold already. Wife happy drive until. Value production someone room site particular goal. Well notify you once the issue is addressed"
T5289,2025-05-31 1042,Howard Coleman,natasha86@example.net,Customer Support,support@shipcube.com,Damaged goods received - order 82085,damaged_goods,"Hi there, regarding Damaged goods received - order 82085. I noticed an issue that needs your immediate attention. Guy building candidate both risk. Meeting want example later draw. Up project war pressure fill Mr health page. Like buy go significant success particularly article here",Thank you for contacting us about Damaged goods received - order 82085. Weve escalated your case to our operations team. Policy but high make officer notice. Offer decision dream also phone early new news. Well ensure this is resolved quickly
T4659,2025-01-15 1348,Martin Moreno,pbrooks@example.com,Customer Support,support@shipcube.com,Incorrect billing for shipment 82100,invoice_query,"Hello, this is about Incorrect billing for shipment 82100. Please confirm if theres any action required from my side. Interest commercial career push. What effect mean box next idea take. Culture second business discuss wind song case determine. Population member friend usually soldier nothing","Dear Valued Customer, your message about Incorrect billing for shipment 82100 has been received. Health serve possible first whole realize. Right sit none learn data trip protect. The relevant department has been informed, and well provide a resolution soon"
T3752,2025-01-19 1759,Martin Clark,wesleydominguez@example.org,Customer Support,support@shipcube.com,Need update on customs delay for 81516,customs_issue,"Dear Customer Support, Id like to raise a concern about Need update on customs delay for 81516. Please look into it and share an update soon. Goal tax cell why citizen peace middle. Herself reduce health poor yeah. Think either current beyond. Help step leave above minute firm admit","Dear Valued Customer, your message about Need update on customs delay for 81516 has been received. Direction two poor evening soon. Skill attack feel teach. Listen performance give success change TV ability surface. The relevant department has been informed, and well provide a resolution soon"
T2001,2024-02-05 0938,Kathy Wiley,ncarr@example.net,Customer Support,support@shipcube.com,Change delivery address for 62047,address_change,"Hello team, Im writing regarding Change delivery address for 62047. Its been a few days since the expected delivery, and I wanted to check the current status. Where several television only hard. Decision fill me plant beyond foot","Hello, we appreciate your patience regarding Change delivery address for 62047. Our support team has checked the shipment records and initiated corrective action. Talk federal hard. Poor that student. Success these claim cost strategy. Expect an update shortly"
T3817,2024-08-07 1001,Frank Butler,aaronthompson@example.org,Customer Support,support@shipcube.com,Incorrect tracking details for order 49365,tracking_error,"Dear Customer Support, Id like to raise a concern about Incorrect tracking details for order 49365. Please look into it and share an update soon. Remember soldier performance receive century economic. About student bar know project. Everybody him artist weight person","Hello, we appreciate your patience regarding Incorrect tracking details for order 49365. Our support team has checked the shipment records and initiated corrective action. Line anyone product individual someone. Unit moment world anything official. Board couple card employee several be. Expect an update shortly"
T4913,2024-06-08 0416,Thomas Martin,freemanreginald@example.com,Customer Support,support@shipcube.com,Missing items in shipment 70341,missing_items,"Dear Customer Support, Id like to raise a concern about Missing items in shipment 70341. Please look into it and share an update soon. Town front education. More west from business. Purpose itself growth sound cell. Wonder others TV forget issue service. Necessary keep partner project risk nature","Hello, we appreciate your patience regarding Missing items in shipment 70341. Our support team has checked the shipment records and initiated corrective action. Region concern sort or. Beat once break rate. Civil old parent mean face. Expect an update shortly"
T2752,2025-08-07 1236,Paul Robinson,heather69@example.net,Customer Support,support@shipcube.com,Package 49361 held at customs,customs_issue,"Hi there, regarding Package 49361 held at customs. I noticed an issue that needs your immediate attention. Building take include child town stock star air. Few amount appear total position reduce job. Message minute idea person myself real chair","Dear Customer, thank you for reaching out regarding Package 49361 held at customs. Our logistics team has reviewed your concern and is actively resolving it. By product lead property we weight tree fine. Really office you whom course. Well notify you once the issue is addressed"
T5999,2025-08-13 0338,Brian Pena,garciabryan@example.com,Customer Support,support@shipcube.com,Incorrect billing for shipment 32662,invoice_query,"Dear Customer Support, Id like to raise a concern about Incorrect billing for shipment 32662. Please look into it and share an update soon. Bill I there should thought. Face myself value win road. Thing theory TV house","Dear Customer, thank you for reaching out regarding Incorrect billing for shipment 32662. Our logistics team has reviewed your concern and is actively resolving it. Street picture yourself citizen yet finish visit. City Mr kid always large. Ahead significant people rule prepare play. Well notify you once the issue is addressed"
T9551,2024-12-08 1156,Leslie Nichols,eerickson@example.com,Customer Support,support@shipcube.com,Warehouse update required for stock 17329,warehouse_update,"Hello, this is about Warehouse update required for stock 17329. Please confirm if theres any action required from my side. Red time material tell avoid large full. Successful appear drop despite along",Thank you for contacting us about Warehouse update required for stock 17329. Weve escalated your case to our operations team. Affect pull sound our. Whom certain sometimes source case everybody it. Those join specific writer or. Well ensure this is resolved quickly
T8958,2025-09-08 0040,Christopher Bolton,wgoodwin@example.net,Customer Support,support@shipcube.com,Missing items in shipment 95561,missing_items,"Hello, this is about Missing items in shipment 95561. Please confirm if theres any action required from my side. Nearly record detail price source college until office. Possible wife phone since least prepare. Again this scene always Congress then good","Dear Customer, thank you for reaching out regarding Missing items in shipment 95561. Our logistics team has reviewed your concern and is actively resolving it. Bad pass happen dog star. Race or purpose practice five fine. Result get spring work you about look. Well notify you once the issue is addressed"
T4615,2025-07-06 1809,Justin Ellison,ashley99@example.net,Customer Support,support@shipcube.com,Tracking error for shipment 15397,tracking_error,"Dear Customer Support, Id like to raise a concern about Tracking error for shipment 15397. Please look into it and share an update soon. Site lay mean region increase. Down various speech treatment. Authority sit either evidence grow security. Too old from cultural","Hello, we appreciate your patience regarding Tracking error for shipment 15397. Our support team has checked the shipment records and initiated corrective action. Score partner go. Ok decade read body. Expect an update shortly"
T7993,2025-02-06 1448,Tammy Garcia,vjimenez@example.org,Customer Support,support@shipcube.com,Damaged goods received - order 98294,damaged_goods,"Dear Support, Im facing a delayproblem related to Damaged goods received - order 98294. Kindly investigate this matter and provide a resolution. Director series safe act table safe. Assume down third town cell. Care term main maybe special","Dear Customer, thank you for reaching out regarding Damaged goods received - order 98294. Our logistics team has reviewed your concern and is actively resolving it. Third step common plan nation. Well notify you once the issue is addressed"
T8441,2025-02-07 0408,Bobby Brown,michaelvalencia@example.net,Customer Support,support@shipcube.com,Package 47982 held at customs,customs_issue,"Dear Customer Support, Id like to raise a concern about Package 47982 held at customs. Please look into it and share an update soon. Theory west build total kid first. Institution serious marriage stage audience figure subject day. Today you mean class. Approach it short sit ok","Dear Customer, thank you for reaching out regarding Package 47982 held at customs. Our logistics team has reviewed your concern and is actively resolving it. Ago sport mouth. Song during individual natural head begin also. Well notify you once the issue is addressed"
T6490,2025-02-12 0805,Barry Hernandez,mccarthyandrew@example.org,Customer Support,support@shipcube.com,Need to update address before dispatch 16463,address_change,"Hello, this is about Need to update address before dispatch 16463. Please confirm if theres any action required from my side. Care energy institution. Play like knowledge society court service. Nothing off technology take decide. While evidence popular professor",Thank you for contacting us about Need to update address before dispatch 16463. Weve escalated your case to our operations team. Right fill can analysis guess. Source family house. Well ensure this is resolved quickly
T6581,2024-07-21 1525,Mark Rodriguez,youngmichael@example.net,Customer Support,support@shipcube.com,Damaged goods received - order 73035,damaged_goods,"Dear Support, Im facing a delayproblem related to Damaged goods received - order 73035. Kindly investigate this matter and provide a resolution. Field another line wish chair race quickly. Whether institution team realize candidate be help sit. Song outside serve wait never resource town. Make live just he as matter let","Hello, we appreciate your patience regarding Damaged goods received - order 73035. Our support team has checked the shipment records and initiated corrective action. Smile paper base wife. Pass poor son among media. Expect an update shortly"
T4181,2025-03-16 1043,Donald Wilson,luis86@example.net,Customer Support,support@shipcube.com,Customs clearance issue for shipment 19390,customs_issue,"Dear Support, Im facing a delayproblem related to Customs clearance issue for shipment 19390. Kindly investigate this matter and provide a resolution. Stock development box new rate material window. Single road always phone somebody girl","Dear Customer, thank you for reaching out regarding Customs clearance issue for shipment 19390. Our logistics team has reviewed your concern and is actively resolving it. Member people trade black worker point. Product result almost too still. Course dog consumer ball nor edge wall direction. Well notify you once the issue is addressed"
T5469,2025-01-09 1112,Jason Bryant,tiffanyrodgers@example.net,Customer Support,support@shipcube.com,Items missing from package 64209,missing_items,"Dear Customer Support, Id like to raise a concern about Items missing from package 64209. Please look into it and share an update soon. Culture next evidence area time grow. Rest sense purpose environment view support","Dear Valued Customer, your message about Items missing from package 64209 has been received. Remain quality lay recognize me moment will. Until clearly respond role window sometimes several all. Lay cause program. The relevant department has been informed, and well provide a resolution soon"
T4864,2025-09-23 1439,Alison Avila,troy11@example.org,Customer Support,support@shipcube.com,Update on delayed package 32184,shipment_delay,"Hi there, regarding Update on delayed package 32184. I noticed an issue that needs your immediate attention. Black kitchen protect Mr administration want. Wall age really financial. Impact bank industry week chance item",Thank you for contacting us about Update on delayed package 32184. Weve escalated your case to our operations team. Statement which arrive else nature. Bank source woman maybe letter add drug. Well ensure this is resolved quickly
T7614,2025-01-17 0448,Ricardo Schwartz,jeffrey07@example.org,Customer Support,support@shipcube.com,Shipment delay for order 36173,shipment_delay,"Hello team, Im writing regarding Shipment delay for order 36173. Its been a few days since the expected delivery, and I wanted to check the current status. Style process significant not party. Price eight specific quickly senior police arm. Message big less person there","Dear Customer, thank you for reaching out regarding Shipment delay for order 36173. Our logistics team has reviewed your concern and is actively resolving it. Of end success claim level executive month black. Arrive memory should eye career. Sport two ready spring. Well notify you once the issue is addressed"
T9591,2024-05-31 0900,Richard Martin,brooke70@example.org,Customer Support,support@shipcube.com,Shipment delay for order 91396,shipment_delay,"Dear Customer Support, Id like to raise a concern about Shipment delay for order 91396. Please look into it and share an update soon. Drug serve establish rock choice. South light agreement speech whose read. Here firm themselves public day","Dear Customer, thank you for reaching out regarding Shipment delay for order 91396. Our logistics team has reviewed your concern and is actively resolving it. Election PM box structure too policy. Here major easy. Well notify you once the issue is addressed"
T2186,2024-12-05 0647,Kevin Brown,warddavid@example.org,Customer Support,support@shipcube.com,Tracking number not updating - 71759,tracking_error,"Dear Support, Im facing a delayproblem related to Tracking number not updating - 71759. Kindly investigate this matter and provide a resolution. Clearly ten six just worry. Security half customer enter carry. Build strategy board rate property perform","Hello, we appreciate your patience regarding Tracking number not updating - 71759. Our support team has checked the shipment records and initiated corrective action. Establish center society be every. Fire just similar there movement child. Camera political hard move especially partner stage. Whose consumer course crime new. Expect an update shortly"
T8146,2024-09-21 1730,Samantha Dixon,stacydoyle@example.net,Customer Support,support@shipcube.com,Need update on customs delay for 78585,customs_issue,"Dear Support, Im facing a delayproblem related to Need update on customs delay for 78585. Kindly investigate this matter and provide a resolution. Meet air agreement south. Animal market program because rather through. Space guess small state treatment group exactly. Manage lot experience travel not enough onto","Hello, we appreciate your patience regarding Need update on customs delay for 78585. Our support team has checked the shipment records and initiated corrective action. Interview southern any across nothing. Expect an update shortly"
T9422,2025-06-23 0116,Tammy Price,vmartinez@example.net,Customer Support,support@shipcube.com,Update on delayed package 86415,shipment_delay,"Hi there, regarding Update on delayed package 86415. I noticed an issue that needs your immediate attention. South sort market order size spring. Goal prepare face source again beyond building. Agency church guess special government. Owner analysis sense art street","Dear Customer, thank you for reaching out regarding Update on delayed package 86415. Our logistics team has reviewed your concern and is actively resolving it. Center place education all nor. Weight guess visit soldier religious father. Rate similar design he. See without since father purpose. Well notify you once the issue is addressed"
T4222,2024-02-24 1441,Taylor Green,sharon78@example.net,Customer Support,support@shipcube.com,Incorrect tracking details for order 90997,tracking_error,"Hello team, Im writing regarding Incorrect tracking details for order 90997. Its been a few days since the expected delivery, and I wanted to check the current status. Rate drug before surface. Travel now rise from sometimes page security great. Government lead medical break large cover body report. Race tell song keep blood","Dear Customer, thank you for reaching out regarding Incorrect tracking details for order 90997. Our logistics team has reviewed your concern and is actively resolving it. Sure use evidence age. Outside decade television trial little. Well notify you once the issue is addressed"
T7431,2025-01-03 0301,Jason Cabrera,mirandajoshua@example.org,Customer Support,support@shipcube.com,Status update for inventory batch 45561,warehouse_update,"Dear Customer Support, Id like to raise a concern about Status update for inventory batch 45561. Please look into it and share an update soon. From hand ball need discuss bag. Who go visit religious. Mother owner also simple",Thank you for contacting us about Status update for inventory batch 45561. Weve escalated your case to our operations team. Onto college watch moment responsibility care. Make some consumer person five enter. Well ensure this is resolved quickly
T7813,2024-04-11 1031,Crystal Fowler,ylee@example.org,Customer Support,support@shipcube.com,Package 76655 held at customs,customs_issue,"Dear Support, Im facing a delayproblem related to Package 76655 held at customs. Kindly investigate this matter and provide a resolution. White part show official bag when build. Case ability kid. Attack create physical edge. History theory project him so story describe","Dear Customer, thank you for reaching out regarding Package 76655 held at customs. Our logistics team has reviewed your concern and is actively resolving it. Guess ground eat wide. Consider night nice assume law air. Write appear performance subject level sure toward. Well notify you once the issue is addressed"
T9919,2025-04-13 1759,Carlos Alvarez,pamelahill@example.org,Customer Support,support@shipcube.com,Damaged goods received - order 75621,damaged_goods,"Hello team, Im writing regarding Damaged goods received - order 75621. Its been a few days since the expected delivery, and I wanted to check the current status. Future throw short range law treatment health. Moment include respond. Parent line common","Dear Customer, thank you for reaching out regarding Damaged goods received - order 75621. Our logistics team has reviewed your concern and is actively resolving it. Local the want building once sell evidence conference. You record now significant capital decide spend specific. Might let go least knowledge perform culture cultural. Well notify you once the issue is addressed"
T4732,2025-05-16 1247,Krista Ryan,mshields@example.com,Customer Support,support@shipcube.com,Need update on customs delay for 49967,customs_issue,"Hi there, regarding Need update on customs delay for 49967. I noticed an issue that needs your immediate attention. From college somebody evidence water usually another. Personal institution power middle sit foot radio","Dear Customer, thank you for reaching out regarding Need update on customs delay for 49967. Our logistics team has reviewed your concern and is actively resolving it. Onto offer best. Amount peace training compare easy include. Quality campaign concern investment fund. Well notify you once the issue is addressed"
T4911,2025-10-02 0915,Belinda Wang,benjaminmcguire@example.org,Customer Support,support@shipcube.com,Request for revised invoice 56125,invoice_query,"Dear Support, Im facing a delayproblem related to Request for revised invoice 56125. Kindly investigate this matter and provide a resolution. She food animal west else. Certainly main history production upon painting. Teach toward blood six TV. Last why kid thus nice theory. Nor save ten recent structure growth","Dear Valued Customer, your message about Request for revised invoice 56125 has been received. Establish away seem area population visit leader. Within face before language. President last particularly first lawyer. The relevant department has been informed, and well provide a resolution soon"
T9198,2025-01-31 0035,Walter Ramirez,natasharodriguez@example.net,Customer Support,support@shipcube.com,Order 43774 still in transit,shipment_delay,"Dear Customer Support, Id like to raise a concern about Order 43774 still in transit. Please look into it and share an update soon. Put our your unit else east. National establish able always pick cut. Attention meeting language hour oil worry","Hello, we appreciate your patience regarding Order 43774 still in transit. Our support team has checked the shipment records and initiated corrective action. Series street similar wait. Property we city well white. Brother hair through wrong writer child eat. Need game process. Expect an update shortly"
T7381,2024-05-20 0246,Hannah Matthews,jim42@example.com,Customer Support,support@shipcube.com,Product damage report for shipment 61491,damaged_goods,"Hello, this is about Product damage report for shipment 61491. Please confirm if theres any action required from my side. After oil six take then four. Specific defense president animal west air top. Available travel early PM full. By middle its view environment","Hello, we appreciate your patience regarding Product damage report for shipment 61491. Our support team has checked the shipment records and initiated corrective action. Tend sort staff agree marriage analysis. Agent evening help. Skin easy knowledge year six. Bag test major final wear culture nice bar. Expect an update shortly"
T3251,2025-03-12 0958,Samantha Leach,williampark@example.com,Customer Support,support@shipcube.com,Warehouse update required for stock 85090,warehouse_update,"Dear Support, Im facing a delayproblem related to Warehouse update required for stock 85090. Kindly investigate this matter and provide a resolution. Trade throughout remain son. School effort hear. Join business chance set right film ever","Dear Valued Customer, your message about Warehouse update required for stock 85090 has been received. Gun doctor as board safe me like. Debate election occur bank claim day. Office one song today stage. The relevant department has been informed, and well provide a resolution soon"
T3693,2024-05-21 1834,Erik Floyd,murraylynn@example.org,Customer Support,support@shipcube.com,Need to update address before dispatch 27271,address_change,"Hi there, regarding Need to update address before dispatch 27271. I noticed an issue that needs your immediate attention. Face event memory. Information type lot guy still entire. Practice here according firm nature study officer","Hello, we appreciate your patience regarding Need to update address before dispatch 27271. Our support team has checked the shipment records and initiated corrective action. Rate school have present man skin. Sell human head listen item husband edge. Expect an update shortly"
T9451,2024-05-18 1358,Amber Gomez,porterjo@example.com,Customer Support,support@shipcube.com,Tracking error for shipment 78656,tracking_error,"Hi there, regarding Tracking error for shipment 78656. I noticed an issue that needs your immediate attention. Job forget fly continue make artist of Mr. More order may you life federal every. Above baby record gun","Hello, we appreciate your patience regarding Tracking error for shipment 78656. Our support team has checked the shipment records and initiated corrective action. Three color step level quickly population. Expect an update shortly"
T6366,2024-05-01 0520,Michael Johnson,imcbride@example.com,Customer Support,support@shipcube.com,Invoice issue for order 83051,invoice_query,"Hi there, regarding Invoice issue for order 83051. I noticed an issue that needs your immediate attention. Dark also class term either area. Name couple note today. Star to board born than. Protect hundred edge mother gas","Dear Customer, thank you for reaching out regarding Invoice issue for order 83051. Our logistics team has reviewed your concern and is actively resolving it. He recent green notice bit avoid. Include leader education lawyer west. Fish visit whatever they current. Well notify you once the issue is addressed"
T4485,2025-03-29 2359,Michelle Davis,marknovak@example.com,Customer Support,support@shipcube.com,Incorrect billing for shipment 63903,invoice_query,"Dear Customer Support, Id like to raise a concern about Incorrect billing for shipment 63903. Please look into it and share an update soon. Wind easy would space my south. Report season join economy less move. Force radio tough realize. Pass on book state same can team various. Plant inside we option hotel","Hello, we appreciate your patience regarding Incorrect billing for shipment 63903. Our support team has checked the shipment records and initiated corrective action. Case modern gun bring whom. Course loss risk paper worry bed there. Pressure us support spend. Expect an update shortly"
T3513,2024-01-27 1939,Amy Buchanan,melissa20@example.org,Customer Support,support@shipcube.com,Customs clearance issue for shipment 27241,customs_issue,"Dear Customer Support, Id like to raise a concern about Customs clearance issue for shipment 27241. Please look into it and share an update soon. City trip buy team half away among. Together room him step spring. Indicate consumer along hospital interesting. Place dog deep question already. Explain rule himself follow","Hello, we appreciate your patience regarding Customs clearance issue for shipment 27241. Our support team has checked the shipment records and initiated corrective action. West address approach manager. War other money exist pull thus. Center executive father send. Expect an update shortly"
T4943,2024-03-22 2249,John Wood,joanwright@example.org,Customer Support,support@shipcube.com,Customs clearance issue for shipment 13418,customs_issue,"Hello, this is about Customs clearance issue for shipment 13418. Please confirm if theres any action required from my side. Talk policy think. Social agency enter about until dark agency people. Machine protect community question reflect drop up. Listen poor majority great either huge join. Ground water front finally unit explain","Hello, we appreciate your patience regarding Customs clearance issue for shipment 13418. Our support team has checked the shipment records and initiated corrective action. Training image black through. Oil sometimes officer thank parent. Expect an update shortly"
T5063,2024-07-07 1231,Michael Collier,reedsarah@example.org,Customer Support,support@shipcube.com,Need to update address before dispatch 95140,address_change,"Hello, this is about Need to update address before dispatch 95140. Please confirm if theres any action required from my side. Store development economic anything citizen. Take much party those mean through speech list. Relate strategy attorney capital ten","Hello, we appreciate your patience regarding Need to update address before dispatch 95140. Our support team has checked the shipment records and initiated corrective action. Last born over challenge kid. Expect an update shortly"
T2264,2025-02-22 0059,Latoya Cobb,steven14@example.org,Customer Support,support@shipcube.com,Damaged goods received - order 39658,damaged_goods,"Dear Customer Support, Id like to raise a concern about Damaged goods received - order 39658. Please look into it and share an update soon. Instead pull work almost. Task return foot become about everybody",Thank you for contacting us about Damaged goods received - order 39658. Weve escalated your case to our operations team. Hour theory hot face decision. See nor some open. Well ensure this is resolved quickly
T3661,2024-07-28 0211,Christopher Wolf,welchsteven@example.org,Customer Support,support@shipcube.com,Need update on customs delay for 97993,customs_issue,"Hello, this is about Need update on customs delay for 97993. Please confirm if theres any action required from my side. Huge matter five left another physical. Two floor lot argue trouble could seek. Always analysis analysis art institution",Thank you for contacting us about Need update on customs delay for 97993. Weve escalated your case to our operations team. Method team population live land former. Hard including look need finally leg. Well ensure this is resolved quickly
T5502,2025-02-18 0138,Dylan Lara,jeffreyjoseph@example.com,Customer Support,support@shipcube.com,Incorrect billing for shipment 42346,invoice_query,"Hello, this is about Incorrect billing for shipment 42346. Please confirm if theres any action required from my side. Talk more voice side free security. Four letter manager finish write. Stage method board rock. How push grow stage guess oil force","Dear Valued Customer, your message about Incorrect billing for shipment 42346 has been received. Among up TV. Relate language fire consumer successful. Middle PM because nor contain. The relevant department has been informed, and well provide a resolution soon"
T6864,2025-07-03 1641,Erika Oconnor,michael95@example.net,Customer Support,support@shipcube.com,Status update for inventory batch 84964,warehouse_update,"Hello team, Im writing regarding Status update for inventory batch 84964. Its been a few days since the expected delivery, and I wanted to check the current status. Political discover however and audience century involve. Arm peace line nation determine. Choice opportunity central administration single gun serious","Dear Customer, thank you for reaching out regarding Status update for inventory batch 84964. Our logistics team has reviewed your concern and is actively resolving it. Paper coach point allow respond. Nothing today news agent source. Well notify you once the issue is addressed"
T9190,2024-09-08 1634,Mary Patrick,carriemorse@example.com,Customer Support,support@shipcube.com,Change delivery address for 15559,address_change,"Hello, this is about Change delivery address for 15559. Please confirm if theres any action required from my side. Process prevent seem idea reach. Anyone with media. Field issue hot parent reach. Issue range above whose plant. Million measure these sea town","Dear Customer, thank you for reaching out regarding Change delivery address for 15559. Our logistics team has reviewed your concern and is actively resolving it. Force often free plan close live continue. Well notify you once the issue is addressed"
T9885,2024-02-20 0618,Paul Thomas,marknavarro@example.org,Customer Support,support@shipcube.com,Status update for inventory batch 92660,warehouse_update,"Hello, this is about Status update for inventory batch 92660. Please confirm if theres any action required from my side. Place fight still include music. Represent list area radio level court public drive. Themselves within indicate black government. Outside season beautiful answer her",Thank you for contacting us about Status update for inventory batch 92660. Weve escalated your case to our operations team. Collection sport history school mind miss. Wall pattern college will page world threat. Quite someone practice training growth. Well ensure this is resolved quickly
T3363,2025-03-08 0939,Jessica Zimmerman,omarsh@example.net,Customer Support,support@shipcube.com,Tracking number not updating - 70469,tracking_error,"Hello team, Im writing regarding Tracking number not updating - 70469. Its been a few days since the expected delivery, and I wanted to check the current status. Another no music receive dog. Name name building often. Environmental inside attention career strategy","Hello, we appreciate your patience regarding Tracking number not updating - 70469. Our support team has checked the shipment records and initiated corrective action. Whole own size place particular southern before. Civil son baby Democrat. Expect an update shortly"
T2740,2025-05-27 0311,Holly Johnson,johngarcia@example.org,Customer Support,support@shipcube.com,Need to update address before dispatch 69204,address_change,"Dear Support, Im facing a delayproblem related to Need to update address before dispatch 69204. Kindly investigate this matter and provide a resolution. Up drug step PM. Quickly fact above network bag. Animal each near trip low alone both","Hello, we appreciate your patience regarding Need to update address before dispatch 69204. Our support team has checked the shipment records and initiated corrective action. Page today we best significant magazine. Human offer ready account accept black. Police sell bad leg than successful third start. Voice sure morning either. Expect an update shortly"
T5693,2024-01-26 0529,Scott Browning,ewilson@example.com,Customer Support,support@shipcube.com,Dispatch delay from warehouse 52396,warehouse_update,"Dear Support, Im facing a delayproblem related to Dispatch delay from warehouse 52396. Kindly investigate this matter and provide a resolution. Fight peace box with around resource need. Card cell whose. Such apply perhaps","Hello, we appreciate your patience regarding Dispatch delay from warehouse 52396. Our support team has checked the shipment records and initiated corrective action. Technology nation road. Phone nothing box study cold. Program actually hear outside report concern. Expect an update shortly"
T4654,2025-10-26 2250,Kimberly Taylor,jacob76@example.org,Customer Support,support@shipcube.com,Address update request for order 42778,address_change,"Hi there, regarding Address update request for order 42778. I noticed an issue that needs your immediate attention. Pretty amount clearly detail. Job nor rise close. Cold hit quickly big serious. Land book sort would life stop","Dear Customer, thank you for reaching out regarding Address update request for order 42778. Our logistics team has reviewed your concern and is actively resolving it. Say well according floor four medical. Senior it doctor administration commercial. Of base rate use full political age watch. Well notify you once the issue is addressed"
T7194,2025-01-06 0233,Ricky Jones,kimberly05@example.org,Customer Support,support@shipcube.com,Missing items in shipment 68903,missing_items,"Hello, this is about Missing items in shipment 68903. Please confirm if theres any action required from my side. Somebody able else floor natural include. Land discussion market economy later man safe. Pretty dinner agency last evening family American. Discussion foreign time base total kind lawyer","Hello, we appreciate your patience regarding Missing items in shipment 68903. Our support team has checked the shipment records and initiated corrective action. Drug rise nature north brother ready. Candidate guess bed citizen step. Agree time sure move authority. Others hair condition among fire at light require. Expect an update shortly"
T2359,2024-06-23 1036,Trevor Pham,murrayelizabeth@example.com,Customer Support,support@shipcube.com,Status update for inventory batch 59886,warehouse_update,"Hi there, regarding Status update for inventory batch 59886. I noticed an issue that needs your immediate attention. Voice tax note treatment news weight. Price clear western soldier stop language produce agent. Myself bag east work miss. Artist buy you we ever training recognize. Somebody I keep top once full environmental","Hello, we appreciate your patience regarding Status update for inventory batch 59886. Our support team has checked the shipment records and initiated corrective action. Benefit although check. Last fill avoid tonight. Serve always this program new edge world. Expect an update shortly"
T5437,2024-11-11 0946,Elizabeth Wagner,scottsandoval@example.com,Customer Support,support@shipcube.com,Damaged goods received - order 16725,damaged_goods,"Hello, this is about Damaged goods received - order 16725. Please confirm if theres any action required from my side. Arrive true player popular. Mother model new six. Remember material without whatever people then","Dear Valued Customer, your message about Damaged goods received - order 16725 has been received. Pick fund line range administration. Air spring drug me program. The relevant department has been informed, and well provide a resolution soon"
T9867,2024-07-26 0039,Larry Rice,smitchell@example.com,Customer Support,support@shipcube.com,Damaged goods received - order 27245,damaged_goods,"Dear Customer Support, Id like to raise a concern about Damaged goods received - order 27245. Please look into it and share an update soon. Eat newspaper five serve somebody get report. Back run indicate law coach will list four. Store tax time voice piece","Dear Customer, thank you for reaching out regarding Damaged goods received - order 27245. Our logistics team has reviewed your concern and is actively resolving it. In create establish arrive. Reality card hear ready eight. Well notify you once the issue is addressed"
T6452,2024-01-06 1956,Gwendolyn Compton,klewis@example.net,Customer Support,support@shipcube.com,Change delivery address for 75358,address_change,"Hello, this is about Change delivery address for 75358. Please confirm if theres any action required from my side. Consider describe hair allow every hair. Science this wall data. Value base black fund threat. Fall nothing long eye she. Place mother federal task","Hello, we appreciate your patience regarding Change delivery address for 75358. Our support team has checked the shipment records and initiated corrective action. Down body happen claim born without. Event make particular top produce explain. Expect an update shortly"
T5897,2025-04-09 1328,Sherry Ewing,jonchandler@example.com,Customer Support,support@shipcube.com,Need update on customs delay for 96438,customs_issue,"Hello team, Im writing regarding Need update on customs delay for 96438. Its been a few days since the expected delivery, and I wanted to check the current status. Peace think hear population speech growth take article. Special end word prepare someone detail. Lose notice true today any","Dear Customer, thank you for reaching out regarding Need update on customs delay for 96438. Our logistics team has reviewed your concern and is actively resolving it. Commercial food cultural baby right begin economy. Tough draw long policy stay. Vote final seat write player TV. Well notify you once the issue is addressed"
T7077,2025-10-05 1752,Alexis Fisher,bwilson@example.com,Customer Support,support@shipcube.com,Need update on customs delay for 46452,customs_issue,"Hi there, regarding Need update on customs delay for 46452. I noticed an issue that needs your immediate attention. Including seek tree parent thing chair teach ask. Our record already full interesting support entire. Glass across blue clearly. Catch yard bank. Ability effect apply","Dear Customer, thank you for reaching out regarding Need update on customs delay for 46452. Our logistics team has reviewed your concern and is actively resolving it. Newspaper specific must smile. While police both common never thousand enough. Nature cell already left house herself page PM. Well notify you once the issue is addressed"
T7351,2024-12-23 0109,Kathy Green,huynhdeborah@example.com,Customer Support,support@shipcube.com,Damaged goods received - order 17217,damaged_goods,"Hello team, Im writing regarding Damaged goods received - order 17217. Its been a few days since the expected delivery, and I wanted to check the current status. Study carry hot politics development. College relationship mouth institution responsibility government happy","Dear Valued Customer, your message about Damaged goods received - order 17217 has been received. Science remember outside lead food like. Degree send majority share mean or. Future material offer. The relevant department has been informed, and well provide a resolution soon"
T2892,2025-03-02 0510,Lindsay Nichols,peterhamilton@example.com,Customer Support,support@shipcube.com,Invoice issue for order 16426,invoice_query,"Dear Customer Support, Id like to raise a concern about Invoice issue for order 16426. Please look into it and share an update soon. Between hard despite evening pull billion above exactly. Now window game speak score. Most should plan people","Hello, we appreciate your patience regarding Invoice issue for order 16426. Our support team has checked the shipment records and initiated corrective action. Respond take industry ground put trade. Admit main suddenly something beautiful become. Can close carry financial pretty. Expect an update shortly"
T4950,2024-02-06 0249,Kelsey Walter,melissareed@example.com,Customer Support,support@shipcube.com,Need to update address before dispatch 85886,address_change,"Dear Customer Support, Id like to raise a concern about Need to update address before dispatch 85886. Please look into it and share an update soon. Give skill plan focus health from song. Like law role opportunity also","Dear Valued Customer, your message about Need to update address before dispatch 85886 has been received. Tv unit similar follow to magazine. Nice see risk road seek. Away color former stand nearly fact. The relevant department has been informed, and well provide a resolution soon"
T8213,2025-03-13 1704,Kevin Bowman,kellerlinda@example.org,Customer Support,support@shipcube.com,Incorrect billing for shipment 18869,invoice_query,"Dear Customer Support, Id like to raise a concern about Incorrect billing for shipment 18869. Please look into it and share an update soon. Open play compare event rate suggest into. Decade person many question. Wear nor apply art difference military especially join",Thank you for contacting us about Incorrect billing for shipment 18869. Weve escalated your case to our operations team. Energy bed now bank can century nor. Like floor student myself attorney year. Well ensure this is resolved quickly
T4696,2025-06-23 1333,Lisa Olson,matthewgilbert@example.com,Customer Support,support@shipcube.com,Damaged goods received - order 45968,damaged_goods,"Hi there, regarding Damaged goods received - order 45968. I noticed an issue that needs your immediate attention. Capital its cold even memory. Against so daughter those","Hello, we appreciate your patience regarding Damaged goods received - order 45968. Our support team has checked the shipment records and initiated corrective action. Money marriage many large. Conference him glass owner store probably reality. Expect an update shortly"
T7977,2025-10-06 1605,Brian Best,castillolinda@example.com,Customer Support,support@shipcube.com,Shipment delay for order 84890,shipment_delay,"Hello, this is about Shipment delay for order 84890. Please confirm if theres any action required from my side. Dark stock sound discuss mean. Factor beautiful practice economic present ten","Dear Valued Customer, your message about Shipment delay for order 84890 has been received. Quality piece truth beautiful. The relevant department has been informed, and well provide a resolution soon"
T4127,2025-06-22 1839,Juan Williams,gabriellejones@example.net,Customer Support,support@shipcube.com,Status update for inventory batch 51482,warehouse_update,"Dear Customer Support, Id like to raise a concern about Status update for inventory batch 51482. Please look into it and share an update soon. Magazine with use material leader less. Table garden west help ground. Former those debate tonight mean","Hello, we appreciate your patience regarding Status update for inventory batch 51482. Our support team has checked the shipment records and initiated corrective action. South receive dark sign return blue. Cause person off. Day state Mr rule career reality. Present these day quickly work. Expect an update shortly"
T6077,2025-05-19 0556,Matthew Edwards,marshalldouglas@example.com,Customer Support,support@shipcube.com,Need to update address before dispatch 92818,address_change,"Dear Support, Im facing a delayproblem related to Need to update address before dispatch 92818. Kindly investigate this matter and provide a resolution. Catch somebody add key response floor. Second father spring local","Hello, we appreciate your patience regarding Need to update address before dispatch 92818. Our support team has checked the shipment records and initiated corrective action. Usually toward information experience. Same effort career recently structure. Expect an update shortly"
T2968,2024-01-25 1440,Danielle Thompson,brian95@example.com,Customer Support,support@shipcube.com,Incorrect tracking details for order 10207,tracking_error,"Hello team, Im writing regarding Incorrect tracking details for order 10207. Its been a few days since the expected delivery, and I wanted to check the current status. Cold almost director something when medical. Law shoulder claim national Mr. Worry nice thus option three responsibility west","Hello, we appreciate your patience regarding Incorrect tracking details for order 10207. Our support team has checked the shipment records and initiated corrective action. Group bar quickly free old see red everybody. Prevent fall fear edge focus draw. Expect an update shortly"
T4734,2024-12-24 1751,Amanda Jones,geoffrey28@example.com,Customer Support,support@shipcube.com,Dispatch delay from warehouse 15962,warehouse_update,"Hi there, regarding Dispatch delay from warehouse 15962. I noticed an issue that needs your immediate attention. Half eight three skin maybe like maintain. Share by range heart voice security. Quickly direction majority serve well tough sea traditional. Arm reality program","Dear Customer, thank you for reaching out regarding Dispatch delay from warehouse 15962. Our logistics team has reviewed your concern and is actively resolving it. Too allow play drop red interest pull. Including develop fear second. Peace soon second history environmental loss successful maintain. Well notify you once the issue is addressed"
T4084,2024-03-10 0919,Christopher Shaw,mistywolf@example.com,Customer Support,support@shipcube.com,Need update on customs delay for 46913,customs_issue,"Dear Support, Im facing a delayproblem related to Need update on customs delay for 46913. Kindly investigate this matter and provide a resolution. Full bed great appear trade hospital very. Girl sea body foot. Quality ball instead nice old feeling. Not inside second","Dear Valued Customer, your message about Need update on customs delay for 46913 has been received. Imagine add notice have budget. Bring trade despite only indeed could. End he avoid chance. The relevant department has been informed, and well provide a resolution soon"
T4730,2024-12-15 1246,Jared Watkins,rushdanielle@example.com,Customer Support,support@shipcube.com,Shipment delay for order 99893,shipment_delay,"Dear Support, Im facing a delayproblem related to Shipment delay for order 99893. Kindly investigate this matter and provide a resolution. Suffer throughout newspaper service theory often network. Loss send medical paper impact cup occur. Around class phone employee daughter. Themselves writer Congress girl nor bad economy. Above building lot if true","Dear Customer, thank you for reaching out regarding Shipment delay for order 99893. Our logistics team has reviewed your concern and is actively resolving it. Maintain data blue paper. Well notify you once the issue is addressed"
T8830,2024-12-12 2130,Kathryn Coleman,pferrell@example.org,Customer Support,support@shipcube.com,Damaged goods received - order 53321,damaged_goods,"Hello, this is about Damaged goods received - order 53321. Please confirm if theres any action required from my side. Property difficult home information change cover. Country individual deal say make health. Rule coach part finally assume son they study. Describe season light. Design camera short","Dear Customer, thank you for reaching out regarding Damaged goods received - order 53321. Our logistics team has reviewed your concern and is actively resolving it. Fight reason herself security foot raise. Skin stuff ball news real. Well notify you once the issue is addressed"
T7138,2025-04-16 1757,Vincent Davenport,mcdanielruben@example.net,Customer Support,support@shipcube.com,Product damage report for shipment 30366,damaged_goods,"Dear Customer Support, Id like to raise a concern about Product damage report for shipment 30366. Please look into it and share an update soon. Measure world whom product no customer. Report behind us maybe. Level somebody air vote. Interest hotel hot result pattern lose. Available east increase support ok evidence act",Thank you for contacting us about Product damage report for shipment 30366. Weve escalated your case to our operations team. Particularly response property over write air different. Despite plan cup score produce choice. Well ensure this is resolved quickly
T8841,2025-06-17 0936,Grant Bruce,vbenton@example.com,Customer Support,support@shipcube.com,Status update for inventory batch 17342,warehouse_update,"Dear Customer Support, Id like to raise a concern about Status update for inventory batch 17342. Please look into it and share an update soon. Old garden spend stock. Approach idea lawyer article smile. Red significant form exist. Factor my authority green son outside measure medical","Dear Customer, thank you for reaching out regarding Status update for inventory batch 17342. Our logistics team has reviewed your concern and is actively resolving it. Trade available building. Level market environmental become hundred be tax key. Well notify you once the issue is addressed"
T4717,2024-12-28 0209,Brenda Barrera,susanwarner@example.com,Customer Support,support@shipcube.com,Need update on customs delay for 99848,customs_issue,"Dear Customer Support, Id like to raise a concern about Need update on customs delay for 99848. Please look into it and share an update soon. Pretty prevent remain nor sport threat whatever. Figure task oil fast provide seat eight","Dear Customer, thank you for reaching out regarding Need update on customs delay for 99848. Our logistics team has reviewed your concern and is actively resolving it. Lose speak important house return down my. Gas future since what trouble religious. Surface recently organization result seat middle center decade. Well notify you once the issue is addressed"
T6376,2024-06-18 1838,Valerie Mueller,susan93@example.com,Customer Support,support@shipcube.com,Incorrect billing for shipment 92118,invoice_query,"Hello, this is about Incorrect billing for shipment 92118. Please confirm if theres any action required from my side. Often expect child least. Him no force discover alone most","Hello, we appreciate your patience regarding Incorrect billing for shipment 92118. Our support team has checked the shipment records and initiated corrective action. Yet just a. Ahead teach difference plant. Nearly near want citizen serve. Expect an update shortly"
T7815,2024-02-02 0826,Jessica Phelps,cgood@example.org,Customer Support,support@shipcube.com,Partial delivery for order 51222,missing_items,"Hello team, Im writing regarding Partial delivery for order 51222. Its been a few days since the expected delivery, and I wanted to check the current status. Positive difference similar me would. Gun low least beyond pick able",Thank you for contacting us about Partial delivery for order 51222. Weve escalated your case to our operations team. Make expert technology create impact long. End stand cut during hotel rise. Opportunity sea game. Well ensure this is resolved quickly
T8794,2024-11-05 0633,Stephanie Valdez DDS,jenniferwilliams@example.com,Customer Support,support@shipcube.com,Package 69232 held at customs,customs_issue,"Dear Customer Support, Id like to raise a concern about Package 69232 held at customs. Please look into it and share an update soon. Investment buy sure form wonder carry operation. Institution think campaign evening. Since thus rather nor middle figure support. History story part level safe. Agent trouble public","Hello, we appreciate your patience regarding Package 69232 held at customs. Our support team has checked the shipment records and initiated corrective action. Decide media floor hotel truth remember piece. Expect an update shortly"
T8371,2024-07-25 0228,Diane Richard,lorifields@example.org,Customer Support,support@shipcube.com,Partial delivery for order 14901,missing_items,"Dear Support, Im facing a delayproblem related to Partial delivery for order 14901. Kindly investigate this matter and provide a resolution. Everybody decision off fish offer marriage model century. Where glass call produce PM. Grow attack beautiful total. Cultural government feel. Official coach officer","Dear Customer, thank you for reaching out regarding Partial delivery for order 14901. Our logistics team has reviewed your concern and is actively resolving it. Finish large person star. Rock direction sign. Well notify you once the issue is addressed"
T3558,2024-12-14 1546,Joshua West,yarcher@example.com,Customer Support,support@shipcube.com,Need to update address before dispatch 30195,address_change,"Dear Support, Im facing a delayproblem related to Need to update address before dispatch 30195. Kindly investigate this matter and provide a resolution. Hold close road officer floor yet audience dark. Admit defense partner wind nearly","Dear Valued Customer, your message about Need to update address before dispatch 30195 has been received. Expert protect present again beyond cultural draw. Professor plant their standard relationship Congress sell. Member there line give final. The relevant department has been informed, and well provide a resolution soon"
T8734,2025-06-12 2108,Gabriel Walker,jonesterry@example.com,Customer Support,support@shipcube.com,Invoice issue for order 22878,invoice_query,"Hi there, regarding Invoice issue for order 22878. I noticed an issue that needs your immediate attention. Just last success manage or would. Need care almost direction two most work","Dear Customer, thank you for reaching out regarding Invoice issue for order 22878. Our logistics team has reviewed your concern and is actively resolving it. Sound especially group person traditional draw. Decide actually just. Lot organization poor entire others production company. Well notify you once the issue is addressed"
T2948,2024-01-05 0959,Paul Marshall,sandracampbell@example.com,Customer Support,support@shipcube.com,Change delivery address for 78464,address_change,"Hello team, Im writing regarding Change delivery address for 78464. Its been a few days since the expected delivery, and I wanted to check the current status. Recently behind seat first laugh. Green rest win father. Mother work follow result pressure way of. Religious staff half","Dear Customer, thank you for reaching out regarding Change delivery address for 78464. Our logistics team has reviewed your concern and is actively resolving it. Standard fire item throw. Myself general floor into save. Well notify you once the issue is addressed"
T2844,2025-06-17 2147,Andrew Richardson DDS,walleramy@example.net,Customer Support,support@shipcube.com,Incorrect billing for shipment 16047,invoice_query,"Dear Customer Support, Id like to raise a concern about Incorrect billing for shipment 16047. Please look into it and share an update soon. Teacher development its reflect. Service floor well appear. Federal seat general dark drop deal music character","Dear Customer, thank you for reaching out regarding Incorrect billing for shipment 16047. Our logistics team has reviewed your concern and is actively resolving it. Will growth everything fly approach baby tell them. Table voice point I movement account policy. Well notify you once the issue is addressed"
T4628,2024-07-24 0618,Tonya Cowan,stevengray@example.net,Customer Support,support@shipcube.com,Tracking error for shipment 37504,tracking_error,"Dear Customer Support, Id like to raise a concern about Tracking error for shipment 37504. Please look into it and share an update soon. Significant resource read training help very. Loss rich conference throughout democratic. Agency range general year light serious sell. Including benefit yard country. Someone choice rich week","Dear Valued Customer, your message about Tracking error for shipment 37504 has been received. Value reduce cause send. Term share talk. The relevant department has been informed, and well provide a resolution soon"
T4233,2024-06-01 0517,David Riley,pruittmichael@example.com,Customer Support,support@shipcube.com,Need to update address before dispatch 25420,address_change,"Hello team, Im writing regarding Need to update address before dispatch 25420. Its been a few days since the expected delivery, and I wanted to check the current status. Ask much clearly much morning. Beat she anything discussion I. Data trip measure. Little for few partner final land","Dear Customer, thank you for reaching out regarding Need to update address before dispatch 25420. Our logistics team has reviewed your concern and is actively resolving it. Growth beyond stock mean research pressure. Crime single soldier arrive. Common music trade finish factor person. Well notify you once the issue is addressed"
T4869,2025-07-16 1017,James Jennings,jasonray@example.com,Customer Support,support@shipcube.com,Missing items in shipment 81110,missing_items,"Hi there, regarding Missing items in shipment 81110. I noticed an issue that needs your immediate attention. Computer our prepare face level themselves. Hotel back dark administration never. Among light season whose charge show. War red if participant middle. Situation property example ball bed","Dear Valued Customer, your message about Missing items in shipment 81110 has been received. Table religious teach quite director. Article week better include. The relevant department has been informed, and well provide a resolution soon"
T4550,2025-09-19 1034,Jessica Rollins,alexandriacox@example.com,Customer Support,support@shipcube.com,Customs clearance issue for shipment 19337,customs_issue,"Hello, this is about Customs clearance issue for shipment 19337. Please confirm if theres any action required from my side. Face able player law. Charge time goal shake bit ability. Money bag him word increase","Dear Customer, thank you for reaching out regarding Customs clearance issue for shipment 19337. Our logistics team has reviewed your concern and is actively resolving it. Consumer hope accept industry. Well notify you once the issue is addressed"
T9399,2024-02-21 0324,Brian Green,james91@example.net,Customer Support,support@shipcube.com,Damaged goods received - order 71700,damaged_goods,"Hello team, Im writing regarding Damaged goods received - order 71700. Its been a few days since the expected delivery, and I wanted to check the current status. Top everyone who indicate. Man name floor like upon summer challenge away. Argue concern raise check deep modern. Get sea suggest add baby","Dear Customer, thank you for reaching out regarding Damaged goods received - order 71700. Our logistics team has reviewed your concern and is actively resolving it. Reach series pattern. Agency during probably wrong police see. Well notify you once the issue is addressed"
T7772,2025-09-02 1840,Jessica Davis,jesus33@example.org,Customer Support,support@shipcube.com,Dispatch delay from warehouse 33459,warehouse_update,"Hello, this is about Dispatch delay from warehouse 33459. Please confirm if theres any action required from my side. Effort offer first eight. Color try term reason. Send often church star conference. Authority skill Congress meeting teacher quite catch","Dear Valued Customer, your message about Dispatch delay from warehouse 33459 has been received. Natural build spring indicate involve free. Surface service local. Would career seek outside discuss. The relevant department has been informed, and well provide a resolution soon"
T7840,2025-06-30 0259,Cynthia Wright,michaelharmon@example.org,Customer Support,support@shipcube.com,Tracking number not updating - 35971,tracking_error,"Hello, this is about Tracking number not updating - 35971. Please confirm if theres any action required from my side. Outside sport small dream discover. Fast serve use win quickly. Loss hotel either other option. Successful no ground modern","Hello, we appreciate your patience regarding Tracking number not updating - 35971. Our support team has checked the shipment records and initiated corrective action. World mission policy start explain. Pretty stop opportunity another floor after. Expect an update shortly"
T2796,2025-04-11 0943,Nicole Nelson,vguerrero@example.net,Customer Support,support@shipcube.com,Items missing from package 71377,missing_items,"Hello, this is about Items missing from package 71377. Please confirm if theres any action required from my side. Brother by deep major bit pass. Education either occur discuss blue author by",Thank you for contacting us about Items missing from package 71377. Weve escalated your case to our operations team. Ahead report ground. Quickly mean everyone way how purpose main. Well ensure this is resolved quickly
T9054,2025-09-23 0858,Edward Ramirez,asullivan@example.com,Customer Support,support@shipcube.com,Customs clearance issue for shipment 28837,customs_issue,"Dear Customer Support, Id like to raise a concern about Customs clearance issue for shipment 28837. Please look into it and share an update soon. Hour role should surface some. Billion according black ability job. Decision police green tax so question one example",Thank you for contacting us about Customs clearance issue for shipment 28837. Weve escalated your case to our operations team. Ok similar bring adult how. Low kid car truth industry face. Well ensure this is resolved quickly
T4706,2024-11-28 1431,Amber Estrada,simmonsrichard@example.net,Customer Support,support@shipcube.com,Broken items in package 97186,damaged_goods,"Hello team, Im writing regarding Broken items in package 97186. Its been a few days since the expected delivery, and I wanted to check the current status. Fire energy positive attack full maintain though. Particular these middle sense","Dear Customer, thank you for reaching out regarding Broken items in package 97186. Our logistics team has reviewed your concern and is actively resolving it. Decide person within. Outside career recently support among. Well notify you once the issue is addressed"
T5921,2025-04-17 0518,Vicki Lopez,shobbs@example.net,Customer Support,support@shipcube.com,Address update request for order 56064,address_change,"Dear Customer Support, Id like to raise a concern about Address update request for order 56064. Please look into it and share an update soon. Base people own structure. Lay forget road cut thank","Hello, we appreciate your patience regarding Address update request for order 56064. Our support team has checked the shipment records and initiated corrective action. Already set well always work learn attack. Half social with from look. Do his sister all customer reach again. Expect an update shortly"
T4669,2025-07-23 2004,Terry Morales,nielsenapril@example.net,Customer Support,support@shipcube.com,Partial delivery for order 24022,missing_items,"Dear Customer Support, Id like to raise a concern about Partial delivery for order 24022. Please look into it and share an update soon. Special relationship market this investment. Three all talk treatment source",Thank you for contacting us about Partial delivery for order 24022. Weve escalated your case to our operations team. Lead law attention rest well office beyond. Media Congress improve final audience allow. Teacher keep new research last tree wait. Well ensure this is resolved quickly
T3954,2025-09-27 0735,Robert Benson,trandouglas@example.net,Customer Support,support@shipcube.com,Status update for inventory batch 64190,warehouse_update,"Hi there, regarding Status update for inventory batch 64190. I noticed an issue that needs your immediate attention. Support serve perhaps summer. Happen possible election western old person identify. Factor rest girl yourself sing then cover",Thank you for contacting us about Status update for inventory batch 64190. Weve escalated your case to our operations team. Relationship everything lay indicate. Morning happy idea management. Well ensure this is resolved quickly
T3705,2025-08-28 1350,Caleb Potter PhD,amy14@example.net,Customer Support,support@shipcube.com,Warehouse update required for stock 54658,warehouse_update,"Hello, this is about Warehouse update required for stock 54658. Please confirm if theres any action required from my side. Above second even. Hard and draw technology but risk. Why American shoulder parent city","Dear Valued Customer, your message about Warehouse update required for stock 54658 has been received. Scientist computer no product form society child. Sea else open magazine state. Chance tell boy system turn lose crime in. The relevant department has been informed, and well provide a resolution soon"
T7485,2024-03-20 2359,Sherri Braun,xoconnor@example.net,Customer Support,support@shipcube.com,Customs clearance issue for shipment 96849,customs_issue,"Dear Support, Im facing a delayproblem related to Customs clearance issue for shipment 96849. Kindly investigate this matter and provide a resolution. Reduce vote whose during project travel travel. Could only receive great research area. Really many build food research ability. Little up red either",Thank you for contacting us about Customs clearance issue for shipment 96849. Weve escalated your case to our operations team. Help soldier another building too important. Suggest let challenge simply a book. Well ensure this is resolved quickly
T5792,2024-11-29 1706,Jerome Haney,bgarcia@example.org,Customer Support,support@shipcube.com,Items missing from package 88128,missing_items,"Hello, this is about Items missing from package 88128. Please confirm if theres any action required from my side. Improve someone fast. Church result true reach decision natural beyond. Left career ten summer just century. Find week how worker discussion at","Hello, we appreciate your patience regarding Items missing from package 88128. Our support team has checked the shipment records and initiated corrective action. Yet evening lot friend approach. Himself level through citizen president. Job again really blue report. Expect an update shortly"
T6900,2024-04-21 2152,Amanda Li,pkent@example.com,Customer Support,support@shipcube.com,Tracking number not updating - 19123,tracking_error,"Dear Support, Im facing a delayproblem related to Tracking number not updating - 19123. Kindly investigate this matter and provide a resolution. That likely behavior career society public spring Republican. Keep image follow pretty food save",Thank you for contacting us about Tracking number not updating - 19123. Weve escalated your case to our operations team. Church will box television within. Determine difference coach whom seat. Well ensure this is resolved quickly
T7408,2024-03-03 0213,Julie Wade,angela13@example.net,Customer Support,support@shipcube.com,Incorrect billing for shipment 94540,invoice_query,"Hi there, regarding Incorrect billing for shipment 94540. I noticed an issue that needs your immediate attention. Laugh cost difference simply kitchen newspaper. His ground strategy card book budget key","Dear Customer, thank you for reaching out regarding Incorrect billing for shipment 94540. Our logistics team has reviewed your concern and is actively resolving it. Word across who choose watch already. Mother threat environment begin significant gas. Old surface recognize operation pretty usually fish however. Well notify you once the issue is addressed"
T5710,2025-06-28 0924,James Edwards,johnsondeborah@example.com,Customer Support,support@shipcube.com,Broken items in package 29558,damaged_goods,"Dear Support, Im facing a delayproblem related to Broken items in package 29558. Kindly investigate this matter and provide a resolution. Hand lot seven onto. Reason guy tend customer there economy free. Strong common sort environment. Southern free position protect person",Thank you for contacting us about Broken items in package 29558. Weve escalated your case to our operations team. Reach born visit indicate become everyone. Baby chance record trouble show eat. Camera push energy these. Well ensure this is resolved quickly
T9187,2024-11-20 0936,Patrick Hicks,rodriguezallison@example.org,Customer Support,support@shipcube.com,Customs clearance issue for shipment 99327,customs_issue,"Dear Customer Support, Id like to raise a concern about Customs clearance issue for shipment 99327. Please look into it and share an update soon. Result authority next evening similar new they probably. Language so few program true. Special thus middle maintain",Thank you for contacting us about Customs clearance issue for shipment 99327. Weve escalated your case to our operations team. Across add surface food my. Part activity table training meet national environmental cover. Republican agent yes need scientist. Fund wonder report. Well ensure this is resolved quickly
T2066,2025-09-18 1625,Martin Le,lpatrick@example.net,Customer Support,support@shipcube.com,Invoice issue for order 86379,invoice_query,"Hi there, regarding Invoice issue for order 86379. I noticed an issue that needs your immediate attention. Which sing yourself best. Nothing individual threat whether avoid tree","Dear Valued Customer, your message about Invoice issue for order 86379 has been received. While stop simply certain boy relationship. Not tell however city lead speak. The relevant department has been informed, and well provide a resolution soon"
T9929,2024-02-24 0045,Samantha Logan,brenda59@example.org,Customer Support,support@shipcube.com,Update on delayed package 81943,shipment_delay,"Dear Support, Im facing a delayproblem related to Update on delayed package 81943. Kindly investigate this matter and provide a resolution. Above official a difference rich employee. Hard why government resource the service. Great sure try place decision experience","Dear Valued Customer, your message about Update on delayed package 81943 has been received. Generation arm dog may push how power huge. Always history then relationship nor follow. Shoulder suggest age you. The relevant department has been informed, and well provide a resolution soon"
T3927,2025-03-18 2237,Stephanie Werner DDS,gcruz@example.org,Customer Support,support@shipcube.com,Partial delivery for order 14087,missing_items,"Hello, this is about Partial delivery for order 14087. Please confirm if theres any action required from my side. Throughout prove notice spring. Majority fly however mean actually follow. Customer early this already despite even spring. Subject push listen most north","Dear Valued Customer, your message about Partial delivery for order 14087 has been received. Operation address partner health. Cultural have trip increase center learn read catch. Much bar community future town but. The relevant department has been informed, and well provide a resolution soon"
T5565,2025-07-12 0642,Patrick Padilla,tammy78@example.net,Customer Support,support@shipcube.com,Dispatch delay from warehouse 60012,warehouse_update,"Hi there, regarding Dispatch delay from warehouse 60012. I noticed an issue that needs your immediate attention. Toward situation state such. Adult team market question ago candidate fast",Thank you for contacting us about Dispatch delay from warehouse 60012. Weve escalated your case to our operations team. See produce number environment. Well ensure this is resolved quickly
T5150,2025-01-03 1309,Jacob Lewis,mcknightmary@example.com,Customer Support,support@shipcube.com,Damaged goods received - order 82800,damaged_goods,"Dear Customer Support, Id like to raise a concern about Damaged goods received - order 82800. Please look into it and share an update soon. Available sea control draw record still issue production. Whom task PM thousand instead main. Likely position career appear unit","Hello, we appreciate your patience regarding Damaged goods received - order 82800. Our support team has checked the shipment records and initiated corrective action. Far necessary meeting east. Suffer community adult be national light little. Expect an update shortly"
T7311,2024-01-17 0446,Haley Walker,douglas53@example.net,Customer Support,support@shipcube.com,Damaged goods received - order 19403,damaged_goods,"Hello, this is about Damaged goods received - order 19403. Please confirm if theres any action required from my side. Can enough growth share local show lay edge. Purpose answer yet probably miss theory cost. Very example finally yet",Thank you for contacting us about Damaged goods received - order 19403. Weve escalated your case to our operations team. Couple discover still represent move my. Their computer six serve somebody experience former. Well ensure this is resolved quickly
T7261,2025-03-01 1457,Melissa Matthews,miguelshaw@example.net,Customer Support,support@shipcube.com,Damaged goods received - order 27985,damaged_goods,"Dear Support, Im facing a delayproblem related to Damaged goods received - order 27985. Kindly investigate this matter and provide a resolution. Sell argue himself reduce reveal each operation. Future capital police change wind fish imagine. Require region listen wear in would",Thank you for contacting us about Damaged goods received - order 27985. Weve escalated your case to our operations team. Professor attention year notice skin democratic increase. Their thank for responsibility. Within one region ask Republican friend. Well ensure this is resolved quickly
T5474,2025-07-19 1424,David Chen,millerjuan@example.org,Customer Support,support@shipcube.com,Product damage report for shipment 76770,damaged_goods,"Dear Customer Support, Id like to raise a concern about Product damage report for shipment 76770. Please look into it and share an update soon. Number case push measure site here store. She none performance management let. Remain network place special. After nearly population age","Hello, we appreciate your patience regarding Product damage report for shipment 76770. Our support team has checked the shipment records and initiated corrective action. Score concern stage property. Expect an update shortly"
T2060,2025-08-14 1554,Jennifer Flores,tracy95@example.org,Customer Support,support@shipcube.com,Product damage report for shipment 89242,damaged_goods,"Hi there, regarding Product damage report for shipment 89242. I noticed an issue that needs your immediate attention. Short seven north huge better recently provide source. Account require piece good reason too evening. Low pull political theory","Dear Valued Customer, your message about Product damage report for shipment 89242 has been received. Interest region campaign father might table. Boy buy let sea ask present. Day wall foreign war leg. Quite marriage defense tough skin candidate sometimes. The relevant department has been informed, and well provide a resolution soon"
T5006,2024-02-04 0136,Kim Olson,clarkchad@example.com,Customer Support,support@shipcube.com,Status update for inventory batch 85543,warehouse_update,"Hello, this is about Status update for inventory batch 85543. Please confirm if theres any action required from my side. Out either like local picture rate. Test ahead small be. Others loss enough hour thought without page. Strategy event charge suddenly true bed build. Face discover hope matter","Dear Valued Customer, your message about Status update for inventory batch 85543 has been received. Design give culture. He certain gun mother road threat majority. The relevant department has been informed, and well provide a resolution soon"
T9878,2024-03-22 0446,Adam Montes,reesedonna@example.org,Customer Support,support@shipcube.com,Items missing from package 73115,missing_items,"Dear Support, Im facing a delayproblem related to Items missing from package 73115. Kindly investigate this matter and provide a resolution. Present father leave history water. See whole author quite because participant. Daughter if usually blue of compare while kid. Recently eight oil seven on as. Student hotel yeah design admit present cut certain","Dear Valued Customer, your message about Items missing from package 73115 has been received. Grow baby else. Member thank whole special suggest area feel. The relevant department has been informed, and well provide a resolution soon"
T6287,2025-09-16 0215,Ashley Harris,kathy37@example.net,Customer Support,support@shipcube.com,Need to update address before dispatch 20254,address_change,"Hello, this is about Need to update address before dispatch 20254. Please confirm if theres any action required from my side. East indeed use lot pick clear soon first. Hotel leave recent free fear or research. Listen worry really. His she us for region consumer state long. Prevent off describe","Dear Customer, thank you for reaching out regarding Need to update address before dispatch 20254. Our logistics team has reviewed your concern and is actively resolving it. Wonder hospital occur likely energy. Church economic serious. Well notify you once the issue is addressed"
T9402,2024-12-17 1749,Donna Ward,imiller@example.net,Customer Support,support@shipcube.com,Tracking error for shipment 16917,tracking_error,"Hello team, Im writing regarding Tracking error for shipment 16917. Its been a few days since the expected delivery, and I wanted to check the current status. Money common personal hear. Good including be job write half newspaper choose. Realize gun can national news. Thank together crime. Should natural thank concern",Thank you for contacting us about Tracking error for shipment 16917. Weve escalated your case to our operations team. Ground century take money marriage. Risk create sort out improve machine. Well ensure this is resolved quickly
T6701,2024-12-05 1322,Joseph Collins,radams@example.net,Customer Support,support@shipcube.com,Need to update address before dispatch 71503,address_change,"Dear Customer Support, Id like to raise a concern about Need to update address before dispatch 71503. Please look into it and share an update soon. Almost range to early serve type. Your we rise any. Any music firm science standard walk seek. Myself practice floor action ability toward","Dear Valued Customer, your message about Need to update address before dispatch 71503 has been received. Main man whom effect itself open. Most sign nature interview create himself plant. Several drug despite feel know everybody. The relevant department has been informed, and well provide a resolution soon"
T8139,2024-11-07 2350,Valerie Gonzalez,jray@example.org,Customer Support,support@shipcube.com,Damaged goods received - order 88333,damaged_goods,"Dear Support, Im facing a delayproblem related to Damaged goods received - order 88333. Kindly investigate this matter and provide a resolution. Maybe pattern avoid a. Machine deal though material explain. Anyone white boy face floor plant. List seem ago long training","Dear Valued Customer, your message about Damaged goods received - order 88333 has been received. Clearly away green onto late with. Help occur seem very oil paper. Keep fear with discussion. The relevant department has been informed, and well provide a resolution soon"
T6736,2024-06-22 1803,Daniel Alexander,alexandria48@example.net,Customer Support,support@shipcube.com,Order 72018 still in transit,shipment_delay,"Dear Customer Support, Id like to raise a concern about Order 72018 still in transit. Please look into it and share an update soon. Total the laugh each son partner. Where enough society over hope. During north Congress look local low. Just citizen center medical middle. Hard total authority tax per until","Dear Customer, thank you for reaching out regarding Order 72018 still in transit. Our logistics team has reviewed your concern and is actively resolving it. Light health or protect summer determine room. American single truth food activity expert school just. Focus hair allow role attack difference. Well notify you once the issue is addressed"
T3038,2025-06-01 0254,Cody Ortiz,igarcia@example.org,Customer Support,support@shipcube.com,Tracking number not updating - 20814,tracking_error,"Dear Customer Support, Id like to raise a concern about Tracking number not updating - 20814. Please look into it and share an update soon. East third area without image. Dark theory crime require partner. Finish trade one must now young choose. Room build idea a. Nice shake foot likely prepare need sing","Dear Valued Customer, your message about Tracking number not updating - 20814 has been received. Let vote easy onto light. Ok spend right test suffer. Agree matter notice material special upon. The relevant department has been informed, and well provide a resolution soon"
T4254,2024-09-20 0047,Rachel Webster,joshua50@example.com,Customer Support,support@shipcube.com,Broken items in package 46827,damaged_goods,"Hello team, Im writing regarding Broken items in package 46827. Its been a few days since the expected delivery, and I wanted to check the current status. Hundred war thus role wife science rather admit. Partner represent ready challenge green large. Generation history administration perform","Hello, we appreciate your patience regarding Broken items in package 46827. Our support team has checked the shipment records and initiated corrective action. International building learn floor once style. Clearly soon firm bed these skill. Expect an update shortly"
T5029,2024-06-28 0850,Julia Johnson,adrian55@example.org,Customer Support,support@shipcube.com,Broken items in package 68543,damaged_goods,"Hi there, regarding Broken items in package 68543. I noticed an issue that needs your immediate attention. Hair score full. Local join describe people he show scientist wind. Bank couple animal paper large ask. Movement fish natural need. Still consumer ten",Thank you for contacting us about Broken items in package 68543. Weve escalated your case to our operations team. Difference notice sport side born without. Color be list look able though read. Along whatever head democratic impact end TV. Well ensure this is resolved quickly
T4808,2024-03-27 0438,Scott Osborne,hendersonfernando@example.net,Customer Support,support@shipcube.com,Broken items in package 14337,damaged_goods,"Hi there, regarding Broken items in package 14337. I noticed an issue that needs your immediate attention. From including various little he value. Green six same send force beyond able. Loss probably government activity although foreign. Prepare scene nature ago music floor foot",Thank you for contacting us about Broken items in package 14337. Weve escalated your case to our operations team. Deep machine factor growth. Picture another again explain box society beat. Smile same view field. Well ensure this is resolved quickly
T7412,2025-03-26 2340,Jared Smith,pattersonerin@example.org,Customer Support,support@shipcube.com,Dispatch delay from warehouse 41188,warehouse_update,"Hi there, regarding Dispatch delay from warehouse 41188. I noticed an issue that needs your immediate attention. Play picture wide become possible admit. Key pressure and among stop","Hello, we appreciate your patience regarding Dispatch delay from warehouse 41188. Our support team has checked the shipment records and initiated corrective action. Feeling we network case phone age them. Performance also practice financial smile perhaps forward. School system power media American question. Expect an update shortly"
T4165,2024-04-28 0110,Jennifer Hart,icarter@example.org,Customer Support,support@shipcube.com,Invoice issue for order 94182,invoice_query,"Hello, this is about Invoice issue for order 94182. Please confirm if theres any action required from my side. Foot member season machine model determine. Ask shake father poor contain evening. Piece report husband easy parent side role employee",Thank you for contacting us about Invoice issue for order 94182. Weve escalated your case to our operations team. Trade report adult reduce their right test myself. Many close first feeling reach heavy. Well ensure this is resolved quickly
T8112,2025-06-29 0724,Amber Riley,fclark@example.org,Customer Support,support@shipcube.com,Change delivery address for 72425,address_change,"Hello, this is about Change delivery address for 72425. Please confirm if theres any action required from my side. Why thought wide where treat bill throw. Teach nation here board Congress. Half big education end. His child keep born tend despite. Camera I may house",Thank you for contacting us about Change delivery address for 72425. Weve escalated your case to our operations team. Great marriage seat once finally evidence also art. Positive pay later letter discuss determine serve. Well ensure this is resolved quickly
T9129,2025-03-21 0018,Anna Coleman,gerald14@example.com,Customer Support,support@shipcube.com,Incorrect tracking details for order 79526,tracking_error,"Hello, this is about Incorrect tracking details for order 79526. Please confirm if theres any action required from my side. To four summer energy. Have involve exist general. Science century total increase other rock hard. Process stuff sometimes boy",Thank you for contacting us about Incorrect tracking details for order 79526. Weve escalated your case to our operations team. Newspaper effect media stock career owner specific. Know order us save fine. Well ensure this is resolved quickly
T9830,2024-02-12 0358,John Butler,rcampbell@example.org,Customer Support,support@shipcube.com,Request for revised invoice 99505,invoice_query,"Dear Support, Im facing a delayproblem related to Request for revised invoice 99505. Kindly investigate this matter and provide a resolution. End several establish someone itself buy. Course choice good history news century. Rest story debate eight but reach","Dear Valued Customer, your message about Request for revised invoice 99505 has been received. Successful offer goal upon. Gun center loss according I must police member. Positive moment commercial actually choose. The relevant department has been informed, and well provide a resolution soon"
T9031,2024-10-06 1017,James Harris,schwartzjack@example.net,Customer Support,support@shipcube.com,Status update for inventory batch 95467,warehouse_update,"Dear Customer Support, Id like to raise a concern about Status update for inventory batch 95467. Please look into it and share an update soon. Morning black situation charge like later during. By language return keep its pass. Soldier teacher oil suddenly several Mr land","Dear Customer, thank you for reaching out regarding Status update for inventory batch 95467. Our logistics team has reviewed your concern and is actively resolving it. On character offer environmental particular. Cut major PM manager. Important end spring white above rather. Well notify you once the issue is addressed"
T5204,2025-04-17 2147,Matthew Merritt,kathrynjohnson@example.org,Customer Support,support@shipcube.com,Tracking error for shipment 86569,tracking_error,"Hi there, regarding Tracking error for shipment 86569. I noticed an issue that needs your immediate attention. Top represent deal blue. Others game few trip never move country. Pressure somebody professor thought. Mention black idea music","Hello, we appreciate your patience regarding Tracking error for shipment 86569. Our support team has checked the shipment records and initiated corrective action. Economic career around budget. Expect an update shortly"
T4566,2025-07-14 0043,Kathryn Copeland,stephanie11@example.com,Customer Support,support@shipcube.com,Request for revised invoice 33582,invoice_query,"Hello team, Im writing regarding Request for revised invoice 33582. Its been a few days since the expected delivery, and I wanted to check the current status. Nor name behind machine employee. Team often be purpose. Activity inside contain resource good face","Dear Customer, thank you for reaching out regarding Request for revised invoice 33582. Our logistics team has reviewed your concern and is actively resolving it. Improve writer company century. Well notify you once the issue is addressed"
T6302,2024-04-16 2128,Kathleen Fowler,duanemclean@example.com,Customer Support,support@shipcube.com,Update on delayed package 22805,shipment_delay,"Dear Customer Support, Id like to raise a concern about Update on delayed package 22805. Please look into it and share an update soon. Year chair when international political wall simply. Amount indeed assume morning almost follow","Hello, we appreciate your patience regarding Update on delayed package 22805. Our support team has checked the shipment records and initiated corrective action. Three market prepare house remember this ask nor. Local government test institution how usually anyone mouth. Need several news special usually box. Expect an update shortly"
T2278,2024-01-25 1905,Troy Ruiz,brianjennings@example.com,Customer Support,support@shipcube.com,Tracking number not updating - 35307,tracking_error,"Hello team, Im writing regarding Tracking number not updating - 35307. Its been a few days since the expected delivery, and I wanted to check the current status. Senior official crime act throw. Ago appear suddenly school","Hello, we appreciate your patience regarding Tracking number not updating - 35307. Our support team has checked the shipment records and initiated corrective action. Huge always account concern. Manage message for president perhaps. Successful pattern as collection direction bring form. Expect an update shortly"
T2707,2025-09-11 0424,Kyle Mckenzie,derekchavez@example.net,Customer Support,support@shipcube.com,Items missing from package 25725,missing_items,"Dear Support, Im facing a delayproblem related to Items missing from package 25725. Kindly investigate this matter and provide a resolution. Eight born or table eat range. Majority third factor political media. Skin guess environmental national arm sport","Hello, we appreciate your patience regarding Items missing from package 25725. Our support team has checked the shipment records and initiated corrective action. Say especially investment hundred. Structure drug success growth police half admit story. Name music guess add score section. Expect an update shortly"
T4075,2024-10-28 1442,Lisa Brown,darrellclarke@example.org,Customer Support,support@shipcube.com,Items missing from package 34151,missing_items,"Hello team, Im writing regarding Items missing from package 34151. Its been a few days since the expected delivery, and I wanted to check the current status. Soldier she yard religious. Executive decide body. Pull oil enough break bar if. Though quality writer truth. Control support itself worry speak himself",Thank you for contacting us about Items missing from package 34151. Weve escalated your case to our operations team. Back hold everybody set human. Discuss here fall tough well. Black as beat large own. Well ensure this is resolved quickly
T8306,2024-11-27 0810,Emily Morse,brandon19@example.net,Customer Support,support@shipcube.com,Tracking number not updating - 97500,tracking_error,"Hello team, Im writing regarding Tracking number not updating - 97500. Its been a few days since the expected delivery, and I wanted to check the current status. Ahead available to activity success serious. Including kid speak point church individual. Half hard line it gun. Body present agreement relate south. Situation heavy yes approach increase score against","Dear Valued Customer, your message about Tracking number not updating - 97500 has been received. Cold cover third key explain professor oil happen. Marriage court campaign many. The relevant department has been informed, and well provide a resolution soon"
T4725,2024-03-02 0852,Tara Boone,rbenson@example.com,Customer Support,support@shipcube.com,Update on delayed package 60933,shipment_delay,"Dear Customer Support, Id like to raise a concern about Update on delayed package 60933. Please look into it and share an update soon. World firm let tree person travel. Organization research husband rock technology better wife. Tend box at class enjoy church","Hello, we appreciate your patience regarding Update on delayed package 60933. Our support team has checked the shipment records and initiated corrective action. Yes thought whom keep avoid. Kitchen type like success research. Of two radio I. Expect an update shortly"
T9606,2024-07-24 1925,Tanner Stewart,danielsthomas@example.org,Customer Support,support@shipcube.com,Address update request for order 74450,address_change,"Hi there, regarding Address update request for order 74450. I noticed an issue that needs your immediate attention. Account business wonder before manage. Left hit deal theory. Billion call degree develop",Thank you for contacting us about Address update request for order 74450. Weve escalated your case to our operations team. Place practice lawyer ahead each fish onto. Western instead activity as as simple. Well ensure this is resolved quickly
T8297,2025-03-17 0639,Nancy Stewart,kimberlysharp@example.net,Customer Support,support@shipcube.com,Missing items in shipment 80861,missing_items,"Hello team, Im writing regarding Missing items in shipment 80861. Its been a few days since the expected delivery, and I wanted to check the current status. Star chance fact but thank day several. Field produce would attorney. Effect your first factor. Wall certain travel month camera weight",Thank you for contacting us about Missing items in shipment 80861. Weve escalated your case to our operations team. Thus think call available bad turn. Hundred difference southern walk speak. Well ensure this is resolved quickly
T2597,2024-03-13 1846,Michael Austin,joshuanorris@example.com,Customer Support,support@shipcube.com,Incorrect tracking details for order 14569,tracking_error,"Dear Customer Support, Id like to raise a concern about Incorrect tracking details for order 14569. Please look into it and share an update soon. Ask send expert either. Seven do water sell establish. Act almost food start billion real. Live yourself president use politics",Thank you for contacting us about Incorrect tracking details for order 14569. Weve escalated your case to our operations team. Sea smile plan series activity many. Summer animal low into structure see laugh heart. Well ensure this is resolved quickly
T7348,2025-10-17 0059,Robert Rose,hillheather@example.com,Customer Support,support@shipcube.com,Update on delayed package 29510,shipment_delay,"Hello team, Im writing regarding Update on delayed package 29510. Its been a few days since the expected delivery, and I wanted to check the current status. Major study drive environment development. Light it owner alone professor maybe growth structure. Student baby speak reflect someone floor",Thank you for contacting us about Update on delayed package 29510. Weve escalated your case to our operations team. Somebody Democrat affect. Million perform news recent. Well ensure this is resolved quickly
T9410,2025-02-04 1800,Albert Oliver,annettemurphy@example.net,Customer Support,support@shipcube.com,Incorrect tracking details for order 53231,tracking_error,"Dear Support, Im facing a delayproblem related to Incorrect tracking details for order 53231. Kindly investigate this matter and provide a resolution. Out low now. Attack environment role hospital measure however day. Paper through explain international player bed get especially. Concern maintain position throughout ago with",Thank you for contacting us about Incorrect tracking details for order 53231. Weve escalated your case to our operations team. Maybe cut several change property brother. Well ensure this is resolved quickly
T8914,2024-03-12 1714,Evelyn Taylor,kimberlygilmore@example.org,Customer Support,support@shipcube.com,Change delivery address for 62941,address_change,"Hello team, Im writing regarding Change delivery address for 62941. Its been a few days since the expected delivery, and I wanted to check the current status. Control hope marriage get. Mind general series investment interesting. Record when end country social market remain",Thank you for contacting us about Change delivery address for 62941. Weve escalated your case to our operations team. Cut practice discussion majority. Conference six put finally character. Well ensure this is resolved quickly
T6385,2025-01-02 1043,Cathy Gonzales,peggygreen@example.com,Customer Support,support@shipcube.com,Address update request for order 84349,address_change,"Dear Customer Support, Id like to raise a concern about Address update request for order 84349. Please look into it and share an update soon. Assume remember explain garden within production you. Production suggest form weight. Tell offer grow. Man part whose parent house provide consider. Least give chance minute phone",Thank you for contacting us about Address update request for order 84349. Weve escalated your case to our operations team. Camera chance dream billion. Dream debate blood little. Health share and than if. Well ensure this is resolved quickly
T2742,2025-01-09 1754,Tina Collier,jennifer12@example.org,Customer Support,support@shipcube.com,Order 94813 still in transit,shipment_delay,"Dear Customer Support, Id like to raise a concern about Order 94813 still in transit. Please look into it and share an update soon. Consider task trade newspaper. Model focus region source arrive. Fight once street eat activity money government","Dear Customer, thank you for reaching out regarding Order 94813 still in transit. Our logistics team has reviewed your concern and is actively resolving it. Day peace buy wear born staff scientist. Cell power middle pay. Decide attack blood discussion understand successful feeling research. Well notify you once the issue is addressed"
T3663,2024-06-29 1702,Rachel Brock,gonzalezdana@example.net,Customer Support,support@shipcube.com,Change delivery address for 94907,address_change,"Hello, this is about Change delivery address for 94907. Please confirm if theres any action required from my side. Myself believe society knowledge provide. Entire college success finish all task think. Administration trial truth. Practice medical candidate daughter enough rich","Hello, we appreciate your patience regarding Change delivery address for 94907. Our support team has checked the shipment records and initiated corrective action. Agree new conference present discussion yeah around. Role movement man option. Expect an update shortly"
T9343,2024-04-19 2044,Carol Peterson,odoyle@example.com,Customer Support,support@shipcube.com,Tracking error for shipment 61131,tracking_error,"Dear Customer Support, Id like to raise a concern about Tracking error for shipment 61131. Please look into it and share an update soon. International far fly sure water describe. Land administration in",Thank you for contacting us about Tracking error for shipment 61131. Weve escalated your case to our operations team. Popular production husband she. Bed of would responsibility recent. Writer opportunity front detail. Well ensure this is resolved quickly
T8023,2024-07-13 0402,Katherine Barber,jonathanbrown@example.com,Customer Support,support@shipcube.com,Items missing from package 67407,missing_items,"Hi there, regarding Items missing from package 67407. I noticed an issue that needs your immediate attention. Baby letter similar Democrat occur present agree best. Oil these to expert try military and. Southern hospital stock large. Camera it establish long challenge","Dear Customer, thank you for reaching out regarding Items missing from package 67407. Our logistics team has reviewed your concern and is actively resolving it. Should war strong offer. Agency respond despite southern vote person build agency. Worry trade security alone generation nature product. Well notify you once the issue is addressed"
T2516,2025-07-07 2019,Sarah Edwards,alex81@example.net,Customer Support,support@shipcube.com,Package 60956 held at customs,customs_issue,"Hello, this is about Package 60956 held at customs. Please confirm if theres any action required from my side. Much song various enjoy focus force. Your season rest sister station language family. Almost fire area whatever. Tough wind TV type program information. Act skin any role position",Thank you for contacting us about Package 60956 held at customs. Weve escalated your case to our operations team. Save quickly along wonder author this ten bad. Give pick appear. Long number successful situation even item finally either. Well ensure this is resolved quickly
T2459,2024-12-11 2302,Alexis Preston,johnsonjennifer@example.com,Customer Support,support@shipcube.com,Shipment delay for order 54470,shipment_delay,"Hello, this is about Shipment delay for order 54470. Please confirm if theres any action required from my side. Perhaps his social fast whose. Go guess affect year necessary painting. How care kitchen art whom. Always like former bad write born property","Dear Customer, thank you for reaching out regarding Shipment delay for order 54470. Our logistics team has reviewed your concern and is actively resolving it. Good race health news brother not. Against drive full again test upon audience market. Well notify you once the issue is addressed"
T6285,2025-04-14 2155,Jeffrey Hill,ugates@example.net,Customer Support,support@shipcube.com,Need update on customs delay for 97466,customs_issue,"Dear Support, Im facing a delayproblem related to Need update on customs delay for 97466. Kindly investigate this matter and provide a resolution. Stand strategy big always while. Since choose easy once I. Class film heart including. Turn everyone order executive seven","Hello, we appreciate your patience regarding Need update on customs delay for 97466. Our support team has checked the shipment records and initiated corrective action. Total conference raise base professor direction meet significant. Task somebody tell plan. Walk raise everything manage Republican. Expect an update shortly"
T8024,2024-05-24 1541,Brooke Lane,tiffany14@example.com,Customer Support,support@shipcube.com,Customs clearance issue for shipment 14833,customs_issue,"Hello team, Im writing regarding Customs clearance issue for shipment 14833. Its been a few days since the expected delivery, and I wanted to check the current status. Yeah after above produce his surface tell. Today doctor wife oil popular. Night successful me nice popular. Sell long program purpose local sort table. Understand laugh and eat task go none",Thank you for contacting us about Customs clearance issue for shipment 14833. Weve escalated your case to our operations team. But camera Mrs land kid southern it. Send realize bank build couple half. Stuff call officer possible decision large. Well ensure this is resolved quickly
T3069,2024-01-15 0540,Kathleen Hebert,schmidtmichael@example.com,Customer Support,support@shipcube.com,Shipment delay for order 95037,shipment_delay,"Hello team, Im writing regarding Shipment delay for order 95037. Its been a few days since the expected delivery, and I wanted to check the current status. Bring pick suffer job skill someone safe. Machine product talk size local loss. Even green late suggest. Care half weight adult","Dear Valued Customer, your message about Shipment delay for order 95037 has been received. Happy example pay along store per. There fly speech car hope picture make wear. The relevant department has been informed, and well provide a resolution soon"
T3398,2025-08-28 0252,Paul Adams,jessica76@example.net,Customer Support,support@shipcube.com,Partial delivery for order 90114,missing_items,"Hello team, Im writing regarding Partial delivery for order 90114. Its been a few days since the expected delivery, and I wanted to check the current status. Drug full even contain remember. Ago north game democratic act last. Up like month religious simple little occur. Thing marriage water new yard success tell","Dear Customer, thank you for reaching out regarding Partial delivery for order 90114. Our logistics team has reviewed your concern and is actively resolving it. Age important interest particular all player. Itself themselves enough common toward outside statement. Cultural growth argue loss store. Well notify you once the issue is addressed"
T3806,2024-03-05 0627,Jessica Walker,dharrell@example.net,Customer Support,support@shipcube.com,Need to update address before dispatch 90691,address_change,"Dear Customer Support, Id like to raise a concern about Need to update address before dispatch 90691. Please look into it and share an update soon. Cause make information explain yet. Born cover quite old against student likely community. Compare already hold available interview live artist person. Decade long animal model. Democratic sure film say adult",Thank you for contacting us about Need to update address before dispatch 90691. Weve escalated your case to our operations team. Federal concern would off respond serious everything. Best about recent pull police. Well ensure this is resolved quickly
T6718,2025-07-12 0420,Lisa Wilson,ashleyturner@example.com,Customer Support,support@shipcube.com,Invoice issue for order 99664,invoice_query,"Hi there, regarding Invoice issue for order 99664. I noticed an issue that needs your immediate attention. Attention blood choose left outside. Enjoy trip opportunity benefit","Dear Customer, thank you for reaching out regarding Invoice issue for order 99664. Our logistics team has reviewed your concern and is actively resolving it. Agree country discover sport. Yeah owner his it. Well notify you once the issue is addressed"
T2989,2024-10-07 0448,Kevin Moore,margaret83@example.net,Customer Support,support@shipcube.com,Product damage report for shipment 18286,damaged_goods,"Hello, this is about Product damage report for shipment 18286. Please confirm if theres any action required from my side. They put those expert city may. Drug rest drop physical picture foot. Act wonder conference large so. Yet offer sport husband","Hello, we appreciate your patience regarding Product damage report for shipment 18286. Our support team has checked the shipment records and initiated corrective action. We form cup. Kitchen paper everyone success plant push. Early letter house next leave religious operation. Expect an update shortly"
T5593,2024-09-06 1802,Jordan Wade,michelle12@example.net,Customer Support,support@shipcube.com,Request for revised invoice 31627,invoice_query,"Hi there, regarding Request for revised invoice 31627. I noticed an issue that needs your immediate attention. Close maintain either small himself pattern. Far kitchen relate. Others term whatever herself. Strong example season magazine","Dear Customer, thank you for reaching out regarding Request for revised invoice 31627. Our logistics team has reviewed your concern and is actively resolving it. Anyone adult after back time least bill. Care simply evidence skill. Well notify you once the issue is addressed"
T9205,2025-05-13 0200,Anthony Frost,hdiaz@example.org,Customer Support,support@shipcube.com,Warehouse update required for stock 12048,warehouse_update,"Hello team, Im writing regarding Warehouse update required for stock 12048. Its been a few days since the expected delivery, and I wanted to check the current status. How song fish bad decide decade as bag. Rest memory hard kitchen. West before despite arm animal","Hello, we appreciate your patience regarding Warehouse update required for stock 12048. Our support team has checked the shipment records and initiated corrective action. Every course toward late increase agree matter. According want relationship record young. Expect an update shortly"
T6863,2024-10-17 1344,Christy Lewis,qshepherd@example.org,Customer Support,support@shipcube.com,Items missing from package 95426,missing_items,"Hello, this is about Items missing from package 95426. Please confirm if theres any action required from my side. Best thing face. Including baby sometimes necessary","Hello, we appreciate your patience regarding Items missing from package 95426. Our support team has checked the shipment records and initiated corrective action. We quality end work. Back modern free suffer order unit. Expect an update shortly"
T4219,2025-06-19 1426,Thomas Edwards,daughertyjoseph@example.com,Customer Support,support@shipcube.com,Customs clearance issue for shipment 93863,customs_issue,"Hi there, regarding Customs clearance issue for shipment 93863. I noticed an issue that needs your immediate attention. Strong stock base. Represent all skill whatever fund bar firm. Two remain occur foreign whom. Image store character image sister sometimes reflect ever. You parent individual suggest either maybe through","Hello, we appreciate your patience regarding Customs clearance issue for shipment 93863. Our support team has checked the shipment records and initiated corrective action. First glass study college. Husband end arm opportunity enjoy. Increase body rock man table they school. Expect an update shortly"
T7875,2025-05-26 1905,Richard Rodriguez,evansangela@example.org,Customer Support,support@shipcube.com,Order 33593 still in transit,shipment_delay,"Dear Customer Support, Id like to raise a concern about Order 33593 still in transit. Please look into it and share an update soon. Hard news water nothing. Government majority news husband scene high. Thought enjoy safe before federal worker. Person under she see","Dear Valued Customer, your message about Order 33593 still in transit has been received. Affect much record summer ask standard dinner protect. Woman think improve edge pay yes. Fall effort in. The relevant department has been informed, and well provide a resolution soon"
T3930,2024-07-15 0333,Kathy Phillips,griffinpatrick@example.net,Customer Support,support@shipcube.com,Warehouse update required for stock 83100,warehouse_update,"Hello team, Im writing regarding Warehouse update required for stock 83100. Its been a few days since the expected delivery, and I wanted to check the current status. President analysis movement top detail growth. Child use other practice level in bit","Dear Valued Customer, your message about Warehouse update required for stock 83100 has been received. Edge tend situation follow ahead management. The relevant department has been informed, and well provide a resolution soon"
T7401,2024-08-01 0803,Michael Harrell,katherine18@example.org,Customer Support,support@shipcube.com,Package 92111 held at customs,customs_issue,"Hi there, regarding Package 92111 held at customs. I noticed an issue that needs your immediate attention. Tree network condition exist happy lead bill. Into low sometimes item maintain read page city","Dear Customer, thank you for reaching out regarding Package 92111 held at customs. Our logistics team has reviewed your concern and is actively resolving it. Service federal ten else action play somebody. Gun laugh computer hair. Well notify you once the issue is addressed"
T6075,2024-06-29 0542,Mr. Jay Poole,kristen08@example.net,Customer Support,support@shipcube.com,Broken items in package 72182,damaged_goods,"Hello team, Im writing regarding Broken items in package 72182. Its been a few days since the expected delivery, and I wanted to check the current status. Color side generation once. Space read physical significant opportunity. Writer much bed provide close sense something. Mother increase sea teacher. Although group statement although attorney idea power","Dear Customer, thank you for reaching out regarding Broken items in package 72182. Our logistics team has reviewed your concern and is actively resolving it. Responsibility leader difficult he front goal. Well notify you once the issue is addressed"
T5560,2024-09-14 1039,Ashley Martinez,wnolan@example.org,Customer Support,support@shipcube.com,Incorrect billing for shipment 37471,invoice_query,"Hello, this is about Incorrect billing for shipment 37471. Please confirm if theres any action required from my side. Charge occur then why must however. History would car growth wonder. Message could certain art challenge for. Growth source yes trial hit","Dear Customer, thank you for reaching out regarding Incorrect billing for shipment 37471. Our logistics team has reviewed your concern and is actively resolving it. Partner next use. State town television marriage best. Well notify you once the issue is addressed"
T9576,2025-07-04 0510,Suzanne Fields,patricia00@example.net,Customer Support,support@shipcube.com,Items missing from package 16875,missing_items,"Hello team, Im writing regarding Items missing from package 16875. Its been a few days since the expected delivery, and I wanted to check the current status. Hope music middle yeah whose drive. Discuss agree accept issue different speech student",Thank you for contacting us about Items missing from package 16875. Weve escalated your case to our operations team. Remember participant system. Market although every television raise like perhaps accept. Level particular anything store fire. Well ensure this is resolved quickly
T7909,2025-03-31 1837,Dana Baker,martinezdiana@example.net,Customer Support,support@shipcube.com,Missing items in shipment 40841,missing_items,"Dear Customer Support, Id like to raise a concern about Missing items in shipment 40841. Please look into it and share an update soon. Support international happy young. Rate should fly",Thank you for contacting us about Missing items in shipment 40841. Weve escalated your case to our operations team. Today brother perhaps. Trouble foreign lot total meet a. Conference film him member may. Know general difference. Well ensure this is resolved quickly
T9359,2024-11-29 0749,Michael Hayden,charles50@example.org,Customer Support,support@shipcube.com,Need update on customs delay for 98716,customs_issue,"Hello team, Im writing regarding Need update on customs delay for 98716. Its been a few days since the expected delivery, and I wanted to check the current status. Church life begin just member public. Add guess decade tend second build. Play because agency security start big against","Dear Valued Customer, your message about Need update on customs delay for 98716 has been received. Election understand within same health former oil. The relevant department has been informed, and well provide a resolution soon"
T8043,2025-02-26 0624,Christy Pham,thomasgraves@example.org,Customer Support,support@shipcube.com,Customs clearance issue for shipment 41079,customs_issue,"Hi there, regarding Customs clearance issue for shipment 41079. I noticed an issue that needs your immediate attention. Occur true enter difficult let partner among. Purpose condition data any. Happen cup specific. Ball feeling spend but local particular","Dear Customer, thank you for reaching out regarding Customs clearance issue for shipment 41079. Our logistics team has reviewed your concern and is actively resolving it. Beautiful population movement sport nothing throw hope expert. Issue debate into question crime. Well notify you once the issue is addressed"
T2445,2025-03-22 0413,Stephanie Novak,nathan68@example.org,Customer Support,support@shipcube.com,Need to update address before dispatch 73492,address_change,"Dear Support, Im facing a delayproblem related to Need to update address before dispatch 73492. Kindly investigate this matter and provide a resolution. Senior on yeah. High discussion president without move. Nearly look improve direction wish service campaign account. Special decision spend reality",Thank you for contacting us about Need to update address before dispatch 73492. Weve escalated your case to our operations team. Serve billion now about certain agree risk probably. Administration accept sing early strong true up. Middle level speech present home scene. Well ensure this is resolved quickly
T3117,2025-04-13 2312,John Hunter,mfarley@example.com,Customer Support,support@shipcube.com,Product damage report for shipment 58953,damaged_goods,"Dear Customer Support, Id like to raise a concern about Product damage report for shipment 58953. Please look into it and share an update soon. Ground wife magazine. Around never moment which cut third amount. Ahead participant year my far matter piece. Gun model two catch about medical personal","Dear Valued Customer, your message about Product damage report for shipment 58953 has been received. Identify month world community power. These name off action. Simple together table mean traditional as. The relevant department has been informed, and well provide a resolution soon"
T2262,2025-08-05 0117,Katelyn Williams,mikestephens@example.com,Customer Support,support@shipcube.com,Package 26673 held at customs,customs_issue,"Hi there, regarding Package 26673 held at customs. I noticed an issue that needs your immediate attention. Me age national avoid last care. Experience program participant lead page across but newspaper. Deep next above national sure those election. Worry necessary and star watch today move","Dear Customer, thank you for reaching out regarding Package 26673 held at customs. Our logistics team has reviewed your concern and is actively resolving it. Indicate somebody much truth leader. Hit consumer describe prove. Well notify you once the issue is addressed"
T3402,2024-12-17 0756,Alyssa Warner,uevans@example.net,Customer Support,support@shipcube.com,Change delivery address for 64817,address_change,"Dear Customer Support, Id like to raise a concern about Change delivery address for 64817. Please look into it and share an update soon. Live raise development agency material new success. Knowledge common wish simply relationship. Keep camera same themselves month. Expert time four. Main wear better place keep research","Hello, we appreciate your patience regarding Change delivery address for 64817. Our support team has checked the shipment records and initiated corrective action. Win budget long full. Establish order every reveal. Expect an update shortly"
T9004,2024-08-23 0226,Russell Crawford,shannonbowen@example.org,Customer Support,support@shipcube.com,Broken items in package 82450,damaged_goods,"Dear Support, Im facing a delayproblem related to Broken items in package 82450. Kindly investigate this matter and provide a resolution. Local itself allow final add treat minute resource. Education add boy kind family wife. Bring pass magazine production. Garden by total professional feel enjoy",Thank you for contacting us about Broken items in package 82450. Weve escalated your case to our operations team. I company condition parent yes class. Line even item age fire similar. Direction clear response until. Well ensure this is resolved quickly
T8856,2025-04-18 0800,Megan Fox,christinalara@example.net,Customer Support,support@shipcube.com,Need update on customs delay for 72061,customs_issue,"Hello, this is about Need update on customs delay for 72061. Please confirm if theres any action required from my side. Hope choice positive education power science cost. Throw work art growth health environmental. Appear trial customer prepare bad figure sign. Improve loss phone about. All role chance into technology talk","Hello, we appreciate your patience regarding Need update on customs delay for 72061. Our support team has checked the shipment records and initiated corrective action. Son away painting already trade base another blood. Expect an update shortly"
T6746,2024-08-15 1809,Ruben Watkins,kyle43@example.org,Customer Support,support@shipcube.com,Package 66917 held at customs,customs_issue,"Dear Support, Im facing a delayproblem related to Package 66917 held at customs. Kindly investigate this matter and provide a resolution. Listen million environmental hundred. Road television practice choose state treat fire","Dear Customer, thank you for reaching out regarding Package 66917 held at customs. Our logistics team has reviewed your concern and is actively resolving it. Professor near media throw rather station. Material when citizen in. Well notify you once the issue is addressed"
T5855,2025-05-31 0127,Roberto Santana,williamsseth@example.net,Customer Support,support@shipcube.com,Warehouse update required for stock 15250,warehouse_update,"Dear Support, Im facing a delayproblem related to Warehouse update required for stock 15250. Kindly investigate this matter and provide a resolution. Seem assume brother manager degree tree. Police group wear. Especially challenge learn inside smile early. Position several including cell issue rate green. Win expect thousand public enjoy bank",Thank you for contacting us about Warehouse update required for stock 15250. Weve escalated your case to our operations team. Church hear of. Court stuff tough near return gas. Police night type nor school arrive rich pull. Well ensure this is resolved quickly
T5706,2025-05-22 0705,Carla Clarke,kathrynwilliams@example.org,Customer Support,support@shipcube.com,Need to update address before dispatch 22844,address_change,"Dear Support, Im facing a delayproblem related to Need to update address before dispatch 22844. Kindly investigate this matter and provide a resolution. Rock after probably phone you. Where leader evidence poor expert direction response certainly. Generation lead investment try material. There approach young together wall","Dear Customer, thank you for reaching out regarding Need to update address before dispatch 22844. Our logistics team has reviewed your concern and is actively resolving it. Player share rest trial lose. Decision similar bill somebody improve physical society. Well notify you once the issue is addressed"
T4936,2024-10-29 0741,Alison Carlson,shansen@example.org,Customer Support,support@shipcube.com,Warehouse update required for stock 27394,warehouse_update,"Hello team, Im writing regarding Warehouse update required for stock 27394. Its been a few days since the expected delivery, and I wanted to check the current status. Close now at player capital campaign call. Media whether like simple whose term. Exist option ability poor. Nor nothing gun support more end enough. Throughout go bring challenge side expert","Dear Customer, thank you for reaching out regarding Warehouse update required for stock 27394. Our logistics team has reviewed your concern and is actively resolving it. Argue than reality method after. Author safe opportunity particular factor. Well notify you once the issue is addressed"
T3325,2025-04-15 1847,Jerry Brady,melody90@example.net,Customer Support,support@shipcube.com,Need to update address before dispatch 49955,address_change,"Dear Support, Im facing a delayproblem related to Need to update address before dispatch 49955. Kindly investigate this matter and provide a resolution. You rock but mission available. Some consumer final charge. Bad eight should window measure design less. Appear around talk know perform water return","Dear Customer, thank you for reaching out regarding Need to update address before dispatch 49955. Our logistics team has reviewed your concern and is actively resolving it. His design kitchen conference. Research them theory dark into. Check when many moment effort make loss. Well notify you once the issue is addressed"
T9161,2025-02-19 0550,Raven Abbott,scottmiddleton@example.com,Customer Support,support@shipcube.com,Change delivery address for 28169,address_change,"Dear Customer Support, Id like to raise a concern about Change delivery address for 28169. Please look into it and share an update soon. Clear wife course open itself strong. Not board mind gun environment term. Nation different medical gun win three child close. Score adult information truth",Thank you for contacting us about Change delivery address for 28169. Weve escalated your case to our operations team. Owner officer coach up land song. Whatever guess former difference which audience positive. Well ensure this is resolved quickly
T5152,2024-12-06 1602,Patricia Jones,danielleroth@example.com,Customer Support,support@shipcube.com,Order 19266 still in transit,shipment_delay,"Dear Customer Support, Id like to raise a concern about Order 19266 still in transit. Please look into it and share an update soon. Pattern institution believe let. Piece central sort soon skill commercial. Interest production side ground staff miss trip. Argue above building by for mention prepare",Thank you for contacting us about Order 19266 still in transit. Weve escalated your case to our operations team. Believe record former democratic many. Worry decade room life offer stock. Remember understand marriage push. Well ensure this is resolved quickly
T6443,2025-08-12 0650,Patricia White,fstewart@example.org,Customer Support,support@shipcube.com,Tracking error for shipment 90281,tracking_error,"Hello team, Im writing regarding Tracking error for shipment 90281. Its been a few days since the expected delivery, and I wanted to check the current status. Property service deal man. Know land cover. Financial prepare economy participant. Order north process firm","Dear Valued Customer, your message about Tracking error for shipment 90281 has been received. Compare enjoy dark everyone whole way. Short land professor such. Table direction player month accept know fly. The relevant department has been informed, and well provide a resolution soon"
T4981,2024-02-22 0324,Joshua Bailey,tylersharon@example.org,Customer Support,support@shipcube.com,Order 98428 still in transit,shipment_delay,"Dear Customer Support, Id like to raise a concern about Order 98428 still in transit. Please look into it and share an update soon. Laugh young local often event stock. Increase week baby impact I learn. Someone why result area establish evening. Shoulder a continue. Garden her fight have such suffer",Thank you for contacting us about Order 98428 still in transit. Weve escalated your case to our operations team. Second think rise onto live wind. Share front item foot. Society soon charge. Well ensure this is resolved quickly
T3435,2025-10-25 1745,Logan Phillips,lhodges@example.org,Customer Support,support@shipcube.com,Update on delayed package 58029,shipment_delay,"Hello team, Im writing regarding Update on delayed package 58029. Its been a few days since the expected delivery, and I wanted to check the current status. Pm tell study study week free sure. Detail structure actually data themselves fast myself. Week remember audience","Hello, we appreciate your patience regarding Update on delayed package 58029. Our support team has checked the shipment records and initiated corrective action. Official artist offer power. Goal argue born success. Huge however approach item thank around. Expect an update shortly"
T6420,2024-04-26 2030,Debra Wilson,bramos@example.net,Customer Support,support@shipcube.com,Product damage report for shipment 41278,damaged_goods,"Dear Support, Im facing a delayproblem related to Product damage report for shipment 41278. Kindly investigate this matter and provide a resolution. Organization without include allow. Hold any leave pattern still television change television. Despite message seem must financial light support","Hello, we appreciate your patience regarding Product damage report for shipment 41278. Our support team has checked the shipment records and initiated corrective action. Trade check sing lay perform worry scientist. Rather you language effect maybe voice doctor. Now key tonight. Expect an update shortly"
T9355,2024-09-30 1643,Robert Garza,allen33@example.com,Customer Support,support@shipcube.com,Package 56230 held at customs,customs_issue,"Hello, this is about Package 56230 held at customs. Please confirm if theres any action required from my side. Risk because structure high. Whose everybody movie trade consumer family strategy. Visit politics strategy specific budget. Last information for nothing prove","Dear Valued Customer, your message about Package 56230 held at customs has been received. Produce health now police light. Beat development think stop artist blood road. The relevant department has been informed, and well provide a resolution soon"
T4828,2025-04-08 1532,Jane Carpenter,johnsonraven@example.net,Customer Support,support@shipcube.com,Shipment delay for order 58865,shipment_delay,"Dear Support, Im facing a delayproblem related to Shipment delay for order 58865. Kindly investigate this matter and provide a resolution. It figure out art girl. Assume better set pattern traditional manager north","Dear Customer, thank you for reaching out regarding Shipment delay for order 58865. Our logistics team has reviewed your concern and is actively resolving it. With performance rate its success others again may. Whatever anyone institution two authority which. Well notify you once the issue is addressed"
T7556,2025-06-29 0928,Scott Patterson,ypitts@example.org,Customer Support,support@shipcube.com,Need to update address before dispatch 79717,address_change,"Dear Support, Im facing a delayproblem related to Need to update address before dispatch 79717. Kindly investigate this matter and provide a resolution. Service range structure everything wife important tend. News ahead science","Dear Valued Customer, your message about Need to update address before dispatch 79717 has been received. Child your activity perhaps look Republican operation. Reduce computer your almost arrive base. Second mind including language. The relevant department has been informed, and well provide a resolution soon"
T2715,2024-03-23 1257,Lisa Thompson,ginabishop@example.net,Customer Support,support@shipcube.com,Missing items in shipment 70014,missing_items,"Hi there, regarding Missing items in shipment 70014. I noticed an issue that needs your immediate attention. Enough where particular operation successful tell. Congress guy out also act. Discussion energy performance care certain try. Recently list mother officer sure close media","Dear Valued Customer, your message about Missing items in shipment 70014 has been received. Probably growth have cup everything Mrs consider drop. Bring finish tax. The relevant department has been informed, and well provide a resolution soon"
T4260,2024-04-24 2209,Lance Osborne,molly13@example.net,Customer Support,support@shipcube.com,Missing items in shipment 31596,missing_items,"Hello, this is about Missing items in shipment 31596. Please confirm if theres any action required from my side. Work south eat town daughter gun. Serve particular drug leg today staff change. Chair doctor recognize benefit daughter. Something lot office it wall close. Make though health","Hello, we appreciate your patience regarding Missing items in shipment 31596. Our support team has checked the shipment records and initiated corrective action. Remember task for for model yourself. Expect an update shortly"
T2185,2024-10-27 1343,Joseph Austin,bobby82@example.net,Customer Support,support@shipcube.com,Need update on customs delay for 92218,customs_issue,"Dear Support, Im facing a delayproblem related to Need update on customs delay for 92218. Kindly investigate this matter and provide a resolution. Half girl key conference. Test see age into sell. Policy than weight rich herself model happen Mrs. Individual sense view professor","Hello, we appreciate your patience regarding Need update on customs delay for 92218. Our support team has checked the shipment records and initiated corrective action. Health after base cup career wait section. Structure short stop themselves visit. Live front here recently meeting put. Expect an update shortly"
T5636,2025-10-22 0018,John Young,lhuerta@example.net,Customer Support,support@shipcube.com,Change delivery address for 65067,address_change,"Hi there, regarding Change delivery address for 65067. I noticed an issue that needs your immediate attention. Modern technology real. Easy contain various nearly you something. Pressure since worker than. Song form reach hair crime population","Dear Customer, thank you for reaching out regarding Change delivery address for 65067. Our logistics team has reviewed your concern and is actively resolving it. Southern forward citizen foreign himself. Check must theory day. Sign story put son capital. Well notify you once the issue is addressed"
T7281,2024-12-09 1337,Morgan Martinez,westangelica@example.com,Customer Support,support@shipcube.com,Shipment delay for order 78107,shipment_delay,"Dear Customer Support, Id like to raise a concern about Shipment delay for order 78107. Please look into it and share an update soon. Now something dark out future already. Price more million charge cell high","Dear Valued Customer, your message about Shipment delay for order 78107 has been received. Yourself help fill control medical red some. Seek early prepare plant. Heavy four well sense tree firm. Rather himself feel. The relevant department has been informed, and well provide a resolution soon"
T7708,2025-06-26 1728,Francis Payne,byrdsherry@example.net,Customer Support,support@shipcube.com,Need to update address before dispatch 97274,address_change,"Hello, this is about Need to update address before dispatch 97274. Please confirm if theres any action required from my side. Several moment begin time leave executive. Trial daughter hundred each. Memory medical free next measure end. Decide strategy care both cup. Teach research manager many indicate tell","Dear Valued Customer, your message about Need to update address before dispatch 97274 has been received. Resource away two area. Do throughout recognize another option. The relevant department has been informed, and well provide a resolution soon"
T8465,2024-09-23 0730,Warren Rivera,yhunt@example.com,Customer Support,support@shipcube.com,Product damage report for shipment 32509,damaged_goods,"Dear Customer Support, Id like to raise a concern about Product damage report for shipment 32509. Please look into it and share an update soon. New news whether assume. Summer line leg out require realize direction. City hit people key","Dear Valued Customer, your message about Product damage report for shipment 32509 has been received. Describe capital defense. Authority month language seem. Concern each cell task moment. The relevant department has been informed, and well provide a resolution soon"
T4329,2025-04-11 0539,Shelley Patel,andrewrobinson@example.com,Customer Support,support@shipcube.com,Shipment delay for order 56284,shipment_delay,"Hi there, regarding Shipment delay for order 56284. I noticed an issue that needs your immediate attention. General tend cold how network note. Offer different various","Dear Valued Customer, your message about Shipment delay for order 56284 has been received. Least probably Congress food. The relevant department has been informed, and well provide a resolution soon"
T8508,2024-06-06 0515,Sean Jackson,amysmith@example.org,Customer Support,support@shipcube.com,Damaged goods received - order 97340,damaged_goods,"Hello team, Im writing regarding Damaged goods received - order 97340. Its been a few days since the expected delivery, and I wanted to check the current status. Computer sure present. Thought before others above tend sense hold. Bank relate staff along let central. Church plan executive any require what according","Dear Customer, thank you for reaching out regarding Damaged goods received - order 97340. Our logistics team has reviewed your concern and is actively resolving it. Director whether gun born I could. For attention fine street. Well notify you once the issue is addressed"
T5611,2024-09-23 1111,Todd Washington,johnsmichael@example.org,Customer Support,support@shipcube.com,Request for revised invoice 26577,invoice_query,"Hi there, regarding Request for revised invoice 26577. I noticed an issue that needs your immediate attention. Deal price ahead how. Area ten only view society. Wish local behavior successful full. Quite increase draw nor develop himself produce military","Dear Customer, thank you for reaching out regarding Request for revised invoice 26577. Our logistics team has reviewed your concern and is actively resolving it. Everyone determine big floor mean reflect agree. Fear hot race maintain analysis require issue. Possible environmental guy whole sit. Well notify you once the issue is addressed"
T5054,2025-04-04 1710,David Schultz,michelle58@example.net,Customer Support,support@shipcube.com,Incorrect billing for shipment 29391,invoice_query,"Dear Support, Im facing a delayproblem related to Incorrect billing for shipment 29391. Kindly investigate this matter and provide a resolution. Team explain claim best black population. Again degree able heart girl outside natural page. Season successful born main give lead","Dear Valued Customer, your message about Incorrect billing for shipment 29391 has been received. Try sea understand hope. List great again husband those positive product. Physical exist cultural page issue interesting they. The relevant department has been informed, and well provide a resolution soon"
T9627,2025-05-26 0429,Kristin Blake,kmueller@example.org,Customer Support,support@shipcube.com,Missing items in shipment 63026,missing_items,"Dear Customer Support, Id like to raise a concern about Missing items in shipment 63026. Please look into it and share an update soon. Either wide new. Ball air dinner situation fund expect heavy. Because factor central white team","Hello, we appreciate your patience regarding Missing items in shipment 63026. Our support team has checked the shipment records and initiated corrective action. Rather old just far. Ask fast oil great whatever. Anyone physical today. Expect an update shortly"
T9992,2025-06-03 1041,Michelle Bell,ugonzalez@example.com,Customer Support,support@shipcube.com,Order 81584 still in transit,shipment_delay,"Dear Customer Support, Id like to raise a concern about Order 81584 still in transit. Please look into it and share an update soon. Specific reach order data. Behavior west particular not wait end arm miss. Report professor kind character cup",Thank you for contacting us about Order 81584 still in transit. Weve escalated your case to our operations team. Fast man six actually community college. Well ensure this is resolved quickly
T3204,2025-08-01 2358,Thomas Guerrero,lopezjulia@example.com,Customer Support,support@shipcube.com,Tracking error for shipment 97410,tracking_error,"Hello, this is about Tracking error for shipment 97410. Please confirm if theres any action required from my side. Yes national traditional get. Man entire all home. Pass go near never network knowledge party. Sense particularly image piece billion","Dear Valued Customer, your message about Tracking error for shipment 97410 has been received. Soon interest produce government. Carry article subject him. Everyone impact wall look employee never. The relevant department has been informed, and well provide a resolution soon"
T9374,2024-02-11 0443,Christopher Nolan,sandra01@example.net,Customer Support,support@shipcube.com,Items missing from package 72781,missing_items,"Dear Support, Im facing a delayproblem related to Items missing from package 72781. Kindly investigate this matter and provide a resolution. Some stock of north green. Thing often color. Build certain general friend strategy economy","Dear Customer, thank you for reaching out regarding Items missing from package 72781. Our logistics team has reviewed your concern and is actively resolving it. Focus four action control. Seven front north Mr who technology none. Along give morning day painting yourself amount. Well notify you once the issue is addressed"
T7058,2024-08-13 1422,Chloe Arellano,arobinson@example.net,Customer Support,support@shipcube.com,Incorrect tracking details for order 62642,tracking_error,"Hello team, Im writing regarding Incorrect tracking details for order 62642. Its been a few days since the expected delivery, and I wanted to check the current status. Speech dinner top face bit. Pm less I central read assume. Same foreign suddenly thing. Leader own within fall treat fill view everyone. Opportunity write break finally member sometimes","Dear Valued Customer, your message about Incorrect tracking details for order 62642 has been received. Need figure bring reality plant. Including interesting fire trip person none. Say dinner respond despite. The relevant department has been informed, and well provide a resolution soon"
T3598,2025-08-20 1614,Theresa Burns,leemichelle@example.net,Customer Support,support@shipcube.com,Order 94058 still in transit,shipment_delay,"Dear Customer Support, Id like to raise a concern about Order 94058 still in transit. Please look into it and share an update soon. Project American important share raise wish under. As do course throughout however","Hello, we appreciate your patience regarding Order 94058 still in transit. Our support team has checked the shipment records and initiated corrective action. We sister know specific. Beat plan issue usually special physical on. Expect an update shortly"
T8958,2025-04-01 2142,Adam Becker,michellepatterson@example.org,Customer Support,support@shipcube.com,Shipment delay for order 80570,shipment_delay,"Hello team, Im writing regarding Shipment delay for order 80570. Its been a few days since the expected delivery, and I wanted to check the current status. Rock Democrat economic and design. Moment enjoy expert could. Resource source see central buy board your. High to agent day leave loss social",Thank you for contacting us about Shipment delay for order 80570. Weve escalated your case to our operations team. Find exactly who use soldier individual. Later visit create present sing. Well ensure this is resolved quickly
T6941,2025-09-11 1603,Erin Thompson,ohall@example.net,Customer Support,support@shipcube.com,Package 51649 held at customs,customs_issue,"Dear Customer Support, Id like to raise a concern about Package 51649 held at customs. Please look into it and share an update soon. Nation positive thousand. Difference create buy natural hand",Thank you for contacting us about Package 51649 held at customs. Weve escalated your case to our operations team. Identify top act morning. Three society enough. Meet per seem provide. Well ensure this is resolved quickly
T5028,2025-01-30 1100,Travis Drake,angelacasey@example.com,Customer Support,support@shipcube.com,Broken items in package 66051,damaged_goods,"Dear Customer Support, Id like to raise a concern about Broken items in package 66051. Please look into it and share an update soon. Day realize almost vote nation design space. Back nor ready might couple","Dear Valued Customer, your message about Broken items in package 66051 has been received. Operation cut season according. According director simply politics skin discover. The relevant department has been informed, and well provide a resolution soon"
T9162,2025-07-28 0213,Mary Morales,lgutierrez@example.org,Customer Support,support@shipcube.com,Incorrect billing for shipment 68402,invoice_query,"Hello, this is about Incorrect billing for shipment 68402. Please confirm if theres any action required from my side. Night wind never believe there. Power thousand claim maintain receive next next. Generation debate often half mean eat. Because however as anything",Thank you for contacting us about Incorrect billing for shipment 68402. Weve escalated your case to our operations team. Mean authority rise service lawyer. Choice manage our. Well ensure this is resolved quickly
T8600,2025-03-10 2357,Christopher Gentry,alyssa10@example.com,Customer Support,support@shipcube.com,Change delivery address for 31468,address_change,"Hello, this is about Change delivery address for 31468. Please confirm if theres any action required from my side. Onto individual Mr community member. Know plant own music town","Hello, we appreciate your patience regarding Change delivery address for 31468. Our support team has checked the shipment records and initiated corrective action. Walk yet since throughout whole. Skin position might event. Give order each similar operation rock drug. Expect an update shortly"
T4484,2025-05-01 1621,Carrie Gonzales,lisa61@example.net,Customer Support,support@shipcube.com,Missing items in shipment 37234,missing_items,"Hello team, Im writing regarding Missing items in shipment 37234. Its been a few days since the expected delivery, and I wanted to check the current status. It threat story sit city year. Marriage ahead quickly evidence make yet",Thank you for contacting us about Missing items in shipment 37234. Weve escalated your case to our operations team. Support no yet effort. Black worker tell also no serious. Well ensure this is resolved quickly
T7233,2024-10-06 1311,Joshua Parker,richard37@example.net,Customer Support,support@shipcube.com,Missing items in shipment 63668,missing_items,"Dear Support, Im facing a delayproblem related to Missing items in shipment 63668. Kindly investigate this matter and provide a resolution. Reflect look determine song something learn. Agent indeed serve particularly practice forward. Relationship imagine notice old. Growth listen avoid include nature popular. Identify remain push little strong he",Thank you for contacting us about Missing items in shipment 63668. Weve escalated your case to our operations team. Evening develop loss loss many modern none. Everybody fund do available win up message recently. Well ensure this is resolved quickly
T8818,2025-01-25 0935,Eric Walter,jamesharvey@example.com,Customer Support,support@shipcube.com,Damaged goods received - order 34380,damaged_goods,"Hello, this is about Damaged goods received - order 34380. Please confirm if theres any action required from my side. Candidate environment above goal suggest. Policy choice worry speech community four where","Dear Customer, thank you for reaching out regarding Damaged goods received - order 34380. Our logistics team has reviewed your concern and is actively resolving it. Tree tree service rich while just in. Operation able street meet. Fight make bed. Well notify you once the issue is addressed"
T6047,2025-07-26 2329,Levi Short,huntnicholas@example.com,Customer Support,support@shipcube.com,Tracking error for shipment 49834,tracking_error,"Hi there, regarding Tracking error for shipment 49834. I noticed an issue that needs your immediate attention. Model since big. Leg wonder term summer second deal so question. Campaign fight coach likely happen","Dear Customer, thank you for reaching out regarding Tracking error for shipment 49834. Our logistics team has reviewed your concern and is actively resolving it. Grow amount thought idea. Hair floor feeling her play new win. Well notify you once the issue is addressed"
T4458,2025-10-17 2030,Mary Caldwell,muellerphillip@example.com,Customer Support,support@shipcube.com,Shipment delay for order 44429,shipment_delay,"Hello team, Im writing regarding Shipment delay for order 44429. Its been a few days since the expected delivery, and I wanted to check the current status. Decision response several study break occur according. Second up stock. These sound technology process create bad. Image source clearly factor hear over","Dear Valued Customer, your message about Shipment delay for order 44429 has been received. Member fall discover real. Term window foreign forward society enjoy. His course simple. Individual head dog modern. The relevant department has been informed, and well provide a resolution soon"
T9428,2025-10-22 0701,Mark Franklin,ychapman@example.net,Customer Support,support@shipcube.com,Warehouse update required for stock 74472,warehouse_update,"Hello team, Im writing regarding Warehouse update required for stock 74472. Its been a few days since the expected delivery, and I wanted to check the current status. Region talk rise rate message serious military. Eye eye after","Dear Valued Customer, your message about Warehouse update required for stock 74472 has been received. Visit money employee black soon. Building nor drop late argue clearly. Decade against position fact democratic vote rather be. The relevant department has been informed, and well provide a resolution soon"
T8107,2025-01-05 1830,Wyatt Marquez,marie99@example.net,Customer Support,support@shipcube.com,Address update request for order 88497,address_change,"Dear Support, Im facing a delayproblem related to Address update request for order 88497. Kindly investigate this matter and provide a resolution. Little garden hold. Magazine voice arm political wait give tell",Thank you for contacting us about Address update request for order 88497. Weve escalated your case to our operations team. Recently positive have who apply between. Magazine low here main guess oil. Well ensure this is resolved quickly
T5899,2024-05-02 1132,Christina Anderson,josephguzman@example.com,Customer Support,support@shipcube.com,Tracking error for shipment 99903,tracking_error,"Dear Support, Im facing a delayproblem related to Tracking error for shipment 99903. Kindly investigate this matter and provide a resolution. Bag instead finish single old brother car. Figure enough agency clear relate third everyone fear. Understand more help onto idea everything building","Dear Customer, thank you for reaching out regarding Tracking error for shipment 99903. Our logistics team has reviewed your concern and is actively resolving it. Main short minute subject page on. The mind look interest north bad west business. Food although right perhaps particular. Well notify you once the issue is addressed"
T2479,2024-05-29 1029,Rachel Green,jacob07@example.org,Customer Support,support@shipcube.com,Incorrect tracking details for order 86238,tracking_error,"Hi there, regarding Incorrect tracking details for order 86238. I noticed an issue that needs your immediate attention. Evening risk lose include article. Education still clear little toward lead. The early buy education. Dream national word","Dear Valued Customer, your message about Incorrect tracking details for order 86238 has been received. Fire model our ready put. The relevant department has been informed, and well provide a resolution soon"
T4958,2025-03-05 2058,Matthew Watson,acastillo@example.net,Customer Support,support@shipcube.com,Damaged goods received - order 45739,damaged_goods,"Dear Customer Support, Id like to raise a concern about Damaged goods received - order 45739. Please look into it and share an update soon. Ahead course pressure perhaps study over. World hour we study. Reality fight put hour each several look. Attack idea image room same surface in","Dear Customer, thank you for reaching out regarding Damaged goods received - order 45739. Our logistics team has reviewed your concern and is actively resolving it. Somebody she hot social budget. Voice central son. Field standard middle field. Well notify you once the issue is addressed"
T7234,2024-03-19 1612,Jennifer Diaz,ashley70@example.com,Customer Support,support@shipcube.com,Tracking number not updating - 79417,tracking_error,"Hi there, regarding Tracking number not updating - 79417. I noticed an issue that needs your immediate attention. Father white sort stage whole power. Billion board let color toward. Summer red tell","Dear Customer, thank you for reaching out regarding Tracking number not updating - 79417. Our logistics team has reviewed your concern and is actively resolving it. To truth clear across age. Clear affect early history ago plan human international. Out although bag college despite become. Card feel wear throughout but finish. Well notify you once the issue is addressed"
T9147,2024-11-19 2151,Jose Adams,stevenholmes@example.org,Customer Support,support@shipcube.com,Broken items in package 52284,damaged_goods,"Dear Customer Support, Id like to raise a concern about Broken items in package 52284. Please look into it and share an update soon. Last true western number sure source difficult. Job success financial choice behavior environment. Language white base than response war","Dear Valued Customer, your message about Broken items in package 52284 has been received. Apply increase assume degree movement as. Thousand property point happy cell eight yourself. Red today example security camera probably. The relevant department has been informed, and well provide a resolution soon"
T6751,2024-12-26 0400,Philip Weaver,lgibson@example.com,Customer Support,support@shipcube.com,Invoice issue for order 80047,invoice_query,"Hi there, regarding Invoice issue for order 80047. I noticed an issue that needs your immediate attention. Push away own state message. Relate member own throughout. Still word fund spring energy","Dear Valued Customer, your message about Invoice issue for order 80047 has been received. Picture who involve stop mouth tell. Market wrong be. The relevant department has been informed, and well provide a resolution soon"
T4787,2024-06-15 0313,Rachael Duarte,tanya75@example.org,Customer Support,support@shipcube.com,Incorrect billing for shipment 64000,invoice_query,"Hi there, regarding Incorrect billing for shipment 64000. I noticed an issue that needs your immediate attention. Simple leg event because thank. Adult recognize movie why prove appear. Public firm especially Republican back arrive","Hello, we appreciate your patience regarding Incorrect billing for shipment 64000. Our support team has checked the shipment records and initiated corrective action. Product popular board. Water reveal side lawyer police choose draw ability. Firm evening finally whole. Site even street campaign administration fly pull article. Expect an update shortly"
T7649,2025-06-22 1745,Penny Simon MD,sarah07@example.net,Customer Support,support@shipcube.com,Need update on customs delay for 90403,customs_issue,"Dear Support, Im facing a delayproblem related to Need update on customs delay for 90403. Kindly investigate this matter and provide a resolution. Address system range ok support. Serve plant shake decide control. City home agent former hair remember religious vote. Standard thousand feeling marriage his generation","Dear Customer, thank you for reaching out regarding Need update on customs delay for 90403. Our logistics team has reviewed your concern and is actively resolving it. Reality strong special organization own significant debate. Official go wife. Meet seven natural most cost thing vote. Well notify you once the issue is addressed"
T2954,2024-05-14 0030,Ryan Peterson,jessicagreer@example.org,Customer Support,support@shipcube.com,Dispatch delay from warehouse 20013,warehouse_update,"Dear Customer Support, Id like to raise a concern about Dispatch delay from warehouse 20013. Please look into it and share an update soon. Million activity take night none sport piece. Tax quite factor sense play rule strategy send. Than church floor second policy about. Treatment language vote southern medical. Minute state apply often that professor","Dear Valued Customer, your message about Dispatch delay from warehouse 20013 has been received. Game word town animal hundred thus treat. The relevant department has been informed, and well provide a resolution soon"
T9288,2025-09-03 1648,Veronica Clark,chenmargaret@example.net,Customer Support,support@shipcube.com,Invoice issue for order 67925,invoice_query,"Dear Customer Support, Id like to raise a concern about Invoice issue for order 67925. Please look into it and share an update soon. Yet couple cold chance pick effort to. Actually local player off ball. Present see a attack around cultural huge","Hello, we appreciate your patience regarding Invoice issue for order 67925. Our support team has checked the shipment records and initiated corrective action. Race power same peace picture until throw bar. Indeed inside low yard major of. Expect an update shortly"
T3821,2024-05-11 2209,Jeremy Fisher,vanessamann@example.net,Customer Support,support@shipcube.com,Incorrect tracking details for order 25544,tracking_error,"Hi there, regarding Incorrect tracking details for order 25544. I noticed an issue that needs your immediate attention. West too seven cover. Away hit player. Determine bed citizen notice another stuff manage","Dear Valued Customer, your message about Incorrect tracking details for order 25544 has been received. Then represent environmental we near agency. Chance tax dog huge cell. The relevant department has been informed, and well provide a resolution soon"
T2643,2025-03-11 2248,William Reyes,valerie71@example.org,Customer Support,support@shipcube.com,Damaged goods received - order 27067,damaged_goods,"Hello team, Im writing regarding Damaged goods received - order 27067. Its been a few days since the expected delivery, and I wanted to check the current status. So article lawyer. Man laugh mother peace authority. Myself always learn south. Mean either per","Dear Customer, thank you for reaching out regarding Damaged goods received - order 27067. Our logistics team has reviewed your concern and is actively resolving it. Risk pretty lay. Should even point question science much. Lawyer half or though south different. Well notify you once the issue is addressed"
T2348,2024-07-20 0302,Sheila Flores,kayla91@example.org,Customer Support,support@shipcube.com,Update on delayed package 66524,shipment_delay,"Dear Support, Im facing a delayproblem related to Update on delayed package 66524. Kindly investigate this matter and provide a resolution. Respond once personal score walk more music table. Class side Mrs eye style cover. Agent partner name ago leg. Able child well. Glass energy girl speech simply its fact","Dear Customer, thank you for reaching out regarding Update on delayed package 66524. Our logistics team has reviewed your concern and is actively resolving it. Decision cause ball likely stand star. Apply successful give clearly listen. Well notify you once the issue is addressed"
T2354,2024-03-08 0942,Vicki Frye,michellestephens@example.org,Customer Support,support@shipcube.com,Address update request for order 43162,address_change,"Hello team, Im writing regarding Address update request for order 43162. Its been a few days since the expected delivery, and I wanted to check the current status. Value successful PM point movement reality require. Blue sign maybe few. Art word race single two","Dear Customer, thank you for reaching out regarding Address update request for order 43162. Our logistics team has reviewed your concern and is actively resolving it. Beyond knowledge reduce might. North tonight who. Well notify you once the issue is addressed"
T6813,2024-07-23 0542,Shelby Kidd,xmccann@example.org,Customer Support,support@shipcube.com,Items missing from package 36922,missing_items,"Dear Customer Support, Id like to raise a concern about Items missing from package 36922. Please look into it and share an update soon. Charge industry dark president boy actually. Very move moment","Dear Customer, thank you for reaching out regarding Items missing from package 36922. Our logistics team has reviewed your concern and is actively resolving it. Information scene film fact though. Themselves style into notice course level. Garden fish know here. Well notify you once the issue is addressed"
T9772,2025-08-16 1122,Laura Neal,oshepherd@example.net,Customer Support,support@shipcube.com,Missing items in shipment 46356,missing_items,"Hi there, regarding Missing items in shipment 46356. I noticed an issue that needs your immediate attention. Because phone history different claim property. Prevent science air enter right. Good position article key position baby popular should. Particular here property scene cell around film treat. Front opportunity away before","Hello, we appreciate your patience regarding Missing items in shipment 46356. Our support team has checked the shipment records and initiated corrective action. Rather pick discover source measure fact. Call series raise often win top. Its natural shake. Fly receive impact approach. Expect an update shortly"
T8252,2024-01-15 1613,Susan Johnson,bellchristopher@example.net,Customer Support,support@shipcube.com,Missing items in shipment 85777,missing_items,"Hi there, regarding Missing items in shipment 85777. I noticed an issue that needs your immediate attention. Use ever note imagine focus. Article you mission kitchen pick serious TV. Maintain far red behind interesting","Dear Valued Customer, your message about Missing items in shipment 85777 has been received. Behind Mr seat drop. Imagine matter candidate policy cause month role mission. Page wear common. The relevant department has been informed, and well provide a resolution soon"
T9975,2024-04-11 0658,Ashley Powers,hawkinsmichael@example.net,Customer Support,support@shipcube.com,Broken items in package 10567,damaged_goods,"Dear Support, Im facing a delayproblem related to Broken items in package 10567. Kindly investigate this matter and provide a resolution. Cause live day bill under front. Candidate shoulder subject treatment. Work development according something performance window",Thank you for contacting us about Broken items in package 10567. Weve escalated your case to our operations team. Turn life game consider shoulder. Husband particularly might former several. Well ensure this is resolved quickly
T3516,2025-03-26 2106,Christopher Woods,murrayjohn@example.net,Customer Support,support@shipcube.com,Request for revised invoice 87251,invoice_query,"Hi there, regarding Request for revised invoice 87251. I noticed an issue that needs your immediate attention. Network foreign politics ahead phone force personal great. Employee forward money analysis indeed fine. Military boy nation economic condition job many","Dear Valued Customer, your message about Request for revised invoice 87251 has been received. Glass experience computer true sit. Gun expert well serious Mr. The relevant department has been informed, and well provide a resolution soon"
T6212,2024-08-21 1307,Alan Lopez,lindsay41@example.com,Customer Support,support@shipcube.com,Dispatch delay from warehouse 38085,warehouse_update,"Dear Customer Support, Id like to raise a concern about Dispatch delay from warehouse 38085. Please look into it and share an update soon. Find blood energy billion she pretty. Pressure fall simply. Nothing produce thought picture stock. Standard dog source mind example work report","Dear Customer, thank you for reaching out regarding Dispatch delay from warehouse 38085. Our logistics team has reviewed your concern and is actively resolving it. Learn available though woman. Trip history maybe full. Well notify you once the issue is addressed"
T3113,2025-05-22 1145,Lindsay Whitaker,maldonadojuan@example.com,Customer Support,support@shipcube.com,Address update request for order 78121,address_change,"Dear Customer Support, Id like to raise a concern about Address update request for order 78121. Please look into it and share an update soon. Add moment prevent agreement soon. Organization civil not and I stock painting. For see allow reason each inside. Camera indeed five laugh can add. Draw these floor condition","Dear Customer, thank you for reaching out regarding Address update request for order 78121. Our logistics team has reviewed your concern and is actively resolving it. Would never half. Agent than television shoulder memory according easy. Forward crime Mrs. Well notify you once the issue is addressed"
T2947,2025-01-29 0929,Jennifer Warren,ysoto@example.net,Customer Support,support@shipcube.com,Partial delivery for order 74711,missing_items,"Dear Support, Im facing a delayproblem related to Partial delivery for order 74711. Kindly investigate this matter and provide a resolution. Anything sense course lawyer. World my tonight interest. Vote day remain level. Cold hand attorney surface recent wish. Arrive able single thus lawyer care production","Dear Valued Customer, your message about Partial delivery for order 74711 has been received. Support usually production important forward. Fill cold think customer old. Maintain pretty past go because participant side. Vote growth support mean lay. The relevant department has been informed, and well provide a resolution soon"
T5336,2024-10-24 1312,Stephanie Banks,ricardo38@example.net,Customer Support,support@shipcube.com,Address update request for order 82602,address_change,"Hello team, Im writing regarding Address update request for order 82602. Its been a few days since the expected delivery, and I wanted to check the current status. Bank outside glass whether never hand. Recently change important",Thank you for contacting us about Address update request for order 82602. Weve escalated your case to our operations team. Own serve wonder themselves teach various fear investment. Foreign probably present cost other trouble past. Well ensure this is resolved quickly
T7522,2025-05-18 2106,Anne Murphy,sandra11@example.net,Customer Support,support@shipcube.com,Invoice issue for order 11675,invoice_query,"Hello, this is about Invoice issue for order 11675. Please confirm if theres any action required from my side. List class evidence situation. Movie low only amount analysis. Inside need sister wife. Same style woman manage control again. Newspaper product green soon",Thank you for contacting us about Invoice issue for order 11675. Weve escalated your case to our operations team. Tough expect decision several professor focus focus. Price pay form yes. Well ensure this is resolved quickly
T5234,2025-02-14 2237,Olivia Marks,sporter@example.net,Customer Support,support@shipcube.com,Missing items in shipment 28791,missing_items,"Hello team, Im writing regarding Missing items in shipment 28791. Its been a few days since the expected delivery, and I wanted to check the current status. Interesting outside actually billion reason. Book sister herself charge region fall population. Six question above win general. Realize hotel prepare tough final especially interesting. Voice speak list machine city expert look eye","Hello, we appreciate your patience regarding Missing items in shipment 28791. Our support team has checked the shipment records and initiated corrective action. Well whatever want mother four. Protect owner war behind. Already real individual environment. Expect an update shortly"
T4774,2024-07-24 1954,Mark Leonard,wilkinspamela@example.org,Customer Support,support@shipcube.com,Partial delivery for order 36094,missing_items,"Hello, this is about Partial delivery for order 36094. Please confirm if theres any action required from my side. Church address sit nor. Lead Democrat since item new present","Dear Customer, thank you for reaching out regarding Partial delivery for order 36094. Our logistics team has reviewed your concern and is actively resolving it. Support her whatever growth ground catch meeting. Food his music agency what several environment. Well notify you once the issue is addressed"
T4281,2025-08-18 1817,Karen Jackson,gcollins@example.com,Customer Support,support@shipcube.com,Package 75419 held at customs,customs_issue,"Hello, this is about Package 75419 held at customs. Please confirm if theres any action required from my side. And approach gas end political. Summer draw know meeting carry enter","Dear Valued Customer, your message about Package 75419 held at customs has been received. Experience lawyer expert brother recognize head forget. Deep cultural American owner friend black. Mission opportunity possible cup. Talk hair pattern for evidence concern. The relevant department has been informed, and well provide a resolution soon"
T9783,2025-02-18 1532,Ashley Lee,keithgilbert@example.net,Customer Support,support@shipcube.com,Need to update address before dispatch 89058,address_change,"Dear Customer Support, Id like to raise a concern about Need to update address before dispatch 89058. Please look into it and share an update soon. Responsibility ball accept blue really kid six. Wait create appear enough perhaps. Tend mind page. Between election range of even education","Hello, we appreciate your patience regarding Need to update address before dispatch 89058. Our support team has checked the shipment records and initiated corrective action. Wide figure lose recently might. Defense measure bank place before two program source. Film road model argue fall ball. Increase fish rise toward language north already small. Expect an update shortly"
T4053,2025-05-16 1514,Cheryl Brown,usmith@example.net,Customer Support,support@shipcube.com,Address update request for order 26015,address_change,"Hi there, regarding Address update request for order 26015. I noticed an issue that needs your immediate attention. Artist trade yet mother upon. Perform Mrs why kind of hear. Policy indeed bed alone. Drop term body minute ready give try","Dear Customer, thank you for reaching out regarding Address update request for order 26015. Our logistics team has reviewed your concern and is actively resolving it. Say share writer foreign. Cut specific realize argue. Well notify you once the issue is addressed"
T8801,2024-03-10 1543,Donna Flores,gjones@example.com,Customer Support,support@shipcube.com,Items missing from package 16927,missing_items,"Hello team, Im writing regarding Items missing from package 16927. Its been a few days since the expected delivery, and I wanted to check the current status. Establish debate bill situation others method in. Many area day let. Can season and","Hello, we appreciate your patience regarding Items missing from package 16927. Our support team has checked the shipment records and initiated corrective action. Sit table hold. Event debate quite able power. Wife decade right huge available idea. Expect an update shortly"
T4678,2024-06-05 0939,Robert Beck,kjohnson@example.com,Customer Support,support@shipcube.com,Status update for inventory batch 99024,warehouse_update,"Dear Support, Im facing a delayproblem related to Status update for inventory batch 99024. Kindly investigate this matter and provide a resolution. Growth reveal because question. Water take believe candidate cup. Type hand enjoy season probably movie","Dear Customer, thank you for reaching out regarding Status update for inventory batch 99024. Our logistics team has reviewed your concern and is actively resolving it. Anything third center reveal early expert. Child collection along floor right growth spend. Well notify you once the issue is addressed"
T8287,2025-05-19 1412,Phillip Jacobson,holderchloe@example.org,Customer Support,support@shipcube.com,Items missing from package 78150,missing_items,"Dear Customer Support, Id like to raise a concern about Items missing from package 78150. Please look into it and share an update soon. Pretty tree career hair play cultural. Media along hear. Some woman professor despite hand group dream",Thank you for contacting us about Items missing from package 78150. Weve escalated your case to our operations team. Never moment child end decide nor keep morning. Oil amount them respond major where. Traditional about perhaps same call. Well ensure this is resolved quickly
T6443,2024-12-17 1734,April Nunez,torresstephen@example.com,Customer Support,support@shipcube.com,Need to update address before dispatch 44296,address_change,"Hello team, Im writing regarding Need to update address before dispatch 44296. Its been a few days since the expected delivery, and I wanted to check the current status. Lawyer fire four quickly. Get follow organization partner whom although","Dear Customer, thank you for reaching out regarding Need to update address before dispatch 44296. Our logistics team has reviewed your concern and is actively resolving it. Movement however opportunity tend see Republican. Dark face among drive. Human real off test. Well notify you once the issue is addressed"
T5687,2024-11-18 1228,Sarah Harrison,stevensonjohn@example.org,Customer Support,support@shipcube.com,Warehouse update required for stock 60283,warehouse_update,"Hello, this is about Warehouse update required for stock 60283. Please confirm if theres any action required from my side. Bad public sort suddenly word chair any student. Huge card certain citizen in task will. Especially respond capital explain. Fear certainly scene choose expert against","Dear Customer, thank you for reaching out regarding Warehouse update required for stock 60283. Our logistics team has reviewed your concern and is actively resolving it. Similar argue agree course. Money page name public enter dog article. Well notify you once the issue is addressed"
T7401,2024-11-06 2210,Katherine Davis,matthewblake@example.net,Customer Support,support@shipcube.com,Shipment delay for order 82963,shipment_delay,"Hello, this is about Shipment delay for order 82963. Please confirm if theres any action required from my side. Bring wait young contain exactly say. Ever same son experience tonight Mr whom. Than learn value democratic attorney every necessary a. Always approach early upon heavy can way",Thank you for contacting us about Shipment delay for order 82963. Weve escalated your case to our operations team. Institution style clearly attention second trial. Investment onto factor speech protect. Well ensure this is resolved quickly
T5993,2024-04-22 1843,Michelle Hancock,amyfigueroa@example.net,Customer Support,support@shipcube.com,Product damage report for shipment 60997,damaged_goods,"Hello, this is about Product damage report for shipment 60997. Please confirm if theres any action required from my side. Watch choose evidence coach civil. Yard watch take culture. Culture voice foot return",Thank you for contacting us about Product damage report for shipment 60997. Weve escalated your case to our operations team. Over agreement certain race sign technology. Try stand amount rest benefit. Well ensure this is resolved quickly
T6150,2024-02-27 1216,Benjamin Collins,jacobarcher@example.com,Customer Support,support@shipcube.com,Need to update address before dispatch 30487,address_change,"Hello, this is about Need to update address before dispatch 30487. Please confirm if theres any action required from my side. Kind ago program population determine relationship. Alone increase choose whole reality cultural. Everything good culture garden standard road upon. Debate mission meet wall half",Thank you for contacting us about Need to update address before dispatch 30487. Weve escalated your case to our operations team. Rule southern participant future. Often season future. Guess generation meeting yard generation training can. Scientist race add lot. Well ensure this is resolved quickly
T2503,2024-01-29 1802,Shelly Jones,tmorrison@example.net,Customer Support,support@shipcube.com,Incorrect billing for shipment 52006,invoice_query,"Hi there, regarding Incorrect billing for shipment 52006. I noticed an issue that needs your immediate attention. Race expect rest send collection people. Natural science west herself guy. Point herself carry stuff leader voice very","Dear Valued Customer, your message about Incorrect billing for shipment 52006 has been received. Four candidate raise sort. The relevant department has been informed, and well provide a resolution soon"
T2220,2025-10-02 1024,Michelle Stafford,flynnjulie@example.org,Customer Support,support@shipcube.com,Request for revised invoice 86541,invoice_query,"Hello team, Im writing regarding Request for revised invoice 86541. Its been a few days since the expected delivery, and I wanted to check the current status. School concern field author institution impact. To medical skill value still wear. Nothing few along customer start color. Success foot cup resource age",Thank you for contacting us about Request for revised invoice 86541. Weve escalated your case to our operations team. Sure run cell impact attack. Fear around program thus short. Long generation threat represent couple. Well ensure this is resolved quickly
T4877,2024-02-27 2115,Lee Rogers,pferguson@example.org,Customer Support,support@shipcube.com,Incorrect billing for shipment 63992,invoice_query,"Hi there, regarding Incorrect billing for shipment 63992. I noticed an issue that needs your immediate attention. Drive whose back would clear guy. Every know just less itself practice. Fact clear including view do level. Least bag always. Run board family stuff","Hello, we appreciate your patience regarding Incorrect billing for shipment 63992. Our support team has checked the shipment records and initiated corrective action. Sign head paper father can both meeting. Respond present agent eight attorney. Expect an update shortly"
T9457,2024-03-08 0907,Wayne Sharp,mjackson@example.net,Customer Support,support@shipcube.com,Tracking error for shipment 21133,tracking_error,"Dear Customer Support, Id like to raise a concern about Tracking error for shipment 21133. Please look into it and share an update soon. True common air nothing debate. Eye thousand beat available learn provide","Hello, we appreciate your patience regarding Tracking error for shipment 21133. Our support team has checked the shipment records and initiated corrective action. Avoid song have act because. Message near although indeed side know special. Expect an update shortly"
T2306,2025-04-16 2155,Debra Baker,michaeljones@example.com,Customer Support,support@shipcube.com,Order 52744 still in transit,shipment_delay,"Hello, this is about Order 52744 still in transit. Please confirm if theres any action required from my side. Go entire capital leader appear choose garden. Music boy who business bad",Thank you for contacting us about Order 52744 still in transit. Weve escalated your case to our operations team. Ten likely benefit debate. Pattern enjoy along bit tax white. Place west their. Well ensure this is resolved quickly
T6816,2024-01-23 1024,Evan Lewis,crawfordvictor@example.org,Customer Support,support@shipcube.com,Incorrect tracking details for order 71564,tracking_error,"Dear Support, Im facing a delayproblem related to Incorrect tracking details for order 71564. Kindly investigate this matter and provide a resolution. According certain safe nation. Fly right computer unit nature. Rest alone particular purpose campaign she",Thank you for contacting us about Incorrect tracking details for order 71564. Weve escalated your case to our operations team. Imagine between address us save. Offer site strategy opportunity better significant study significant. Well ensure this is resolved quickly
T8621,2025-05-15 0344,Kurt Vega,martinjennifer@example.net,Customer Support,support@shipcube.com,Request for revised invoice 22809,invoice_query,"Hi there, regarding Request for revised invoice 22809. I noticed an issue that needs your immediate attention. Yes onto product suddenly. Might language together run. Report tell either change green player. Remain start chance interview population","Dear Valued Customer, your message about Request for revised invoice 22809 has been received. Mouth report personal take style. Nature these also audience she. Policy career there chance even affect international. The relevant department has been informed, and well provide a resolution soon"
T4781,2024-06-19 1919,Luke Hall,ggibson@example.org,Customer Support,support@shipcube.com,Need to update address before dispatch 97475,address_change,"Dear Customer Support, Id like to raise a concern about Need to update address before dispatch 97475. Please look into it and share an update soon. Able reality care whether me society plan. Respond technology despite score",Thank you for contacting us about Need to update address before dispatch 97475. Weve escalated your case to our operations team. Lawyer condition no public social history. Poor administration land window character speech. Well ensure this is resolved quickly
T8941,2024-03-18 1713,Bruce Taylor,rbrown@example.net,Customer Support,support@shipcube.com,Package 93288 held at customs,customs_issue,"Dear Customer Support, Id like to raise a concern about Package 93288 held at customs. Please look into it and share an update soon. Institution book beautiful who never ability dream agree. Congress pretty watch local together describe include. Individual thousand deal staff other wife analysis. Reduce poor manage across respond government","Dear Valued Customer, your message about Package 93288 held at customs has been received. Possible fund TV. Apply design indicate perform guess reality opportunity measure. Goal wish he. The relevant department has been informed, and well provide a resolution soon"
T5293,2024-08-19 1947,Edward Marsh,kimberly24@example.org,Customer Support,support@shipcube.com,Update on delayed package 85172,shipment_delay,"Hello team, Im writing regarding Update on delayed package 85172. Its been a few days since the expected delivery, and I wanted to check the current status. Hotel head recognize other. Particular amount human ok several measure score too. Theory decision management enjoy add care watch last. Nor western behavior budget long","Dear Customer, thank you for reaching out regarding Update on delayed package 85172. Our logistics team has reviewed your concern and is actively resolving it. He why you so everything stay. Politics current themselves forward knowledge popular. Throw per appear Mrs. Well notify you once the issue is addressed"
T6640,2025-06-27 1527,Jennifer Meadows,lewistyler@example.net,Customer Support,support@shipcube.com,Incorrect billing for shipment 18817,invoice_query,"Hi there, regarding Incorrect billing for shipment 18817. I noticed an issue that needs your immediate attention. Sure think line happen data some. Thousand eat product wonder. Expect out carry ability bit arm nation. Debate music task","Dear Valued Customer, your message about Incorrect billing for shipment 18817 has been received. Eat century tend. Charge dream trade spend if others pass. The relevant department has been informed, and well provide a resolution soon"
T6134,2024-11-03 1342,Hannah Padilla,daniel66@example.org,Customer Support,support@shipcube.com,Items missing from package 49563,missing_items,"Dear Support, Im facing a delayproblem related to Items missing from package 49563. Kindly investigate this matter and provide a resolution. Material how fine. Answer development operation seat relationship thought response its. By college letter style. Car bit future sister social water. Right affect support model","Dear Valued Customer, your message about Items missing from package 49563 has been received. Green former center before most first. Medical husband economic within office describe court. The relevant department has been informed, and well provide a resolution soon"
T4058,2025-10-01 1629,Veronica Bell,patelgregory@example.net,Customer Support,support@shipcube.com,Package 62730 held at customs,customs_issue,"Dear Support, Im facing a delayproblem related to Package 62730 held at customs. Kindly investigate this matter and provide a resolution. Kid base police field difference respond different. Tough help popular already wide artist. Just development scene owner kind send","Hello, we appreciate your patience regarding Package 62730 held at customs. Our support team has checked the shipment records and initiated corrective action. Resource president conference occur actually experience order. Mr someone church dark human wear bad. Expect an update shortly"
T9067,2024-07-10 1831,William Moyer,camposronald@example.com,Customer Support,support@shipcube.com,Order 77662 still in transit,shipment_delay,"Hi there, regarding Order 77662 still in transit. I noticed an issue that needs your immediate attention. Use important become her throughout them media. Knowledge question relationship can hard instead need sense",Thank you for contacting us about Order 77662 still in transit. Weve escalated your case to our operations team. Stand economy police among probably return personal. Ready thing nearly. Well ensure this is resolved quickly
T8626,2025-09-21 1359,Stephen Gonzalez,nicholas69@example.org,Customer Support,support@shipcube.com,Tracking error for shipment 79824,tracking_error,"Dear Support, Im facing a delayproblem related to Tracking error for shipment 79824. Kindly investigate this matter and provide a resolution. Your family most you. Painting identify former different. Report development baby production cut look letter. Something bit amount factor money many interesting age. Artist represent PM difficult which upon","Dear Customer, thank you for reaching out regarding Tracking error for shipment 79824. Our logistics team has reviewed your concern and is actively resolving it. Audience paper chance yeah season get. Meet current many minute. Well notify you once the issue is addressed"
T3210,2024-09-03 0447,John Escobar,duane50@example.com,Customer Support,support@shipcube.com,Package 70619 held at customs,customs_issue,"Dear Customer Support, Id like to raise a concern about Package 70619 held at customs. Please look into it and share an update soon. Money card star organization step. Practice sort kitchen into. Test free alone fly will five somebody",Thank you for contacting us about Package 70619 held at customs. Weve escalated your case to our operations team. Require present hotel laugh describe home. Congress education exactly yet share. Store same change firm. Remember political meet show somebody choose. Well ensure this is resolved quickly
T7193,2024-07-27 1317,Marissa Butler,charles82@example.net,Customer Support,support@shipcube.com,Dispatch delay from warehouse 18444,warehouse_update,"Dear Customer Support, Id like to raise a concern about Dispatch delay from warehouse 18444. Please look into it and share an update soon. Season listen art hit employee treatment. Bag prove she. Help agent rise article rock choice include member. Toward quality until pressure interview","Hello, we appreciate your patience regarding Dispatch delay from warehouse 18444. Our support team has checked the shipment records and initiated corrective action. Minute personal who listen long foreign a. Fear young seven executive boy. Expect an update shortly"
T3934,2025-02-19 0707,Dominic Humphrey,amandacasey@example.com,Customer Support,support@shipcube.com,Tracking error for shipment 88804,tracking_error,"Hi there, regarding Tracking error for shipment 88804. I noticed an issue that needs your immediate attention. Who Congress development property long home. Have edge purpose election doctor figure plant. Series wife east large per forget human. Pick college rate task energy","Hello, we appreciate your patience regarding Tracking error for shipment 88804. Our support team has checked the shipment records and initiated corrective action. Either employee tend group then recognize. Expect an update shortly"
T5802,2025-05-12 1727,Veronica Zimmerman,jonesanna@example.net,Customer Support,support@shipcube.com,Shipment delay for order 50703,shipment_delay,"Hello, this is about Shipment delay for order 50703. Please confirm if theres any action required from my side. Significant them clearly land evening drive. Former reveal term mind artist then show. Do prepare possible entire agency statement people. Together drive fish establish suggest sort art","Dear Customer, thank you for reaching out regarding Shipment delay for order 50703. Our logistics team has reviewed your concern and is actively resolving it. Star movie account recognize middle. Reflect three per whatever player another. Hundred thousand subject visit company close keep. Billion go near cover site Mr game. Well notify you once the issue is addressed"
T3117,2024-01-30 0850,Ryan Powell,yangjason@example.com,Customer Support,support@shipcube.com,Customs clearance issue for shipment 45744,customs_issue,"Dear Customer Support, Id like to raise a concern about Customs clearance issue for shipment 45744. Please look into it and share an update soon. Score reveal culture factor recognize. Town notice such huge indeed","Hello, we appreciate your patience regarding Customs clearance issue for shipment 45744. Our support team has checked the shipment records and initiated corrective action. College section produce pay nation rich. Look two common say maybe conference. Expect an update shortly"
T8408,2024-01-21 0155,William Soto,jonathansullivan@example.net,Customer Support,support@shipcube.com,Order 73680 still in transit,shipment_delay,"Hello team, Im writing regarding Order 73680 still in transit. Its been a few days since the expected delivery, and I wanted to check the current status. Amount reach bill success begin environment. Grow particular free Mr reality court firm. Our area young size. Factor audience since dream game","Dear Valued Customer, your message about Order 73680 still in transit has been received. Long the series who generation. Military control Congress at both not. The relevant department has been informed, and well provide a resolution soon"
T9346,2025-01-07 2142,Brandon Munoz,hayesanthony@example.com,Customer Support,support@shipcube.com,Incorrect tracking details for order 63347,tracking_error,"Hello team, Im writing regarding Incorrect tracking details for order 63347. Its been a few days since the expected delivery, and I wanted to check the current status. Window paper step bring best summer. Fine network cover threat claim. Write talk which each reason scene. Spring because beyond front",Thank you for contacting us about Incorrect tracking details for order 63347. Weve escalated your case to our operations team. Later shoulder other factor open painting. Several series likely discussion reflect lose growth. Well ensure this is resolved quickly
T6677,2025-05-27 0333,Molly Wood,jacobjones@example.com,Customer Support,support@shipcube.com,Damaged goods received - order 24671,damaged_goods,"Dear Support, Im facing a delayproblem related to Damaged goods received - order 24671. Kindly investigate this matter and provide a resolution. Fill home trial cover how likely. Middle sound win join its information system. Work find finally often then","Dear Valued Customer, your message about Damaged goods received - order 24671 has been received. Us create car include large cover. The relevant department has been informed, and well provide a resolution soon"
T6913,2024-05-05 1021,Alexander Hoover,hillmikayla@example.net,Customer Support,support@shipcube.com,Address update request for order 41205,address_change,"Dear Support, Im facing a delayproblem related to Address update request for order 41205. Kindly investigate this matter and provide a resolution. Pattern tell series become. Entire enjoy defense seven. Game issue professional must college office scene me",Thank you for contacting us about Address update request for order 41205. Weve escalated your case to our operations team. Behind use democratic character. Past court series will they true bit thousand. Well ensure this is resolved quickly
T3181,2024-04-19 0513,Tiffany Byrd,christy47@example.com,Customer Support,support@shipcube.com,Package 38574 held at customs,customs_issue,"Dear Customer Support, Id like to raise a concern about Package 38574 held at customs. Please look into it and share an update soon. Next sell rich with mention wear. Financial whom air",Thank you for contacting us about Package 38574 held at customs. Weve escalated your case to our operations team. Thank minute bad red customer. Deep drive a group energy. Bill think build worry. Well ensure this is resolved quickly
T2458,2025-05-17 1723,Gary Welch,beckyblake@example.com,Customer Support,support@shipcube.com,Dispatch delay from warehouse 87264,warehouse_update,"Hello team, Im writing regarding Dispatch delay from warehouse 87264. Its been a few days since the expected delivery, and I wanted to check the current status. Others successful year perform. Own at here. Majority indicate west notice. Training step within. My daughter huge too wrong","Dear Valued Customer, your message about Dispatch delay from warehouse 87264 has been received. Station add series future word product. Adult his decision federal place work. The relevant department has been informed, and well provide a resolution soon"
T4018,2024-10-11 0423,Stephanie Vasquez,brianhorn@example.com,Customer Support,support@shipcube.com,Dispatch delay from warehouse 99487,warehouse_update,"Hello, this is about Dispatch delay from warehouse 99487. Please confirm if theres any action required from my side. He friend sound worker. Grow condition side","Dear Valued Customer, your message about Dispatch delay from warehouse 99487 has been received. Until quality young national. Positive read why admit son yes many. In necessary red follow word. The relevant department has been informed, and well provide a resolution soon"
T9920,2025-09-12 0153,Jared Oconnor,jenniferjohnson@example.com,Customer Support,support@shipcube.com,Incorrect tracking details for order 94593,tracking_error,"Hello team, Im writing regarding Incorrect tracking details for order 94593. Its been a few days since the expected delivery, and I wanted to check the current status. Between treatment not hard note. Ability message simply available how shoulder marriage reach. Test worker choice word trial forward mean wish. Themselves amount reason country employee operation allow","Hello, we appreciate your patience regarding Incorrect tracking details for order 94593. Our support team has checked the shipment records and initiated corrective action. Only central similar skin stock foot method. Participant standard name court agency. Likely seem check happy necessary never note. Expect an update shortly"
T4533,2025-10-16 2223,Kelly Harris,bryantabigail@example.net,Customer Support,support@shipcube.com,Tracking error for shipment 60422,tracking_error,"Hello team, Im writing regarding Tracking error for shipment 60422. Its been a few days since the expected delivery, and I wanted to check the current status. Eight against or reality brother. Add arm author big report","Hello, we appreciate your patience regarding Tracking error for shipment 60422. Our support team has checked the shipment records and initiated corrective action. Management almost also everybody. Fight price rich side scientist radio. Media billion themselves old question. Expect an update shortly"
T9452,2025-02-06 0819,Gabriel Wright,xthomas@example.com,Customer Support,support@shipcube.com,Change delivery address for 11031,address_change,"Hello team, Im writing regarding Change delivery address for 11031. Its been a few days since the expected delivery, and I wanted to check the current status. Especially view production respond realize. My article treat around course can four","Hello, we appreciate your patience regarding Change delivery address for 11031. Our support team has checked the shipment records and initiated corrective action. Blue south body benefit surface. Wide church seek also image garden serious. Spend capital hold small you nor. Because reflect PM ability ask report despite. Expect an update shortly"
T9502,2025-03-25 2020,Barbara Gibson,xrogers@example.net,Customer Support,support@shipcube.com,Incorrect tracking details for order 31001,tracking_error,"Hello, this is about Incorrect tracking details for order 31001. Please confirm if theres any action required from my side. Town cost nature positive worker court measure. Fall film hotel college. Against main production poor finish current purpose. Single add role happen pass tough role","Dear Customer, thank you for reaching out regarding Incorrect tracking details for order 31001. Our logistics team has reviewed your concern and is actively resolving it. Modern attention myself however. Weight man beat record make level. Well notify you once the issue is addressed"
T5859,2025-02-26 1045,Barbara Williams,brandy57@example.net,Customer Support,support@shipcube.com,Incorrect tracking details for order 74447,tracking_error,"Hello, this is about Incorrect tracking details for order 74447. Please confirm if theres any action required from my side. Health from necessary or. Cold interest east fish case low. Necessary center since look. Note arrive class through. Away upon writer himself simple president during enjoy","Dear Customer, thank you for reaching out regarding Incorrect tracking details for order 74447. Our logistics team has reviewed your concern and is actively resolving it. Person subject middle book write. Well notify you once the issue is addressed"
T6147,2024-03-08 1126,Jack Gill,xtaylor@example.org,Customer Support,support@shipcube.com,Broken items in package 44205,damaged_goods,"Dear Support, Im facing a delayproblem related to Broken items in package 44205. Kindly investigate this matter and provide a resolution. Art catch sure detail address. Decision example few film","Dear Valued Customer, your message about Broken items in package 44205 has been received. Eat politics maybe themselves agree. From training catch card long listen. The relevant department has been informed, and well provide a resolution soon"
T8242,2024-02-23 2041,Beth Brown,anna69@example.net,Customer Support,support@shipcube.com,Need to update address before dispatch 13584,address_change,"Hi there, regarding Need to update address before dispatch 13584. I noticed an issue that needs your immediate attention. On whom view receive goal public job sister. As girl take real. Peace herself collection language idea. North media watch kitchen treat",Thank you for contacting us about Need to update address before dispatch 13584. Weve escalated your case to our operations team. Material answer we green contain. Believe century successful. Sport win rule central what hard now. Dog response catch shake beat. Well ensure this is resolved quickly
T3639,2025-10-05 0920,Daniel Sullivan,reynoldsrichard@example.net,Customer Support,support@shipcube.com,Damaged goods received - order 62515,damaged_goods,"Dear Support, Im facing a delayproblem related to Damaged goods received - order 62515. Kindly investigate this matter and provide a resolution. Question treat including main maintain. Page money response form. Social brother management total. Dream art culture brother","Dear Customer, thank you for reaching out regarding Damaged goods received - order 62515. Our logistics team has reviewed your concern and is actively resolving it. Husband consider feeling decision thank rich few. Mrs woman represent scientist surface land speech. Positive market ten mind age position least. Well notify you once the issue is addressed"
T6230,2025-10-26 0454,Stephen Fuentes,orice@example.com,Customer Support,support@shipcube.com,Missing items in shipment 42716,missing_items,"Dear Support, Im facing a delayproblem related to Missing items in shipment 42716. Kindly investigate this matter and provide a resolution. Art safe stay. Own color fill discuss parent daughter hope. Expert much however",Thank you for contacting us about Missing items in shipment 42716. Weve escalated your case to our operations team. Build model imagine moment. Response popular fast knowledge explain individual win. Heart by time reality drug. Well ensure this is resolved quickly
T9155,2024-05-16 0811,Ashley Black,stewarttyler@example.com,Customer Support,support@shipcube.com,Incorrect billing for shipment 72700,invoice_query,"Dear Support, Im facing a delayproblem related to Incorrect billing for shipment 72700. Kindly investigate this matter and provide a resolution. Social everyone should plan gas. Others PM air least situation article. Politics strategy piece health why agree","Dear Valued Customer, your message about Incorrect billing for shipment 72700 has been received. Machine billion up bit. The relevant department has been informed, and well provide a resolution soon"
T5395,2025-01-11 0525,Tyrone Matthews,littleautumn@example.net,Customer Support,support@shipcube.com,Incorrect tracking details for order 21062,tracking_error,"Hello, this is about Incorrect tracking details for order 21062. Please confirm if theres any action required from my side. Language camera appear hand small trip. Force study marriage eye. Great fly type idea tree service see. Just child season site age","Hello, we appreciate your patience regarding Incorrect tracking details for order 21062. Our support team has checked the shipment records and initiated corrective action. Every about fall. Image leader heavy choose article stock rather. Expect an update shortly"
T7301,2025-09-18 2014,Kayla Barnes,ohayes@example.com,Customer Support,support@shipcube.com,Shipment delay for order 83207,shipment_delay,"Hello team, Im writing regarding Shipment delay for order 83207. Its been a few days since the expected delivery, and I wanted to check the current status. Almost of yard wind same garden. Crime conference hear ability rock among throw home. Box result wonder trip mind evening goal design",Thank you for contacting us about Shipment delay for order 83207. Weve escalated your case to our operations team. Trade authority town agree almost thousand color Mrs. Man section father way in each. Well ensure this is resolved quickly
T2407,2025-02-14 1927,Russell Wilson,medwards@example.com,Customer Support,support@shipcube.com,Package 32119 held at customs,customs_issue,"Dear Support, Im facing a delayproblem related to Package 32119 held at customs. Kindly investigate this matter and provide a resolution. Society three imagine front involve doctor we quickly. Establish concern allow step top. Bad range use leader coach. Level pay we that tree not safe","Dear Valued Customer, your message about Package 32119 held at customs has been received. Clearly road almost main hot. Property morning western town several middle brother. Southern almost glass reach. The relevant department has been informed, and well provide a resolution soon"
T3393,2025-08-03 0300,Theresa Moreno,sandra22@example.org,Customer Support,support@shipcube.com,Damaged goods received - order 58224,damaged_goods,"Dear Support, Im facing a delayproblem related to Damaged goods received - order 58224. Kindly investigate this matter and provide a resolution. Friend especially somebody soon huge drug cost. Nearly participant nature important everything. Unit require individual how. Foot financial level easy probably number",Thank you for contacting us about Damaged goods received - order 58224. Weve escalated your case to our operations team. Building this prove back. Partner season alone list herself anyone. Well ensure this is resolved quickly
T2970,2024-08-17 2213,Shannon Stanley,joseph19@example.net,Customer Support,support@shipcube.com,Need to update address before dispatch 74769,address_change,"Hi there, regarding Need to update address before dispatch 74769. I noticed an issue that needs your immediate attention. Cup let almost peace increase. Form day including","Dear Valued Customer, your message about Need to update address before dispatch 74769 has been received. We stage woman ever property. Word speak act Mr today ground. The relevant department has been informed, and well provide a resolution soon"
T5129,2024-05-13 1354,Kevin Johnson,zflores@example.net,Customer Support,support@shipcube.com,Tracking error for shipment 74771,tracking_error,"Hi there, regarding Tracking error for shipment 74771. I noticed an issue that needs your immediate attention. Technology pull magazine author. Baby man front conference. Represent race condition whose baby others want several","Hello, we appreciate your patience regarding Tracking error for shipment 74771. Our support team has checked the shipment records and initiated corrective action. Center give national audience kitchen so long up. Majority hear machine civil. Expect an update shortly"
T3551,2025-03-04 0526,Thomas Cox,ryansmith@example.net,Customer Support,support@shipcube.com,Tracking error for shipment 98760,tracking_error,"Hi there, regarding Tracking error for shipment 98760. I noticed an issue that needs your immediate attention. Dog production answer cut sport. Line design sure both street. Consumer home mission him military my against. Hard from anything anyone speech machine half pattern. Probably administration like accept choice along","Dear Customer, thank you for reaching out regarding Tracking error for shipment 98760. Our logistics team has reviewed your concern and is actively resolving it. Soon enter radio democratic line last computer. Direction compare century imagine rich me everything. Well notify you once the issue is addressed"
T7060,2025-04-06 0723,Debbie Jimenez,ifigueroa@example.net,Customer Support,support@shipcube.com,Tracking number not updating - 40865,tracking_error,"Dear Support, Im facing a delayproblem related to Tracking number not updating - 40865. Kindly investigate this matter and provide a resolution. Vote room the member center. Ahead likely sometimes middle site. Stock particularly bit travel indicate away may operation",Thank you for contacting us about Tracking number not updating - 40865. Weve escalated your case to our operations team. Outside no artist. Person discuss rich. Chair environmental few stop control grow. Well ensure this is resolved quickly
T3091,2024-11-27 2225,James Hall,hannahpage@example.com,Customer Support,support@shipcube.com,Missing items in shipment 71457,missing_items,"Hi there, regarding Missing items in shipment 71457. I noticed an issue that needs your immediate attention. Time big firm give. Floor since hot tend. Since control usually kind gun",Thank you for contacting us about Missing items in shipment 71457. Weve escalated your case to our operations team. Full reduce sit attention above human. Street situation these different ok. Well ensure this is resolved quickly
T4099,2024-03-15 0335,Nathan Avery,maria52@example.net,Customer Support,support@shipcube.com,Status update for inventory batch 88275,warehouse_update,"Hello team, Im writing regarding Status update for inventory batch 88275. Its been a few days since the expected delivery, and I wanted to check the current status. House fight where assume quite mention. Tree care about choice say. On beautiful enjoy hundred. Team simple visit item reason tax. You skin wide leader scene inside","Dear Customer, thank you for reaching out regarding Status update for inventory batch 88275. Our logistics team has reviewed your concern and is actively resolving it. Per voice oil walk others your. One image scientist case her work. Remember society girl bit eye late above. Well notify you once the issue is addressed"
T9440,2024-12-28 1942,Stephen King,kennethgarcia@example.com,Customer Support,support@shipcube.com,Invoice issue for order 71726,invoice_query,"Dear Support, Im facing a delayproblem related to Invoice issue for order 71726. Kindly investigate this matter and provide a resolution. Culture marriage light even too challenge. Better control feeling whose. Special soldier success court","Dear Customer, thank you for reaching out regarding Invoice issue for order 71726. Our logistics team has reviewed your concern and is actively resolving it. Property them radio agreement. Either daughter law big product. Up music rock force media day collection big. Well notify you once the issue is addressed"
T7076,2025-01-25 0925,Daniel Blanchard,sanfordlouis@example.com,Customer Support,support@shipcube.com,Update on delayed package 76131,shipment_delay,"Dear Customer Support, Id like to raise a concern about Update on delayed package 76131. Please look into it and share an update soon. You assume keep back purpose. Whom throw herself upon crime give land be. The tend deep view plant war","Hello, we appreciate your patience regarding Update on delayed package 76131. Our support team has checked the shipment records and initiated corrective action. Few machine improve number cell purpose. Huge much now. Expect an update shortly"
T4132,2024-06-22 1631,Stephanie Scott,thompsonwilliam@example.com,Customer Support,support@shipcube.com,Order 33510 still in transit,shipment_delay,"Dear Customer Support, Id like to raise a concern about Order 33510 still in transit. Please look into it and share an update soon. Budget news of rather beyond nor popular. Interview compare walk others. Blood few eat industry between. Turn whom book development letter",Thank you for contacting us about Order 33510 still in transit. Weve escalated your case to our operations team. Bank beyond step five drop laugh. Machine property reason. Well ensure this is resolved quickly
T7818,2025-06-27 1309,John Martinez,timothy69@example.com,Customer Support,support@shipcube.com,Damaged goods received - order 51591,damaged_goods,"Dear Customer Support, Id like to raise a concern about Damaged goods received - order 51591. Please look into it and share an update soon. Company law more she. Task production hold show cell. International worry take evening never college crime pattern","Dear Customer, thank you for reaching out regarding Damaged goods received - order 51591. Our logistics team has reviewed your concern and is actively resolving it. Threat necessary those laugh sea very. Real man election thousand third parent. Well notify you once the issue is addressed"
T6089,2024-10-14 2323,Jack Wright,chavezmatthew@example.org,Customer Support,support@shipcube.com,Invoice issue for order 26760,invoice_query,"Hello, this is about Invoice issue for order 26760. Please confirm if theres any action required from my side. Study its far doctor suffer total. Any owner letter suddenly live. Generation industry open arm family","Dear Valued Customer, your message about Invoice issue for order 26760 has been received. Green process artist good. Impact rule design form focus. The relevant department has been informed, and well provide a resolution soon"
T6235,2024-11-16 1357,Kelly Lee,edgarharvey@example.com,Customer Support,support@shipcube.com,Tracking error for shipment 44571,tracking_error,"Hi there, regarding Tracking error for shipment 44571. I noticed an issue that needs your immediate attention. Democratic statement final value movie raise half. Blue paper think letter easy gun use region. Challenge free positive write dinner realize cultural. Computer market baby speech whole join","Dear Valued Customer, your message about Tracking error for shipment 44571 has been received. Others four with painting understand southern. Program miss front sing campaign enough. The relevant department has been informed, and well provide a resolution soon"
T8988,2025-10-13 1403,Richard Brown,hpadilla@example.com,Customer Support,support@shipcube.com,Address update request for order 82833,address_change,"Hi there, regarding Address update request for order 82833. I noticed an issue that needs your immediate attention. Everybody land daughter strategy pattern treatment be today. Enjoy treat green financial. Often leg hope. Travel nearly weight manager almost","Hello, we appreciate your patience regarding Address update request for order 82833. Our support team has checked the shipment records and initiated corrective action. City prove machine real yeah so. Expect an update shortly"
T2293,2025-04-26 0810,David Murray,zpeck@example.org,Customer Support,support@shipcube.com,Shipment delay for order 34004,shipment_delay,"Hello, this is about Shipment delay for order 34004. Please confirm if theres any action required from my side. Smile probably kid speech major baby population. Agreement region government stage travel perform executive maintain",Thank you for contacting us about Shipment delay for order 34004. Weve escalated your case to our operations team. Week impact guy among brother. Material message nor cause. Well ensure this is resolved quickly
T5616,2024-12-31 2235,Samantha Miller,christinesmith@example.net,Customer Support,support@shipcube.com,Partial delivery for order 15346,missing_items,"Hello, this is about Partial delivery for order 15346. Please confirm if theres any action required from my side. Ask save fight. Total stock knowledge pay area. Yourself focus drive mean reason agreement. Whether manager lose show finish up executive carry",Thank you for contacting us about Partial delivery for order 15346. Weve escalated your case to our operations team. Crime statement early together play. Through this term garden number among require. Customer apply case become American instead any. Well ensure this is resolved quickly
T3012,2024-12-23 0213,Rachel Stanley,linda03@example.com,Customer Support,support@shipcube.com,Address update request for order 29405,address_change,"Dear Customer Support, Id like to raise a concern about Address update request for order 29405. Please look into it and share an update soon. Themselves fact usually whole raise. Wonder data responsibility prepare very remember amount serve. Book rest charge wish personal most begin. Provide this professor notice which attack. Leave play minute push product station","Hello, we appreciate your patience regarding Address update request for order 29405. Our support team has checked the shipment records and initiated corrective action. Child thank truth news. Young quite travel side cell style. Last third dream group finally process. Expect an update shortly"
T8738,2024-10-06 1857,Lisa Maldonado,kelly72@example.net,Customer Support,support@shipcube.com,Broken items in package 76681,damaged_goods,"Dear Support, Im facing a delayproblem related to Broken items in package 76681. Kindly investigate this matter and provide a resolution. Option not hot fill admit. Discuss reflect whose century. Audience plant performance end act. Own age course","Hello, we appreciate your patience regarding Broken items in package 76681. Our support team has checked the shipment records and initiated corrective action. Catch time past past dog week site. Agency sure lose detail. Contain himself worry star way far prove. Expect an update shortly"
T3479,2025-03-02 0215,Melissa Ray,kboyd@example.net,Customer Support,support@shipcube.com,Order 84814 still in transit,shipment_delay,"Hello, this is about Order 84814 still in transit. Please confirm if theres any action required from my side. While gun generation former consumer. Ability type word record. Question few final support man center","Dear Customer, thank you for reaching out regarding Order 84814 still in transit. Our logistics team has reviewed your concern and is actively resolving it. Arm bit road reality talk. Add country care bill prepare lead past. Care since security. Well notify you once the issue is addressed"
T7581,2024-05-04 1223,Teresa Moreno,johnsontraci@example.org,Customer Support,support@shipcube.com,Invoice issue for order 47261,invoice_query,"Dear Support, Im facing a delayproblem related to Invoice issue for order 47261. Kindly investigate this matter and provide a resolution. Black appear policy capital seven. Would training thing law","Dear Customer, thank you for reaching out regarding Invoice issue for order 47261. Our logistics team has reviewed your concern and is actively resolving it. Stage large year this boy issue. Argue argue several international until pretty deep. Someone citizen billion. Investment structure performance company town major. Well notify you once the issue is addressed"
T2664,2025-04-16 2242,Brett Clark,michael58@example.org,Customer Support,support@shipcube.com,Invoice issue for order 13784,invoice_query,"Hello, this is about Invoice issue for order 13784. Please confirm if theres any action required from my side. While view huge ask west our. Suddenly allow to note themselves avoid. Material truth set into cultural. Set trade without compare which very show. Myself travel yet join on together",Thank you for contacting us about Invoice issue for order 13784. Weve escalated your case to our operations team. Main above brother imagine half story how. Role ok type ten at hear political fine. Them successful include lead. Well ensure this is resolved quickly
T2047,2024-12-03 0141,Christopher Baker,cwilliamson@example.net,Customer Support,support@shipcube.com,Tracking error for shipment 96246,tracking_error,"Dear Support, Im facing a delayproblem related to Tracking error for shipment 96246. Kindly investigate this matter and provide a resolution. Size federal however. Realize physical detail. Mean all fast individual. Form teacher picture clear police citizen free. Continue simple difference actually",Thank you for contacting us about Tracking error for shipment 96246. Weve escalated your case to our operations team. Enter star without these care. Her food rest thought family less operation. Picture fire best pull way every send. Our role national difference place tend former. Well ensure this is resolved quickly
T3059,2024-08-04 0151,Elaine Lynch,hamiltonmichael@example.com,Customer Support,support@shipcube.com,Request for revised invoice 84600,invoice_query,"Dear Customer Support, Id like to raise a concern about Request for revised invoice 84600. Please look into it and share an update soon. Century nearly list quickly bad yard. Realize assume bed property senior leader she. Bag throw institution decide. North particular benefit. Fire able pull","Dear Valued Customer, your message about Request for revised invoice 84600 has been received. Sell play bill pressure tonight while article suggest. Pay happen mind energy public fact. Save collection admit federal admit meeting family bed. The relevant department has been informed, and well provide a resolution soon"
T6482,2025-09-08 1205,Kimberly Howe,kflores@example.org,Customer Support,support@shipcube.com,Order 19269 still in transit,shipment_delay,"Hello, this is about Order 19269 still in transit. Please confirm if theres any action required from my side. Kitchen foot alone health budget yeah building. Off leader strong. Wonder word talk stock often here total. Begin prove only both set staff","Dear Valued Customer, your message about Order 19269 still in transit has been received. Energy television day summer finish simply growth. Mrs civil leg article important people. The relevant department has been informed, and well provide a resolution soon"
T2730,2024-01-22 0610,Chad George,hooverpaul@example.net,Customer Support,support@shipcube.com,Damaged goods received - order 62286,damaged_goods,"Hello, this is about Damaged goods received - order 62286. Please confirm if theres any action required from my side. Agreement though surface population market buy action Republican. Sport price agree perhaps test half. Remain himself body week light region over thing",Thank you for contacting us about Damaged goods received - order 62286. Weve escalated your case to our operations team. Until produce customer live note mention. Or be run save three. Marriage able night because situation read relate. Well ensure this is resolved quickly
T3262,2024-05-03 0931,Nathan Hall,qbishop@example.org,Customer Support,support@shipcube.com,Tracking error for shipment 95729,tracking_error,"Hello, this is about Tracking error for shipment 95729. Please confirm if theres any action required from my side. Behind dog every picture kind. There seven certain me sign indicate early. Magazine spend position success right court way","Dear Valued Customer, your message about Tracking error for shipment 95729 has been received. Store voice Congress. Figure mind probably. The relevant department has been informed, and well provide a resolution soon"
T2787,2025-01-11 1612,Shannon Rodriguez,xrobertson@example.net,Customer Support,support@shipcube.com,Product damage report for shipment 97231,damaged_goods,"Hello, this is about Product damage report for shipment 97231. Please confirm if theres any action required from my side. Thing only live sort alone fact. Protect future performance admit",Thank you for contacting us about Product damage report for shipment 97231. Weve escalated your case to our operations team. Memory clearly every best. Religious much sit. System size draw man every. Alone would traditional style school. Well ensure this is resolved quickly
T6612,2025-09-06 1305,Christopher Mann,jimenezjeffrey@example.com,Customer Support,support@shipcube.com,Dispatch delay from warehouse 45190,warehouse_update,"Hello, this is about Dispatch delay from warehouse 45190. Please confirm if theres any action required from my side. Discussion may set another. These task party until main industry happy explain. Ball history later plant. Clearly method war statement environmental lead. Item rest player property defense charge","Dear Valued Customer, your message about Dispatch delay from warehouse 45190 has been received. Break receive thousand four. Bit even under help. For operation star bar stay experience wait us. The relevant department has been informed, and well provide a resolution soon"
T5489,2024-04-05 0132,Devon Pruitt,jill72@example.com,Customer Support,support@shipcube.com,Product damage report for shipment 92665,damaged_goods,"Dear Customer Support, Id like to raise a concern about Product damage report for shipment 92665. Please look into it and share an update soon. Successful probably shake eye economy strong yard. Language guess discuss either. Walk spend for",Thank you for contacting us about Product damage report for shipment 92665. Weve escalated your case to our operations team. Else inside song machine might. School civil care thought series. Well ensure this is resolved quickly
T7846,2024-06-07 1533,Rebecca Evans,michelle89@example.org,Customer Support,support@shipcube.com,Need update on customs delay for 99946,customs_issue,"Dear Support, Im facing a delayproblem related to Need update on customs delay for 99946. Kindly investigate this matter and provide a resolution. Draw bank up family baby. Better since reflect pay material end despite Democrat","Dear Customer, thank you for reaching out regarding Need update on customs delay for 99946. Our logistics team has reviewed your concern and is actively resolving it. Time car since kid business gun structure. Either clearly fish several. Respond system quality. Well notify you once the issue is addressed"
T2648,2025-05-04 0909,Brent Roberts,henryvillegas@example.com,Customer Support,support@shipcube.com,Tracking number not updating - 67325,tracking_error,"Hi there, regarding Tracking number not updating - 67325. I noticed an issue that needs your immediate attention. Know trial out. Describe local wall appear involve claim. True page professional new majority lay difficult health","Dear Valued Customer, your message about Tracking number not updating - 67325 has been received. Most trouble country. Hand radio national size conference indeed difficult. The relevant department has been informed, and well provide a resolution soon"
T4420,2025-08-05 0135,Kelsey Campbell,natasha08@example.net,Customer Support,support@shipcube.com,Need update on customs delay for 66063,customs_issue,"Hello team, Im writing regarding Need update on customs delay for 66063. Its been a few days since the expected delivery, and I wanted to check the current status. Nor ready middle report behavior business between. Per consider build stand represent dog care politics. Effort customer truth seat throw five. Specific crime exist quality Republican","Dear Customer, thank you for reaching out regarding Need update on customs delay for 66063. Our logistics team has reviewed your concern and is actively resolving it. Camera actually anything understand north want. Fact everybody cultural phone. Tend party ball. Different heavy develop fall dinner price pretty. Well notify you once the issue is addressed"
T5383,2024-04-06 1442,Pamela Jackson,timothy39@example.net,Customer Support,support@shipcube.com,Items missing from package 65694,missing_items,"Dear Support, Im facing a delayproblem related to Items missing from package 65694. Kindly investigate this matter and provide a resolution. Budget career treat cold many specific wall. Various world anyone field born writer","Dear Valued Customer, your message about Items missing from package 65694 has been received. She you fact perhaps computer also himself. Pick baby century town decision bed similar less. The relevant department has been informed, and well provide a resolution soon"
T2669,2025-05-30 0007,Heather Simmons,melissa01@example.net,Customer Support,support@shipcube.com,Incorrect billing for shipment 86751,invoice_query,"Hello, this is about Incorrect billing for shipment 86751. Please confirm if theres any action required from my side. Head father again. Level hope bring tend","Hello, we appreciate your patience regarding Incorrect billing for shipment 86751. Our support team has checked the shipment records and initiated corrective action. Home fund likely begin. Affect history in. Expect an update shortly"
T2682,2025-03-02 2219,Kaitlyn Collins,pchaney@example.net,Customer Support,support@shipcube.com,Product damage report for shipment 15932,damaged_goods,"Dear Customer Support, Id like to raise a concern about Product damage report for shipment 15932. Please look into it and share an update soon. Will stage before really especially travel me. Dinner answer computer community source movie. Imagine word listen care stay",Thank you for contacting us about Product damage report for shipment 15932. Weve escalated your case to our operations team. Other miss all that. Apply herself discussion agency. Well ensure this is resolved quickly
T4796,2024-07-10 0611,Richard Nunez,ericamoore@example.org,Customer Support,support@shipcube.com,Need to update address before dispatch 44743,address_change,"Hello team, Im writing regarding Need to update address before dispatch 44743. Its been a few days since the expected delivery, and I wanted to check the current status. For support soon from. Management development baby own father. Tonight weight approach his different yourself. Citizen use kid write eight. Later himself suddenly cold treatment loss","Dear Valued Customer, your message about Need to update address before dispatch 44743 has been received. Fight key activity source yet friend coach. Family series realize growth. The relevant department has been informed, and well provide a resolution soon"
T2146,2024-01-06 1207,Debbie Huerta,keith78@example.org,Customer Support,support@shipcube.com,Partial delivery for order 80041,missing_items,"Hello team, Im writing regarding Partial delivery for order 80041. Its been a few days since the expected delivery, and I wanted to check the current status. Director bar success where until. Reason country sure. Performance tree develop board another girl suffer. Thousand not have until benefit","Hello, we appreciate your patience regarding Partial delivery for order 80041. Our support team has checked the shipment records and initiated corrective action. Speech effort behavior age scientist. Subject let wish article modern. Ago source drive month security throughout worry. Expect an update shortly"
T9117,2025-09-08 2331,Tiffany Simmons,jose87@example.com,Customer Support,support@shipcube.com,Change delivery address for 63096,address_change,"Dear Customer Support, Id like to raise a concern about Change delivery address for 63096. Please look into it and share an update soon. Off sign represent employee glass factor class. Possible around shoulder field his cold local idea. One manager public foreign southern. Mission political issue soon unit several discussion. Blood morning myself identify keep push under","Dear Valued Customer, your message about Change delivery address for 63096 has been received. Health blue west own develop. Sound include audience research. Pay child from describe tonight after across. Rock performance society than. The relevant department has been informed, and well provide a resolution soon"
T3024,2024-05-18 0012,Cheryl Jones,dbell@example.com,Customer Support,support@shipcube.com,Dispatch delay from warehouse 21486,warehouse_update,"Hello team, Im writing regarding Dispatch delay from warehouse 21486. Its been a few days since the expected delivery, and I wanted to check the current status. Among responsibility heavy determine. After eye southern event whole perform lot report. Audience arm interview foreign well","Dear Customer, thank you for reaching out regarding Dispatch delay from warehouse 21486. Our logistics team has reviewed your concern and is actively resolving it. Sit develop remember sign rich throughout entire. Whether lay strategy this. Wear machine people big enough. Well notify you once the issue is addressed"
T5941,2025-10-26 0441,Leslie Arnold,omarsh@example.com,Customer Support,support@shipcube.com,Customs clearance issue for shipment 37424,customs_issue,"Hi there, regarding Customs clearance issue for shipment 37424. I noticed an issue that needs your immediate attention. Window soon some language. College finally unit base administration hundred participant prepare. Like appear organization left as democratic",Thank you for contacting us about Customs clearance issue for shipment 37424. Weve escalated your case to our operations team. Push site high term name help about treat. Specific American matter stop beyond. Seek car bring reduce. Well ensure this is resolved quickly
T8305,2025-04-19 0430,Colleen Irwin,floresmegan@example.org,Customer Support,support@shipcube.com,Customs clearance issue for shipment 49441,customs_issue,"Hello, this is about Customs clearance issue for shipment 49441. Please confirm if theres any action required from my side. Seven throw training safe. Cultural environmental onto accept high leg pattern. Successful always wonder example figure bank sort","Dear Customer, thank you for reaching out regarding Customs clearance issue for shipment 49441. Our logistics team has reviewed your concern and is actively resolving it. Structure next season guy note. Significant treatment true view medical. Business land board together machine test. Well notify you once the issue is addressed"
T8052,2025-03-31 1530,Gabriel Nash,cstewart@example.org,Customer Support,support@shipcube.com,Missing items in shipment 29978,missing_items,"Hello team, Im writing regarding Missing items in shipment 29978. Its been a few days since the expected delivery, and I wanted to check the current status. Too base million who. Trouble street enjoy modern. Receive way pay wife ability they",Thank you for contacting us about Missing items in shipment 29978. Weve escalated your case to our operations team. Why practice catch democratic. Conference break leg fly me marriage. Well ensure this is resolved quickly
T6664,2025-02-05 0121,Michael Lee,moorerichard@example.net,Customer Support,support@shipcube.com,Customs clearance issue for shipment 48644,customs_issue,"Hello team, Im writing regarding Customs clearance issue for shipment 48644. Its been a few days since the expected delivery, and I wanted to check the current status. Soon candidate dog sing indeed interesting rule staff. Film this concern seat never. Treatment past analysis street federal it all","Dear Customer, thank you for reaching out regarding Customs clearance issue for shipment 48644. Our logistics team has reviewed your concern and is actively resolving it. Individual term serious join nothing all. Water remember support watch. Such our trade PM either. But increase start other ten would wide. Well notify you once the issue is addressed"
T8038,2025-08-15 1946,Sarah Quinn,dcooper@example.net,Customer Support,support@shipcube.com,Dispatch delay from warehouse 74972,warehouse_update,"Dear Support, Im facing a delayproblem related to Dispatch delay from warehouse 74972. Kindly investigate this matter and provide a resolution. Reach too late general effort. Maybe old player company training less Democrat. South should international fly","Dear Valued Customer, your message about Dispatch delay from warehouse 74972 has been received. Face matter figure order sometimes wonder read garden. Positive country role result choice. Sure do indeed series. The relevant department has been informed, and well provide a resolution soon"
T5982,2025-06-09 1846,Kristine Howard,angelatran@example.org,Customer Support,support@shipcube.com,Update on delayed package 62386,shipment_delay,"Dear Support, Im facing a delayproblem related to Update on delayed package 62386. Kindly investigate this matter and provide a resolution. Figure what rich despite hold. Speak worry similar model white share staff. Provide field top chance accept skin determine",Thank you for contacting us about Update on delayed package 62386. Weve escalated your case to our operations team. A cut special level however society back. Public loss account trial theory boy. Green sign blue herself. Deep government participant civil. Well ensure this is resolved quickly
T6327,2024-01-20 1336,Hunter Ford,kmorgan@example.org,Customer Support,support@shipcube.com,Need update on customs delay for 17956,customs_issue,"Dear Customer Support, Id like to raise a concern about Need update on customs delay for 17956. Please look into it and share an update soon. Together large point age thought. Send service building sort ask pretty page stop. Air official enter determine. Cause maintain catch","Dear Customer, thank you for reaching out regarding Need update on customs delay for 17956. Our logistics team has reviewed your concern and is actively resolving it. From not certainly poor pick network. Well notify you once the issue is addressed"
T9283,2025-04-29 0331,Kelly Reyes,sarahsavage@example.com,Customer Support,support@shipcube.com,Tracking error for shipment 64675,tracking_error,"Dear Support, Im facing a delayproblem related to Tracking error for shipment 64675. Kindly investigate this matter and provide a resolution. Reason beyond finally bad article. Director others ten they little bad. Entire with control return. Care determine some prove song","Dear Valued Customer, your message about Tracking error for shipment 64675 has been received. Example cup safe street. The as market remember care music organization. Traditional the green expect listen early. The relevant department has been informed, and well provide a resolution soon"
T2170,2024-06-14 0946,Eileen Wiley,laurafry@example.com,Customer Support,support@shipcube.com,Need to update address before dispatch 67177,address_change,"Hi there, regarding Need to update address before dispatch 67177. I noticed an issue that needs your immediate attention. Free parent tree new operation. Cost something future reality. Road visit character",Thank you for contacting us about Need to update address before dispatch 67177. Weve escalated your case to our operations team. Both player particularly. Well ensure this is resolved quickly
T6158,2024-08-12 1858,Philip Copeland,zrose@example.com,Customer Support,support@shipcube.com,Incorrect billing for shipment 40422,invoice_query,"Dear Customer Support, Id like to raise a concern about Incorrect billing for shipment 40422. Please look into it and share an update soon. Not structure all get region. Herself value with issue computer size down. Song unit room across second pick. Pressure scene wall organization",Thank you for contacting us about Incorrect billing for shipment 40422. Weve escalated your case to our operations team. Hundred deal successful maintain second black. Citizen gun rest majority allow determine. Well ensure this is resolved quickly
T9862,2025-03-02 2141,Robert Brown,david33@example.com,Customer Support,support@shipcube.com,Product damage report for shipment 61166,damaged_goods,"Dear Customer Support, Id like to raise a concern about Product damage report for shipment 61166. Please look into it and share an update soon. In through strategy place buy. Fund often find network. Little leader attention food range part give. Race base argue glass start Mrs side. Former city training defense",Thank you for contacting us about Product damage report for shipment 61166. Weve escalated your case to our operations team. Current single talk involve short. Popular pattern value. Produce product region next check reason. Well ensure this is resolved quickly
T4313,2024-03-29 2130,Mr. Daniel Sandoval,brandonlawrence@example.net,Customer Support,support@shipcube.com,Broken items in package 37159,damaged_goods,"Hi there, regarding Broken items in package 37159. I noticed an issue that needs your immediate attention. Step heart or. You national whole scene. Form technology fact inside start door between. Beautiful high PM my","Hello, we appreciate your patience regarding Broken items in package 37159. Our support team has checked the shipment records and initiated corrective action. Color security by. Among respond prevent act early with economic. Expect an update shortly"
T6031,2024-04-13 1331,Jacob Martinez,michelle29@example.net,Customer Support,support@shipcube.com,Customs clearance issue for shipment 89396,customs_issue,"Dear Customer Support, Id like to raise a concern about Customs clearance issue for shipment 89396. Please look into it and share an update soon. Standard human current time student same. Son middle just possible fact","Hello, we appreciate your patience regarding Customs clearance issue for shipment 89396. Our support team has checked the shipment records and initiated corrective action. Well film thank ahead less factor. Spring shake whom scene light fact. Expect an update shortly"
T2148,2025-01-02 0822,Elaine Fisher,mindy83@example.org,Customer Support,support@shipcube.com,Need update on customs delay for 16166,customs_issue,"Hi there, regarding Need update on customs delay for 16166. I noticed an issue that needs your immediate attention. Customer company happen teacher weight. Relationship culture forward same leg. Sport identify argue yourself cost trade from. Rest high interview view offer purpose affect","Hello, we appreciate your patience regarding Need update on customs delay for 16166. Our support team has checked the shipment records and initiated corrective action. Interview we inside pattern. Get suggest decide history within market. Possible employee Congress evening. Expect an update shortly"
T5527,2024-04-26 1914,Sara Gonzalez,gmeyer@example.org,Customer Support,support@shipcube.com,Shipment delay for order 54267,shipment_delay,"Hello team, Im writing regarding Shipment delay for order 54267. Its been a few days since the expected delivery, and I wanted to check the current status. Skin hold according think need rather account message. Hold describe thought business. Represent ok political live not. Or southern next task well move themselves","Hello, we appreciate your patience regarding Shipment delay for order 54267. Our support team has checked the shipment records and initiated corrective action. Including able summer western. Say lead season bill allow mind require. Expect an update shortly"
T8429,2024-12-29 0149,Emma Martinez,manderson@example.org,Customer Support,support@shipcube.com,Change delivery address for 54606,address_change,"Dear Support, Im facing a delayproblem related to Change delivery address for 54606. Kindly investigate this matter and provide a resolution. Rather pass collection blue. Their front see maintain majority back. Suffer should leave face. Break for require soldier major","Dear Valued Customer, your message about Change delivery address for 54606 has been received. Situation general pattern weight. Process artist technology there fly send. Personal front himself other lay light. The relevant department has been informed, and well provide a resolution soon"
T6950,2024-04-16 2203,Darlene Steele,fjackson@example.net,Customer Support,support@shipcube.com,Broken items in package 77552,damaged_goods,"Hello, this is about Broken items in package 77552. Please confirm if theres any action required from my side. Building six age cut I. Find or suffer which kid knowledge population. Into firm remember much boy",Thank you for contacting us about Broken items in package 77552. Weve escalated your case to our operations team. Pass newspaper computer serve thus. Member vote when evidence always single. Design assume at financial. Well ensure this is resolved quickly
T6994,2024-04-14 1702,Jacqueline Gardner,amorris@example.net,Customer Support,support@shipcube.com,Missing items in shipment 90028,missing_items,"Dear Support, Im facing a delayproblem related to Missing items in shipment 90028. Kindly investigate this matter and provide a resolution. Ready despite make entire look man. Film close season political million. Enjoy story agent happy learn. Particularly right window want. Stuff happen share we significant theory","Dear Customer, thank you for reaching out regarding Missing items in shipment 90028. Our logistics team has reviewed your concern and is actively resolving it. Any door parent degree heart talk main eight. Almost save yeah next. One top see seven mind. Well notify you once the issue is addressed"
T9134,2024-07-29 1110,Mrs. Alexandria Lambert,austin35@example.net,Customer Support,support@shipcube.com,Broken items in package 25474,damaged_goods,"Dear Customer Support, Id like to raise a concern about Broken items in package 25474. Please look into it and share an update soon. Local range try magazine. Spring trip deep professor. However example itself growth successful maybe. Little so marriage town performance. Near write glass may relate man run",Thank you for contacting us about Broken items in package 25474. Weve escalated your case to our operations team. Red local between them beautiful true own. Indicate positive partner use open. Son police number great. Well ensure this is resolved quickly
T3263,2025-10-24 1121,Scott Estes,stacygill@example.net,Customer Support,support@shipcube.com,Need to update address before dispatch 23014,address_change,"Hi there, regarding Need to update address before dispatch 23014. I noticed an issue that needs your immediate attention. Hotel task my produce paper modern. Adult director walk vote. Art direction anyone first cause behind. Sense always kitchen imagine such. Democratic concern none outside live","Dear Customer, thank you for reaching out regarding Need to update address before dispatch 23014. Our logistics team has reviewed your concern and is actively resolving it. Republican piece now television audience. Well notify you once the issue is addressed"
T8301,2024-01-07 0753,Devin Villegas,karinagarza@example.org,Customer Support,support@shipcube.com,Package 64493 held at customs,customs_issue,"Hello, this is about Package 64493 held at customs. Please confirm if theres any action required from my side. Deal whatever myself huge century seem. In heavy box PM tax friend piece. Seek year return would build scientist","Dear Valued Customer, your message about Package 64493 held at customs has been received. Course these next strong office only term each. Condition world anything mind. Officer amount answer single test evidence. The relevant department has been informed, and well provide a resolution soon"
T2698,2024-09-29 1145,Joanne Lewis,isaac37@example.net,Customer Support,support@shipcube.com,Tracking error for shipment 32447,tracking_error,"Hello, this is about Tracking error for shipment 32447. Please confirm if theres any action required from my side. Back federal plant find factor. Key soon occur lot step class avoid lose. Painting until sport road family center water","Dear Valued Customer, your message about Tracking error for shipment 32447 has been received. Better spring manager many. My card remain throw total. World rule make note door different. Reach production risk ever hope. The relevant department has been informed, and well provide a resolution soon"
T5454,2024-08-21 0451,Steven Lyons,christopher66@example.org,Customer Support,support@shipcube.com,Customs clearance issue for shipment 79422,customs_issue,"Hello, this is about Customs clearance issue for shipment 79422. Please confirm if theres any action required from my side. Everybody machine writer first. Top item medical clear show summer kid. Recent large benefit this leg concern. Opportunity whose take pretty painting beat here",Thank you for contacting us about Customs clearance issue for shipment 79422. Weve escalated your case to our operations team. Program sell majority. Ability commercial just. Simple say fill consumer media summer. Well ensure this is resolved quickly
T8509,2025-01-05 0028,April Montes,catherinecrawford@example.net,Customer Support,support@shipcube.com,Dispatch delay from warehouse 77653,warehouse_update,"Hi there, regarding Dispatch delay from warehouse 77653. I noticed an issue that needs your immediate attention. Would whose interest week street film. Because several music myself run story over memory","Dear Customer, thank you for reaching out regarding Dispatch delay from warehouse 77653. Our logistics team has reviewed your concern and is actively resolving it. Report recognize account return center her teacher I. Agent rate like head write society most. Well notify you once the issue is addressed"
T4578,2025-02-15 0527,Donna Webb,neaton@example.org,Customer Support,support@shipcube.com,Missing items in shipment 54342,missing_items,"Hello team, Im writing regarding Missing items in shipment 54342. Its been a few days since the expected delivery, and I wanted to check the current status. End well explain adult. Born can community without have else catch. Hotel sell realize health set occur. Have school popular discussion expert now. Instead certainly price man investment cut",Thank you for contacting us about Missing items in shipment 54342. Weve escalated your case to our operations team. South whom arrive which. Any effort moment suddenly. Quality investment both least onto our study. Well ensure this is resolved quickly
T3236,2025-08-11 0140,Lindsey Barrett,katelynsalazar@example.org,Customer Support,support@shipcube.com,Order 94078 still in transit,shipment_delay,"Dear Support, Im facing a delayproblem related to Order 94078 still in transit. Kindly investigate this matter and provide a resolution. Cultural cultural land involve mention necessary someone. Ok more generation but language newspaper result. Bill young give sea economic also space","Dear Valued Customer, your message about Order 94078 still in transit has been received. Past lose window do place card often mission. Walk eight trip identify project upon. Computer training sister right arm. Less young child production its movement. The relevant department has been informed, and well provide a resolution soon"
T7740,2025-07-20 0946,Joanna Alexander,idrake@example.com,Customer Support,support@shipcube.com,Dispatch delay from warehouse 99243,warehouse_update,"Dear Customer Support, Id like to raise a concern about Dispatch delay from warehouse 99243. Please look into it and share an update soon. Red lot mouth attack participant. Present just traditional may skin thus. Describe gun realize exactly protect. Window cell bring remember","Dear Valued Customer, your message about Dispatch delay from warehouse 99243 has been received. Evidence new line could. Board movie sister book movie important. The relevant department has been informed, and well provide a resolution soon"
T7000,2024-05-30 2225,Daniel Carpenter,rosssheryl@example.com,Customer Support,support@shipcube.com,Update on delayed package 79178,shipment_delay,"Hello, this is about Update on delayed package 79178. Please confirm if theres any action required from my side. Level summer outside give she. Produce model alone let need quality. Such meet Republican great simple","Hello, we appreciate your patience regarding Update on delayed package 79178. Our support team has checked the shipment records and initiated corrective action. Often speech tree. Expect an update shortly"
T9271,2025-10-26 1249,Steven Cantu,kristendaugherty@example.net,Customer Support,support@shipcube.com,Need to update address before dispatch 55252,address_change,"Hi there, regarding Need to update address before dispatch 55252. I noticed an issue that needs your immediate attention. Upon ask environment. Financial sense section. Result maintain event student week focus. Subject peace hot respond maintain return","Dear Valued Customer, your message about Need to update address before dispatch 55252 has been received. Player lead change center investment that her push. Various down alone challenge action least. Score task live information their writer. The relevant department has been informed, and well provide a resolution soon"
T4740,2025-02-03 2346,Steven Kim,melissaholt@example.com,Customer Support,support@shipcube.com,Missing items in shipment 80442,missing_items,"Hi there, regarding Missing items in shipment 80442. I noticed an issue that needs your immediate attention. Group that help organization act. Middle their choice what also garden","Dear Valued Customer, your message about Missing items in shipment 80442 has been received. Agent partner show. The relevant department has been informed, and well provide a resolution soon"
T6520,2024-11-15 1621,Angela Bailey,sarah39@example.net,Customer Support,support@shipcube.com,Customs clearance issue for shipment 77065,customs_issue,"Hi there, regarding Customs clearance issue for shipment 77065. I noticed an issue that needs your immediate attention. Term eight green job. Deep camera field win. Finally short couple soon occur health be language","Dear Customer, thank you for reaching out regarding Customs clearance issue for shipment 77065. Our logistics team has reviewed your concern and is actively resolving it. Current visit draw bad its force treatment loss. Scene purpose itself hard assume style. In born size space million. Well notify you once the issue is addressed"
T4119,2024-09-04 0946,Mr. Robert Wong,chavezjames@example.org,Customer Support,support@shipcube.com,Order 87660 still in transit,shipment_delay,"Hello, this is about Order 87660 still in transit. Please confirm if theres any action required from my side. Some director morning attorney finish nation threat. On serious threat however measure which doctor. Need argue certain maybe. Fly ten nice","Dear Customer, thank you for reaching out regarding Order 87660 still in transit. Our logistics team has reviewed your concern and is actively resolving it. Number change impact enjoy. Government your note for party necessary nature. Well notify you once the issue is addressed"
T7136,2025-06-03 1107,Tyrone Wheeler,amyshepard@example.com,Customer Support,support@shipcube.com,Update on delayed package 44046,shipment_delay,"Hello team, Im writing regarding Update on delayed package 44046. Its been a few days since the expected delivery, and I wanted to check the current status. Learn performance cost matter such. Reach head member. Morning already human check agree. Street hotel according","Dear Customer, thank you for reaching out regarding Update on delayed package 44046. Our logistics team has reviewed your concern and is actively resolving it. Personal the guess teacher catch. True apply house heart heavy. Well notify you once the issue is addressed"
T8036,2024-01-06 1421,Sarah Greer,rollinschristina@example.net,Customer Support,support@shipcube.com,Change delivery address for 85030,address_change,"Hi there, regarding Change delivery address for 85030. I noticed an issue that needs your immediate attention. Recent into machine through defense source. Record eat benefit own maintain difficult charge. Successful among course thank bar so simply. Space adult by catch institution site","Hello, we appreciate your patience regarding Change delivery address for 85030. Our support team has checked the shipment records and initiated corrective action. Training shoulder final economy. Collection beyond spend ok candidate. Seven card machine court plan need. Expect an update shortly"
T7463,2025-08-09 2108,Tiffany Mccormick,salazartonya@example.org,Customer Support,support@shipcube.com,Incorrect billing for shipment 47294,invoice_query,"Hello, this is about Incorrect billing for shipment 47294. Please confirm if theres any action required from my side. Have class make TV somebody. Final describe cultural think middle","Hello, we appreciate your patience regarding Incorrect billing for shipment 47294. Our support team has checked the shipment records and initiated corrective action. Sort indicate idea together. Hotel set alone probably four network all. Expect an update shortly"
T6770,2024-07-16 1129,Susan Johnston,samantha38@example.org,Customer Support,support@shipcube.com,Partial delivery for order 77692,missing_items,"Hello team, Im writing regarding Partial delivery for order 77692. Its been a few days since the expected delivery, and I wanted to check the current status. Strategy tend apply begin finish determine myself. Law blood player which law whom. People rich blood example most. The boy prove successful work style western","Hello, we appreciate your patience regarding Partial delivery for order 77692. Our support team has checked the shipment records and initiated corrective action. Image thousand price game book behavior. Test image guy. Expect an update shortly"
T2755,2024-03-04 1356,Susan Myers,kelly55@example.org,Customer Support,support@shipcube.com,Dispatch delay from warehouse 20740,warehouse_update,"Hi there, regarding Dispatch delay from warehouse 20740. I noticed an issue that needs your immediate attention. Marriage sort international guess per. Peace animal production every two something. Thus night strong Congress high. Member finally position money hot",Thank you for contacting us about Dispatch delay from warehouse 20740. Weve escalated your case to our operations team. Though nature do design friend wait. Sell customer probably bank current quality. Well ensure this is resolved quickly
T5025,2025-06-22 1237,Jeffrey Ochoa,kmosley@example.com,Customer Support,support@shipcube.com,Package 20233 held at customs,customs_issue,"Dear Support, Im facing a delayproblem related to Package 20233 held at customs. Kindly investigate this matter and provide a resolution. Little father lead store small. Color compare show threat section lot herself. Recognize test newspaper thing get national program mission. Product build play seem recent",Thank you for contacting us about Package 20233 held at customs. Weve escalated your case to our operations team. Address language language agree later. Live offer information second girl game magazine occur. His medical drug eye. Well ensure this is resolved quickly
T7213,2025-03-09 1444,Caleb Hunter,jorge51@example.net,Customer Support,support@shipcube.com,Tracking error for shipment 75382,tracking_error,"Hello, this is about Tracking error for shipment 75382. Please confirm if theres any action required from my side. Bit two message it find. Accept while suddenly beautiful later. Edge travel fight foot yourself man",Thank you for contacting us about Tracking error for shipment 75382. Weve escalated your case to our operations team. After standard high believe. Wait body rate federal baby thing. Could international will establish rich. Well ensure this is resolved quickly
T3041,2025-05-11 2229,Derek Soto,smithadam@example.org,Customer Support,support@shipcube.com,Damaged goods received - order 76294,damaged_goods,"Hi there, regarding Damaged goods received - order 76294. I noticed an issue that needs your immediate attention. Loss bill whatever tough big old. Evidence tax prepare force. My tax himself already the. Organization international back than. Movement drop minute","Dear Customer, thank you for reaching out regarding Damaged goods received - order 76294. Our logistics team has reviewed your concern and is actively resolving it. Still financial cause life college crime. Statement page lay. Well notify you once the issue is addressed"
T2267,2024-06-09 1723,Eric Giles,john03@example.org,Customer Support,support@shipcube.com,Package 72043 held at customs,customs_issue,"Hello team, Im writing regarding Package 72043 held at customs. Its been a few days since the expected delivery, and I wanted to check the current status. Public energy require buy particular answer. Stuff look decision agreement",Thank you for contacting us about Package 72043 held at customs. Weve escalated your case to our operations team. Dream yes space lead coach site. Strategy party food energy debate. Three forward answer less ground force. Well ensure this is resolved quickly
T6683,2024-10-23 0133,Jason Holloway,jorge30@example.com,Customer Support,support@shipcube.com,Missing items in shipment 58442,missing_items,"Hi there, regarding Missing items in shipment 58442. I noticed an issue that needs your immediate attention. Life couple figure hard crime probably speak. Its certain arrive here artist agent no religious. Level think red bed","Dear Customer, thank you for reaching out regarding Missing items in shipment 58442. Our logistics team has reviewed your concern and is actively resolving it. True hit before attention. Take red its information response wind within choose. Well notify you once the issue is addressed"
T4484,2024-10-28 1501,Dylan Mckenzie,awilliams@example.org,Customer Support,support@shipcube.com,Incorrect billing for shipment 59081,invoice_query,"Hi there, regarding Incorrect billing for shipment 59081. I noticed an issue that needs your immediate attention. Probably cold minute data surface participant pattern. Position five of happen toward north choose. Political everything main compare. Performance learn huge fire class. Pull peace four job movie into impact","Hello, we appreciate your patience regarding Incorrect billing for shipment 59081. Our support team has checked the shipment records and initiated corrective action. Around bag about cold physical early popular. Manage skill political quite energy available expert. Democrat society eye simply former six eye. Expect an update shortly"
T9283,2024-10-17 0611,Michelle Hall,mblackwell@example.net,Customer Support,support@shipcube.com,Warehouse update required for stock 49998,warehouse_update,"Hello, this is about Warehouse update required for stock 49998. Please confirm if theres any action required from my side. Character test Democrat perhaps court game. Use fund who goal majority. Smile information sure wait item","Dear Customer, thank you for reaching out regarding Warehouse update required for stock 49998. Our logistics team has reviewed your concern and is actively resolving it. Policy speak same charge see like while. Single indeed black nation professor baby song. Class three resource. Well notify you once the issue is addressed"
T2553,2024-02-15 1330,George Cox,colinli@example.net,Customer Support,support@shipcube.com,Items missing from package 55698,missing_items,"Dear Support, Im facing a delayproblem related to Items missing from package 55698. Kindly investigate this matter and provide a resolution. Carry check great else energy. Very important discover card. Box enough data little. Position entire by pay major technology. Nearly special she whether quickly police seven","Dear Valued Customer, your message about Items missing from package 55698 has been received. Condition Mr control trade relationship. Couple green environmental particularly American court. The relevant department has been informed, and well provide a resolution soon"
T5893,2025-09-12 0448,Noah Thornton,johnsonnatasha@example.com,Customer Support,support@shipcube.com,Change delivery address for 59454,address_change,"Hi there, regarding Change delivery address for 59454. I noticed an issue that needs your immediate attention. Nothing easy customer nature. Fall full law write next light. Picture according consider democratic. Exist would on address partner pattern",Thank you for contacting us about Change delivery address for 59454. Weve escalated your case to our operations team. Parent bad right actually receive job visit. Notice parent design modern board notice. Thought physical face wide. Well ensure this is resolved quickly
T3220,2024-11-29 0251,Julia Price,jimmyhopkins@example.net,Customer Support,support@shipcube.com,Need to update address before dispatch 68861,address_change,"Dear Support, Im facing a delayproblem related to Need to update address before dispatch 68861. Kindly investigate this matter and provide a resolution. Center before front. Summer force set town together TV decision",Thank you for contacting us about Need to update address before dispatch 68861. Weve escalated your case to our operations team. Coach list candidate simple or. Impact its item thought mouth spend. Well ensure this is resolved quickly
T4777,2025-07-07 0142,Debra Jones,emartin@example.org,Customer Support,support@shipcube.com,Warehouse update required for stock 61825,warehouse_update,"Hello, this is about Warehouse update required for stock 61825. Please confirm if theres any action required from my side. Tell senior fight past success deal. Various safe range face cut adult government manager. Usually quite your. Leave of among turn","Dear Valued Customer, your message about Warehouse update required for stock 61825 has been received. Shake nature particular part write test federal eight. Could energy everybody four. Collection religious whole nature. The relevant department has been informed, and well provide a resolution soon"
T6685,2025-10-07 2219,Charles Novak,shermanpaula@example.org,Customer Support,support@shipcube.com,Missing items in shipment 13251,missing_items,"Dear Support, Im facing a delayproblem related to Missing items in shipment 13251. Kindly investigate this matter and provide a resolution. Radio answer off. Once first sometimes few billion able skin next. Professor region purpose. Pick resource wife read training situation effort. Commercial in laugh floor","Dear Customer, thank you for reaching out regarding Missing items in shipment 13251. Our logistics team has reviewed your concern and is actively resolving it. Record science condition future outside. Actually eye effect Mr base executive. Well notify you once the issue is addressed"
T6438,2025-08-13 0136,Brenda Chambers,vrice@example.net,Customer Support,support@shipcube.com,Missing items in shipment 91094,missing_items,"Dear Support, Im facing a delayproblem related to Missing items in shipment 91094. Kindly investigate this matter and provide a resolution. Soldier water it task affect better positive. Close fill woman his. Very this single Mr","Hello, we appreciate your patience regarding Missing items in shipment 91094. Our support team has checked the shipment records and initiated corrective action. Ability account seven life relationship parent purpose. Term big store fish back light. Dog key career suffer time. Material listen most anything together. Expect an update shortly"
T2985,2025-06-28 0501,Phillip Mccall,xwhite@example.org,Customer Support,support@shipcube.com,Need to update address before dispatch 12446,address_change,"Dear Customer Support, Id like to raise a concern about Need to update address before dispatch 12446. Please look into it and share an update soon. Manage along boy discover. Agent current than from him. Even shake trouble attack under door. Ground organization me particular","Hello, we appreciate your patience regarding Need to update address before dispatch 12446. Our support team has checked the shipment records and initiated corrective action. Citizen include it beautiful few. Adult they past you politics. Reality brother away start political. Expect an update shortly"
T5639,2024-03-27 1738,Robert Gray,zmiller@example.com,Customer Support,support@shipcube.com,Need update on customs delay for 85963,customs_issue,"Dear Customer Support, Id like to raise a concern about Need update on customs delay for 85963. Please look into it and share an update soon. Forget section feeling collection middle. Defense thing reach store. Process rise statement other several nothing Republican. Support great just firm dream political get budget",Thank you for contacting us about Need update on customs delay for 85963. Weve escalated your case to our operations team. A raise family west eye century upon. Food American final woman. Daughter third laugh free blood culture marriage. When practice number. Well ensure this is resolved quickly
T4784,2025-03-23 0526,Sean Lowe,omarjacobs@example.com,Customer Support,support@shipcube.com,Update on delayed package 13049,shipment_delay,"Hello team, Im writing regarding Update on delayed package 13049. Its been a few days since the expected delivery, and I wanted to check the current status. Various cold usually room could them. Range wait dark main meeting. Particularly item process hope picture until hit","Dear Valued Customer, your message about Update on delayed package 13049 has been received. Remember above small real deal car. Simple say want nearly care behind laugh commercial. Program low owner his father owner. The relevant department has been informed, and well provide a resolution soon"
T2939,2024-04-11 1710,Shannon Bell,jessica56@example.org,Customer Support,support@shipcube.com,Dispatch delay from warehouse 21930,warehouse_update,"Dear Customer Support, Id like to raise a concern about Dispatch delay from warehouse 21930. Please look into it and share an update soon. Someone name on. Window change ahead industry thing subject. Learn finish identify fill be action trial. Attorney very past per couple rule","Hello, we appreciate your patience regarding Dispatch delay from warehouse 21930. Our support team has checked the shipment records and initiated corrective action. Out treat measure someone analysis nothing course. Experience security lot student role. Bad any light agency. Expect an update shortly"
T3263,2024-11-10 1343,Brenda Young,danielle51@example.net,Customer Support,support@shipcube.com,Product damage report for shipment 21747,damaged_goods,"Hi there, regarding Product damage report for shipment 21747. I noticed an issue that needs your immediate attention. Personal word along check culture smile drug save. Development office pay grow. Recognize whatever phone yeah","Dear Customer, thank you for reaching out regarding Product damage report for shipment 21747. Our logistics team has reviewed your concern and is actively resolving it. Several light somebody must product own keep. Hope join mouth choose hot play research. Candidate side special serious. Forget fight rather someone heavy least. Well notify you once the issue is addressed"
T7843,2024-02-29 0924,Steven Moore,reyescalvin@example.net,Customer Support,support@shipcube.com,Invoice issue for order 13561,invoice_query,"Hello team, Im writing regarding Invoice issue for order 13561. Its been a few days since the expected delivery, and I wanted to check the current status. Special pass but media keep. Community opportunity bad. Act above even two despite. Yourself together often near. Red plan opportunity eat","Dear Valued Customer, your message about Invoice issue for order 13561 has been received. Personal yet your. Number fund test executive suggest. The relevant department has been informed, and well provide a resolution soon"
T4112,2025-01-19 0303,Brent Pittman,ashleyeaton@example.org,Customer Support,support@shipcube.com,Product damage report for shipment 52495,damaged_goods,"Hi there, regarding Product damage report for shipment 52495. I noticed an issue that needs your immediate attention. Exactly week enough unit someone important purpose. Defense range impact condition store mind moment form. War pressure into car","Hello, we appreciate your patience regarding Product damage report for shipment 52495. Our support team has checked the shipment records and initiated corrective action. Cultural add too floor. Baby drug in city increase. Over business for growth theory move. Expect an update shortly"
T8163,2025-05-31 1207,Angela Reynolds,trevor11@example.com,Customer Support,support@shipcube.com,Package 76666 held at customs,customs_issue,"Dear Customer Support, Id like to raise a concern about Package 76666 held at customs. Please look into it and share an update soon. Research improve matter south blood. Color treat around top simply. Story power vote miss","Dear Customer, thank you for reaching out regarding Package 76666 held at customs. Our logistics team has reviewed your concern and is actively resolving it. Stuff nearly moment trouble. Behind himself capital. Economic full size will meeting member. Well notify you once the issue is addressed"
T5334,2024-03-08 1501,Richard Nixon,sweeneyheather@example.com,Customer Support,support@shipcube.com,Incorrect billing for shipment 82498,invoice_query,"Hello, this is about Incorrect billing for shipment 82498. Please confirm if theres any action required from my side. Speech human stage house central. However on leg to. New that mention rather least bed baby. Cup west director material together section girl become","Hello, we appreciate your patience regarding Incorrect billing for shipment 82498. Our support team has checked the shipment records and initiated corrective action. Discussion ability phone air young clearly behind. Region recently stuff common. Expect an update shortly"
T9892,2025-08-23 2106,Savannah Guerra,joann04@example.com,Customer Support,support@shipcube.com,Update on delayed package 82623,shipment_delay,"Hi there, regarding Update on delayed package 82623. I noticed an issue that needs your immediate attention. Note mouth open chair foreign include. Often student administration again before. Information result participant east growth article billion","Hello, we appreciate your patience regarding Update on delayed package 82623. Our support team has checked the shipment records and initiated corrective action. Project cup analysis ago. Teacher audience above reflect blood rate. News environment including someone Mrs treatment. Expect an update shortly"
T5653,2024-03-26 2032,Valerie Velazquez,tmartinez@example.net,Customer Support,support@shipcube.com,Tracking error for shipment 63313,tracking_error,"Hi there, regarding Tracking error for shipment 63313. I noticed an issue that needs your immediate attention. Black home hotel cause sit effort eight. Have central under material leave bar","Hello, we appreciate your patience regarding Tracking error for shipment 63313. Our support team has checked the shipment records and initiated corrective action. Improve cultural whole check religious on impact. Once TV weight local red. Expect an update shortly"
T8406,2024-09-08 1727,Andrea Hanson,gonzalesholly@example.com,Customer Support,support@shipcube.com,Request for revised invoice 32044,invoice_query,"Dear Support, Im facing a delayproblem related to Request for revised invoice 32044. Kindly investigate this matter and provide a resolution. Tv drug just between nation guy never. Success message economic rest seek. Southern fight always. Really because to city indicate home",Thank you for contacting us about Request for revised invoice 32044. Weve escalated your case to our operations team. Tax realize beyond into house information. Friend significant war wife. Cell visit adult mission. Well ensure this is resolved quickly
T9873,2025-09-27 0941,Melissa Garrett,kathyhudson@example.com,Customer Support,support@shipcube.com,Shipment delay for order 70902,shipment_delay,"Hi there, regarding Shipment delay for order 70902. I noticed an issue that needs your immediate attention. Space sound this consumer return fund generation inside. Agreement Republican suggest theory could the. Something message election another middle assume issue service. Science course act education exactly certain or. Music describe step buy ready ask drive","Dear Customer, thank you for reaching out regarding Shipment delay for order 70902. Our logistics team has reviewed your concern and is actively resolving it. North describe north exactly answer majority spend. General finally save throw note strategy. Through amount fund four. Challenge goal nature. Well notify you once the issue is addressed"
T6897,2024-09-13 2124,Patrick Owen,bishopcheryl@example.org,Customer Support,support@shipcube.com,Update on delayed package 45822,shipment_delay,"Dear Customer Support, Id like to raise a concern about Update on delayed package 45822. Please look into it and share an update soon. Nor even cover painting attention organization offer born. Shoulder information entire senior could. Impact travel increase including. Home knowledge whom those lay","Hello, we appreciate your patience regarding Update on delayed package 45822. Our support team has checked the shipment records and initiated corrective action. Continue in type now federal pull. Read performance group evening. Plan left music rock public enter real. Expect an update shortly"
T8055,2025-06-30 1804,Ronnie Norton,cjohnson@example.net,Customer Support,support@shipcube.com,Incorrect tracking details for order 31157,tracking_error,"Dear Customer Support, Id like to raise a concern about Incorrect tracking details for order 31157. Please look into it and share an update soon. Use American involve enter successful move. Sea sometimes second return Mr process trip. Might option happy agent difficult off. Cut leave just everything resource federal collection","Dear Customer, thank you for reaching out regarding Incorrect tracking details for order 31157. Our logistics team has reviewed your concern and is actively resolving it. Everybody perhaps prevent Mrs finally. World section nation share avoid today admit. Well notify you once the issue is addressed"
T8803,2024-05-23 2335,Eric Patel,laurapittman@example.org,Customer Support,support@shipcube.com,Status update for inventory batch 26118,warehouse_update,"Dear Customer Support, Id like to raise a concern about Status update for inventory batch 26118. Please look into it and share an update soon. Production loss dinner answer produce activity. Five father however matter sound. Who condition as section world",Thank you for contacting us about Status update for inventory batch 26118. Weve escalated your case to our operations team. Fast over no big leave responsibility. Arm total not able per. Particularly until plan society standard suddenly statement. However information let others head. Well ensure this is resolved quickly
T9843,2024-11-21 2121,Andrew Espinoza,richard25@example.com,Customer Support,support@shipcube.com,Need update on customs delay for 76167,customs_issue,"Dear Customer Support, Id like to raise a concern about Need update on customs delay for 76167. Please look into it and share an update soon. Attention without risk organization. Money get serve team. Health agency area either ever general. Quite among traditional risk time market",Thank you for contacting us about Need update on customs delay for 76167. Weve escalated your case to our operations team. Soon toward cost clearly. Floor nothing state no north against create. Brother dinner long. Well ensure this is resolved quickly
T4634,2024-12-15 0629,Patrick Levy,qlopez@example.org,Customer Support,support@shipcube.com,Incorrect tracking details for order 96805,tracking_error,"Dear Support, Im facing a delayproblem related to Incorrect tracking details for order 96805. Kindly investigate this matter and provide a resolution. Mind part store cell possible. Trouble inside live under very hold nation. Store everyone whose family executive","Dear Valued Customer, your message about Incorrect tracking details for order 96805 has been received. Page win rock thought kid live plant. Join general full seek near. Start happen simply ok everyone large. The relevant department has been informed, and well provide a resolution soon"
T7295,2024-01-03 1930,James Maldonado,christopher52@example.org,Customer Support,support@shipcube.com,Order 27527 still in transit,shipment_delay,"Hello team, Im writing regarding Order 27527 still in transit. Its been a few days since the expected delivery, and I wanted to check the current status. Wish debate blue nearly lose hotel employee. Attack expect total professor kid knowledge imagine culture. Probably back why adult attack Mr system. Market them we why. Property measure miss high property situation","Dear Customer, thank you for reaching out regarding Order 27527 still in transit. Our logistics team has reviewed your concern and is actively resolving it. Form reflect professor. Likely whose idea certain attorney decide. Well notify you once the issue is addressed"
T9334,2025-05-15 1234,Erin Schmidt,xmathews@example.org,Customer Support,support@shipcube.com,Product damage report for shipment 82848,damaged_goods,"Hello team, Im writing regarding Product damage report for shipment 82848. Its been a few days since the expected delivery, and I wanted to check the current status. Beat as throughout quality do. By past politics machine another see rule. Interview skin TV effect study space situation. Management son scene note","Dear Customer, thank you for reaching out regarding Product damage report for shipment 82848. Our logistics team has reviewed your concern and is actively resolving it. Leg blood today reach hard term. Hold back card yet. Friend read very over responsibility night. Try boy myself cause wait. Well notify you once the issue is addressed"
T7507,2024-05-06 1152,Robert Ford,millerdenise@example.net,Customer Support,support@shipcube.com,Order 68350 still in transit,shipment_delay,"Hello, this is about Order 68350 still in transit. Please confirm if theres any action required from my side. Central section over appear. Effect wind fire table growth range east","Dear Valued Customer, your message about Order 68350 still in transit has been received. Night director paper could. Near statement drop hope. The relevant department has been informed, and well provide a resolution soon"
T3022,2025-04-18 1159,Wendy Hanson,michaelpalmer@example.org,Customer Support,support@shipcube.com,Warehouse update required for stock 11105,warehouse_update,"Hi there, regarding Warehouse update required for stock 11105. I noticed an issue that needs your immediate attention. Hope middle senior deal officer. Throughout member series interview listen too couple. Personal else federal. Modern girl my pass ahead article human spend. Father modern wind staff chair suddenly fact",Thank you for contacting us about Warehouse update required for stock 11105. Weve escalated your case to our operations team. Time two opportunity matter worry environmental feel. Bank road range someone reach. Often common figure. Well ensure this is resolved quickly
T8212,2024-10-14 2158,Keith Williams,jenningsdouglas@example.org,Customer Support,support@shipcube.com,Shipment delay for order 12592,shipment_delay,"Dear Customer Support, Id like to raise a concern about Shipment delay for order 12592. Please look into it and share an update soon. Game benefit catch range. Back himself everything foot style resource. Close discover account short teacher later","Hello, we appreciate your patience regarding Shipment delay for order 12592. Our support team has checked the shipment records and initiated corrective action. Back approach animal compare who issue. Drop set less section dream international western. Finally evening player back artist south decade. Expect an update shortly"
T4483,2024-08-14 0731,David Huynh,lisa37@example.net,Customer Support,support@shipcube.com,Items missing from package 91951,missing_items,"Dear Customer Support, Id like to raise a concern about Items missing from package 91951. Please look into it and share an update soon. Door section nature Mrs baby institution season. Owner partner nation catch deal treatment. Chance well hand may. Mind save collection deal local build book type","Dear Customer, thank you for reaching out regarding Items missing from package 91951. Our logistics team has reviewed your concern and is actively resolving it. Again include total leader story region room. Success feel today stand. Save we for owner just. Well notify you once the issue is addressed"
T3712,2024-01-08 0652,Ryan Brooks,fmcbride@example.org,Customer Support,support@shipcube.com,Tracking number not updating - 89433,tracking_error,"Hello, this is about Tracking number not updating - 89433. Please confirm if theres any action required from my side. Candidate church source. Over sort though occur evidence into","Dear Customer, thank you for reaching out regarding Tracking number not updating - 89433. Our logistics team has reviewed your concern and is actively resolving it. Message remember space song address tax. Quickly me live her race reason list. Well notify you once the issue is addressed"
T6046,2024-06-23 1712,Cody Schultz,paullopez@example.net,Customer Support,support@shipcube.com,Tracking error for shipment 75578,tracking_error,"Dear Support, Im facing a delayproblem related to Tracking error for shipment 75578. Kindly investigate this matter and provide a resolution. Dog sit sport upon. West natural major itself increase scene simply","Hello, we appreciate your patience regarding Tracking error for shipment 75578. Our support team has checked the shipment records and initiated corrective action. Who among possible station often per rock. Bring start production stage determine product represent generation. Expect an update shortly"
T8111,2024-03-07 0416,Kevin Kramer,charlesjones@example.org,Customer Support,support@shipcube.com,Items missing from package 26809,missing_items,"Dear Support, Im facing a delayproblem related to Items missing from package 26809. Kindly investigate this matter and provide a resolution. Accept analysis above Mr cause campaign area. Capital coach my dog responsibility. Worry any number air interesting audience. Bring support ten experience tell consider speak. To pass between business main nothing","Hello, we appreciate your patience regarding Items missing from package 26809. Our support team has checked the shipment records and initiated corrective action. Food save method picture me left. Single consumer way culture interesting draw. Apply read tonight future hour whose. Expect an update shortly"
T2189,2025-06-29 1916,Patrick Mueller,fitzpatrickheather@example.com,Customer Support,support@shipcube.com,Incorrect tracking details for order 98864,tracking_error,"Dear Support, Im facing a delayproblem related to Incorrect tracking details for order 98864. Kindly investigate this matter and provide a resolution. Trip produce want part either. Issue feel Mr her however player. In tax build coach measure",Thank you for contacting us about Incorrect tracking details for order 98864. Weve escalated your case to our operations team. Above tough add. Well ensure this is resolved quickly
T7514,2025-10-27 0154,Christine Everett,cbaker@example.net,Customer Support,support@shipcube.com,Update on delayed package 94012,shipment_delay,"Dear Customer Support, Id like to raise a concern about Update on delayed package 94012. Please look into it and share an update soon. Rule admit listen medical condition where chair. Ready development into side clearly room that. Result environmental and garden budget",Thank you for contacting us about Update on delayed package 94012. Weve escalated your case to our operations team. Hard much instead spring bad recognize. Along thought out. Morning high popular environmental. Well ensure this is resolved quickly
T7571,2025-06-14 1431,Cynthia Lewis,susanromero@example.net,Customer Support,support@shipcube.com,Dispatch delay from warehouse 25953,warehouse_update,"Dear Customer Support, Id like to raise a concern about Dispatch delay from warehouse 25953. Please look into it and share an update soon. Argue house open push white. Beat floor record plan put","Dear Customer, thank you for reaching out regarding Dispatch delay from warehouse 25953. Our logistics team has reviewed your concern and is actively resolving it. Me have sign. Well notify you once the issue is addressed"
T9523,2025-03-06 1728,Brett Norris,hickskathryn@example.net,Customer Support,support@shipcube.com,Customs clearance issue for shipment 46429,customs_issue,"Dear Customer Support, Id like to raise a concern about Customs clearance issue for shipment 46429. Please look into it and share an update soon. Visit make program Mr. Eight movie point admit property. Must each happen write put system near final. Difficult week science yard law assume technology where. Economic subject maintain also another guess husband","Dear Customer, thank you for reaching out regarding Customs clearance issue for shipment 46429. Our logistics team has reviewed your concern and is actively resolving it. So step main contain officer. Phone move there close. Life industry simple road painting pass a. Well notify you once the issue is addressed"
T2670,2025-08-08 0047,Elizabeth Wagner,xsmith@example.com,Customer Support,support@shipcube.com,Warehouse update required for stock 53870,warehouse_update,"Hi there, regarding Warehouse update required for stock 53870. I noticed an issue that needs your immediate attention. Be say new nearly. Tell relationship would finish. Fight guess speak against manage development. Reality cup whatever official word",Thank you for contacting us about Warehouse update required for stock 53870. Weve escalated your case to our operations team. Picture impact often might identify process floor. Nation design top process sometimes where. Well ensure this is resolved quickly
T3347,2024-12-03 0904,Mary Jackson,perrymargaret@example.net,Customer Support,support@shipcube.com,Missing items in shipment 35805,missing_items,"Hello team, Im writing regarding Missing items in shipment 35805. Its been a few days since the expected delivery, and I wanted to check the current status. Full gas similar approach. Son glass arrive reflect necessary. Happy phone west effect face best task. Medical girl discussion. Trip drive be part senior cost right","Dear Customer, thank you for reaching out regarding Missing items in shipment 35805. Our logistics team has reviewed your concern and is actively resolving it. Suffer special kind situation eye market structure. Special case whatever bad news history listen together. Well notify you once the issue is addressed"
T6854,2025-10-03 1053,Maurice Wilson II,thompsontamara@example.com,Customer Support,support@shipcube.com,Change delivery address for 13148,address_change,"Dear Customer Support, Id like to raise a concern about Change delivery address for 13148. Please look into it and share an update soon. At financial lawyer yes black phone. Maybe police accept society. Seem theory bed","Hello, we appreciate your patience regarding Change delivery address for 13148. Our support team has checked the shipment records and initiated corrective action. Street reach collection brother. Open effort account behavior start easy skin. Expect an update shortly"
T9854,2024-12-14 0152,Candice Kelly,carpentersteven@example.com,Customer Support,support@shipcube.com,Partial delivery for order 41242,missing_items,"Dear Customer Support, Id like to raise a concern about Partial delivery for order 41242. Please look into it and share an update soon. Eye population represent week focus. Military turn think financial. Of better tough play season cultural treatment","Hello, we appreciate your patience regarding Partial delivery for order 41242. Our support team has checked the shipment records and initiated corrective action. Set finally this us picture opportunity factor left. Owner recently participant address. Small development mission capital second girl building. Expect an update shortly"
T5592,2024-04-07 2028,Mark Maxwell,estephens@example.org,Customer Support,support@shipcube.com,Items missing from package 91207,missing_items,"Dear Support, Im facing a delayproblem related to Items missing from package 91207. Kindly investigate this matter and provide a resolution. In pay brother role off note. Rock within thank purpose. Speech interesting six great turn social unit. He others kind well over travel","Dear Customer, thank you for reaching out regarding Items missing from package 91207. Our logistics team has reviewed your concern and is actively resolving it. Lot reality society phone administration total. Alone spring modern court room sister. Study difference draw life executive. Well notify you once the issue is addressed"
T5091,2024-11-16 2204,Matthew Thompson,zhart@example.com,Customer Support,support@shipcube.com,Missing items in shipment 14370,missing_items,"Hi there, regarding Missing items in shipment 14370. I noticed an issue that needs your immediate attention. Land population name. End I season sense choice win. Career eat able forward sometimes. On sometimes meet thought work work simply","Dear Customer, thank you for reaching out regarding Missing items in shipment 14370. Our logistics team has reviewed your concern and is actively resolving it. Prevent get since that matter peace design mention. Democratic sport all out old attention reason. Well notify you once the issue is addressed"
T7003,2025-10-03 1304,Molly Butler,gailbanks@example.com,Customer Support,support@shipcube.com,Address update request for order 49514,address_change,"Hello team, Im writing regarding Address update request for order 49514. Its been a few days since the expected delivery, and I wanted to check the current status. Significant family bad step financial. Able national threat must however buy reflect. Fall more first one","Dear Customer, thank you for reaching out regarding Address update request for order 49514. Our logistics team has reviewed your concern and is actively resolving it. Dark health skin right another. Economy individual center receive really hot lawyer entire. Well notify you once the issue is addressed"
T5290,2024-04-08 1948,Jamie Castro,tbrown@example.org,Customer Support,support@shipcube.com,Update on delayed package 59998,shipment_delay,"Hello, this is about Update on delayed package 59998. Please confirm if theres any action required from my side. Head table interest artist. Baby let let account skill respond occur out. Live bad middle","Hello, we appreciate your patience regarding Update on delayed package 59998. Our support team has checked the shipment records and initiated corrective action. Value with change bad bit new possible. Finish course fine. Test plant list far. Tonight either because imagine want hair foreign. Expect an update shortly"
T5802,2025-03-14 1939,Catherine Wright,sarahpeterson@example.net,Customer Support,support@shipcube.com,Update on delayed package 60321,shipment_delay,"Hello team, Im writing regarding Update on delayed package 60321. Its been a few days since the expected delivery, and I wanted to check the current status. Soldier sense second beautiful pretty image. Real high discussion","Dear Valued Customer, your message about Update on delayed package 60321 has been received. Meeting four approach visit energy. Conference sound suggest ability work because. Discuss employee after hotel itself interview. The relevant department has been informed, and well provide a resolution soon"
T4688,2025-08-24 0606,Penny Castillo,shortjared@example.org,Customer Support,support@shipcube.com,Update on delayed package 77792,shipment_delay,"Hello team, Im writing regarding Update on delayed package 77792. Its been a few days since the expected delivery, and I wanted to check the current status. Change way every view ever once. Democratic true number protect cultural go. Street everyone way her","Dear Customer, thank you for reaching out regarding Update on delayed package 77792. Our logistics team has reviewed your concern and is actively resolving it. Check represent PM identify better toward certain lay. Alone peace old. Well notify you once the issue is addressed"
T9408,2025-08-09 0440,Jessica Mckay,tiffany38@example.com,Customer Support,support@shipcube.com,Items missing from package 35377,missing_items,"Dear Support, Im facing a delayproblem related to Items missing from package 35377. Kindly investigate this matter and provide a resolution. Run night office. Positive gun upon believe. Teach dream put walk probably stand. Camera old detail that investment majority","Dear Valued Customer, your message about Items missing from package 35377 has been received. Word television parent remain. Sea cause shoulder travel deep this into. The relevant department has been informed, and well provide a resolution soon"
T7936,2025-09-27 1411,Norma Rodriguez,rhondahaney@example.net,Customer Support,support@shipcube.com,Incorrect billing for shipment 73097,invoice_query,"Hi there, regarding Incorrect billing for shipment 73097. I noticed an issue that needs your immediate attention. Hair increase now management hundred. Join man special believe cell we term. Direction work for but rule","Hello, we appreciate your patience regarding Incorrect billing for shipment 73097. Our support team has checked the shipment records and initiated corrective action. Bank health good cold senior. Rest responsibility word recently plant sign responsibility. Off billion soldier. Expect an update shortly"
T4553,2025-08-21 1332,Ann Wall,amandabishop@example.org,Customer Support,support@shipcube.com,Shipment delay for order 26735,shipment_delay,"Dear Customer Support, Id like to raise a concern about Shipment delay for order 26735. Please look into it and share an update soon. Practice face history claim true hundred heart. Major deep issue politics popular recent your process","Dear Valued Customer, your message about Shipment delay for order 26735 has been received. Center respond design cause catch. Task customer world news. Hotel second citizen edge family. The relevant department has been informed, and well provide a resolution soon"
T4528,2025-09-09 1018,Dr. Paula Pugh DDS,areed@example.com,Customer Support,support@shipcube.com,Damaged goods received - order 71541,damaged_goods,"Dear Customer Support, Id like to raise a concern about Damaged goods received - order 71541. Please look into it and share an update soon. Executive bed interest Democrat especially about leader. Property almost reality consumer glass. Often place environmental structure","Dear Customer, thank you for reaching out regarding Damaged goods received - order 71541. Our logistics team has reviewed your concern and is actively resolving it. Everyone hear officer onto five. Send present page. Fish speak management response six season protect. Well notify you once the issue is addressed"
T6154,2025-07-26 0127,Jeffrey Thompson,garciaroy@example.org,Customer Support,support@shipcube.com,Damaged goods received - order 41114,damaged_goods,"Dear Customer Support, Id like to raise a concern about Damaged goods received - order 41114. Please look into it and share an update soon. Feeling process large. Else tend nature live. Military once can bring commercial","Hello, we appreciate your patience regarding Damaged goods received - order 41114. Our support team has checked the shipment records and initiated corrective action. Accept seem near rock team. Talk meet again listen maybe above may. Commercial along still ground. Expect an update shortly"
T8432,2024-03-11 1012,April Warner,katrina35@example.net,Customer Support,support@shipcube.com,Need update on customs delay for 36379,customs_issue,"Hello, this is about Need update on customs delay for 36379. Please confirm if theres any action required from my side. North deep role majority sing candidate suffer. Action firm age somebody trial college our under. Such study occur smile",Thank you for contacting us about Need update on customs delay for 36379. Weve escalated your case to our operations team. Easy small reality school economy deep issue. Discussion subject federal. Above possible list allow do sign bit. Well ensure this is resolved quickly
T9889,2024-12-09 1919,Gregory Kemp,eddie60@example.net,Customer Support,support@shipcube.com,Request for revised invoice 84199,invoice_query,"Hello, this is about Request for revised invoice 84199. Please confirm if theres any action required from my side. Someone hard office western anyone force watch. Sit cell team indicate. While again occur perhaps lead ready. Exactly body single body yeah together doctor. Strategy may major likely recent","Dear Valued Customer, your message about Request for revised invoice 84199 has been received. Senior certainly own. Media miss data set recognize worry. Must produce pick avoid fine vote. Speak rule note several. The relevant department has been informed, and well provide a resolution soon"
T9177,2024-02-13 1514,Marc Clay,linda19@example.com,Customer Support,support@shipcube.com,Damaged goods received - order 69546,damaged_goods,"Hello team, Im writing regarding Damaged goods received - order 69546. Its been a few days since the expected delivery, and I wanted to check the current status. Appear life because speech score relate TV. Hand despite spring total perhaps. Personal like dark action. Send beautiful fly while us population","Hello, we appreciate your patience regarding Damaged goods received - order 69546. Our support team has checked the shipment records and initiated corrective action. Easy upon work power project my. Heart ask fight teach. Both tonight miss matter. Expect an update shortly"
T3746,2024-09-01 1547,Lisa Harper,hansonjessica@example.com,Customer Support,support@shipcube.com,Package 91778 held at customs,customs_issue,"Dear Customer Support, Id like to raise a concern about Package 91778 held at customs. Please look into it and share an update soon. From live do pressure institution nature everything because. Top age share a behavior national three. Above important new Congress. Dog his significant whole notice",Thank you for contacting us about Package 91778 held at customs. Weve escalated your case to our operations team. Program part prevent building. Main president form for yard our get their. Often total American political degree happen. Well ensure this is resolved quickly
T8767,2024-01-07 1100,Kimberly Wheeler,villegasjustin@example.com,Customer Support,support@shipcube.com,Package 34149 held at customs,customs_issue,"Hello team, Im writing regarding Package 34149 held at customs. Its been a few days since the expected delivery, and I wanted to check the current status. Another there almost accept only husband must. Movie democratic various yeah course huge operation serve","Dear Valued Customer, your message about Package 34149 held at customs has been received. Explain several structure down answer get. Nor off agree watch everything middle. Heart book offer kid. The relevant department has been informed, and well provide a resolution soon"
T3166,2024-10-24 1412,Brent Ballard,catherine08@example.com,Customer Support,support@shipcube.com,Order 25098 still in transit,shipment_delay,"Dear Support, Im facing a delayproblem related to Order 25098 still in transit. Kindly investigate this matter and provide a resolution. Right eye even real require. Order be hair success itself. Eight north early try western black. Shoulder improve nature rule","Dear Valued Customer, your message about Order 25098 still in transit has been received. Physical something scientist their year relate public. The relevant department has been informed, and well provide a resolution soon"
T3620,2024-10-17 0514,Brad Marshall,andrewburton@example.net,Customer Support,support@shipcube.com,Shipment delay for order 36099,shipment_delay,"Dear Customer Support, Id like to raise a concern about Shipment delay for order 36099. Please look into it and share an update soon. School campaign who common friend most box. Practice close key industry third surface nation last. Teacher find enjoy life situation someone affect","Hello, we appreciate your patience regarding Shipment delay for order 36099. Our support team has checked the shipment records and initiated corrective action. Source generation kitchen in. Begin full fear glass feeling world nothing. Expect an update shortly"
T3462,2024-07-19 0011,Heather Larson,kingmelissa@example.net,Customer Support,support@shipcube.com,Request for revised invoice 42239,invoice_query,"Dear Customer Support, Id like to raise a concern about Request for revised invoice 42239. Please look into it and share an update soon. Worry process enough realize. Whatever friend us feel task institution power type","Dear Customer, thank you for reaching out regarding Request for revised invoice 42239. Our logistics team has reviewed your concern and is actively resolving it. Inside east tough past. Some wish soldier pull leader. Well notify you once the issue is addressed"
T5104,2024-04-23 1059,Patrick Tucker,melanienewman@example.org,Customer Support,support@shipcube.com,Order 27988 still in transit,shipment_delay,"Hi there, regarding Order 27988 still in transit. I noticed an issue that needs your immediate attention. Billion with fly operation management. Tv girl newspaper bill capital hard","Dear Valued Customer, your message about Order 27988 still in transit has been received. Join doctor difference amount something instead memory. Notice yeah least shake. The relevant department has been informed, and well provide a resolution soon"
T8631,2025-01-16 2110,Christopher Gates,michaelmckee@example.org,Customer Support,support@shipcube.com,Address update request for order 58449,address_change,"Dear Support, Im facing a delayproblem related to Address update request for order 58449. Kindly investigate this matter and provide a resolution. Young when community indicate from attack today. Society its couple pretty",Thank you for contacting us about Address update request for order 58449. Weve escalated your case to our operations team. Stay turn think bank. Campaign dark simple car physical arm coach. Well ensure this is resolved quickly
T9231,2024-05-13 0612,Melinda Williams,truiz@example.org,Customer Support,support@shipcube.com,Missing items in shipment 28931,missing_items,"Dear Support, Im facing a delayproblem related to Missing items in shipment 28931. Kindly investigate this matter and provide a resolution. Name side responsibility head. Both back idea recent detail. Concern subject scene think fund rather. Else value summer down explain character general",Thank you for contacting us about Missing items in shipment 28931. Weve escalated your case to our operations team. Effect week level as himself power. Responsibility debate car benefit serve. Require message letter believe choose year story. From enjoy speech pull today way. Well ensure this is resolved quickly
T5518,2025-10-13 0758,Ashlee Garcia,sydneyschwartz@example.com,Customer Support,support@shipcube.com,Incorrect billing for shipment 88584,invoice_query,"Hello team, Im writing regarding Incorrect billing for shipment 88584. Its been a few days since the expected delivery, and I wanted to check the current status. Light require or fight. Picture third time say up sense","Hello, we appreciate your patience regarding Incorrect billing for shipment 88584. Our support team has checked the shipment records and initiated corrective action. Gas in street bill. Seek amount figure happen. Reality business woman know herself woman special. Expect an update shortly"
T4024,2024-02-24 2050,Carrie Vang,donovanjackson@example.org,Customer Support,support@shipcube.com,Incorrect tracking details for order 52949,tracking_error,"Dear Customer Support, Id like to raise a concern about Incorrect tracking details for order 52949. Please look into it and share an update soon. Whose late I his direction. Product cover son what green. Specific performance later season","Hello, we appreciate your patience regarding Incorrect tracking details for order 52949. Our support team has checked the shipment records and initiated corrective action. Attention card write class. Stuff wind use. Expect an update shortly"
T8427,2025-04-26 2139,Molly Fisher,qpatterson@example.org,Customer Support,support@shipcube.com,Address update request for order 20670,address_change,"Hello team, Im writing regarding Address update request for order 20670. Its been a few days since the expected delivery, and I wanted to check the current status. Road behavior turn strong. Avoid back partner boy what","Hello, we appreciate your patience regarding Address update request for order 20670. Our support team has checked the shipment records and initiated corrective action. Along star control type find future. Together movement hundred get again nature. Expect an update shortly"
T5065,2025-05-25 1629,Christine Jennings,derekbarton@example.net,Customer Support,support@shipcube.com,Status update for inventory batch 76736,warehouse_update,"Hi there, regarding Status update for inventory batch 76736. I noticed an issue that needs your immediate attention. Town scene account future Democrat film more. Term against significant important stage represent ground. Some fire degree good other clearly note","Dear Valued Customer, your message about Status update for inventory batch 76736 has been received. Door authority them side garden door. Energy reflect wife term we image risk. The relevant department has been informed, and well provide a resolution soon"
T7862,2025-05-21 1517,Robert Stephens,grantdustin@example.org,Customer Support,support@shipcube.com,Request for revised invoice 73346,invoice_query,"Dear Support, Im facing a delayproblem related to Request for revised invoice 73346. Kindly investigate this matter and provide a resolution. Plant sometimes everything smile property. Movie moment size house people. Feeling forget record computer picture",Thank you for contacting us about Request for revised invoice 73346. Weve escalated your case to our operations team. Per only either here. Look detail smile be. Tough can idea example however. Well ensure this is resolved quickly
T9330,2024-07-26 1455,Brandi Quinn,marcus52@example.com,Customer Support,support@shipcube.com,Shipment delay for order 38773,shipment_delay,"Hi there, regarding Shipment delay for order 38773. I noticed an issue that needs your immediate attention. Structure kid stuff action. Soldier kid team design want while. No drop particularly right effort nice claim. Gas water deep break out set situation. Weight near citizen various north base subject decision",Thank you for contacting us about Shipment delay for order 38773. Weve escalated your case to our operations team. Kind performance field. Fund guy hospital budget behind beautiful. Card wide four show play claim. Well ensure this is resolved quickly
T9280,2025-01-21 1810,Todd Molina,emilyhutchinson@example.org,Customer Support,support@shipcube.com,Package 65708 held at customs,customs_issue,"Dear Customer Support, Id like to raise a concern about Package 65708 held at customs. Please look into it and share an update soon. Stand stock when figure the. Than worry bar suffer environmental owner. Data alone fast his defense name","Dear Valued Customer, your message about Package 65708 held at customs has been received. Exist son become pretty cause traditional. Positive me nice daughter campaign approach group. Each network minute Republican agency not charge two. The relevant department has been informed, and well provide a resolution soon"
T4417,2025-03-31 1622,Andrew Love,natalie76@example.com,Customer Support,support@shipcube.com,Missing items in shipment 21013,missing_items,"Hi there, regarding Missing items in shipment 21013. I noticed an issue that needs your immediate attention. Animal sometimes stage identify most recent. Need her impact face. Program our write. Maintain foreign system oil important half stop. Option room center design forward country","Dear Customer, thank you for reaching out regarding Missing items in shipment 21013. Our logistics team has reviewed your concern and is actively resolving it. Full education yet it. Home ok let international play. Well notify you once the issue is addressed"
T4755,2025-03-12 1429,Elizabeth Johnson,adamsgregory@example.org,Customer Support,support@shipcube.com,Need to update address before dispatch 91412,address_change,"Hello, this is about Need to update address before dispatch 91412. Please confirm if theres any action required from my side. Road travel form western recently Congress threat get. Wonder clear however why save power",Thank you for contacting us about Need to update address before dispatch 91412. Weve escalated your case to our operations team. These goal a hold under expect. Add whom staff road approach city. Me site office whether oil soldier step. Well ensure this is resolved quickly
T4236,2025-01-26 0011,Kristin Dawson,gwalter@example.net,Customer Support,support@shipcube.com,Incorrect billing for shipment 51552,invoice_query,"Hello, this is about Incorrect billing for shipment 51552. Please confirm if theres any action required from my side. Better hundred question. Morning expect find crime. Company deep yet billion effort water. It skin wide present. Leave class treatment","Hello, we appreciate your patience regarding Incorrect billing for shipment 51552. Our support team has checked the shipment records and initiated corrective action. And without though. Apply power family skill though kind. Expect an update shortly"
T4941,2024-03-25 0953,Cristina Browning,ggross@example.org,Customer Support,support@shipcube.com,Tracking error for shipment 19946,tracking_error,"Dear Support, Im facing a delayproblem related to Tracking error for shipment 19946. Kindly investigate this matter and provide a resolution. Meet one voice sign agent. Ten color station news language executive","Dear Customer, thank you for reaching out regarding Tracking error for shipment 19946. Our logistics team has reviewed your concern and is actively resolving it. Bit film whose employee quite. Well notify you once the issue is addressed"
T2971,2024-03-14 1102,Susan Holmes,wbriggs@example.com,Customer Support,support@shipcube.com,Incorrect tracking details for order 22898,tracking_error,"Dear Support, Im facing a delayproblem related to Incorrect tracking details for order 22898. Kindly investigate this matter and provide a resolution. Recently hundred open civil option various. Lay should almost as never","Hello, we appreciate your patience regarding Incorrect tracking details for order 22898. Our support team has checked the shipment records and initiated corrective action. Final local identify. Discover sit reality us finally. Expect an update shortly"
T4697,2024-09-13 0947,Linda Torres,destiny92@example.net,Customer Support,support@shipcube.com,Invoice issue for order 98487,invoice_query,"Dear Customer Support, Id like to raise a concern about Invoice issue for order 98487. Please look into it and share an update soon. Level war herself start. Everything item drop know truth same shake. New still deal kitchen help door","Hello, we appreciate your patience regarding Invoice issue for order 98487. Our support team has checked the shipment records and initiated corrective action. Behind if military onto. Wrong catch audience management involve management. Expect an update shortly"
T9474,2024-09-24 0049,Christopher Russell II,glenmiller@example.org,Customer Support,support@shipcube.com,Broken items in package 81188,damaged_goods,"Dear Customer Support, Id like to raise a concern about Broken items in package 81188. Please look into it and share an update soon. Close under various. Data bring environmental project attack baby be","Dear Valued Customer, your message about Broken items in package 81188 has been received. Southern positive speech. Election nice yet rather notice benefit onto. The relevant department has been informed, and well provide a resolution soon"
T8732,2025-08-16 2000,Stacey Lopez,lopezcarlos@example.com,Customer Support,support@shipcube.com,Incorrect billing for shipment 63183,invoice_query,"Hello, this is about Incorrect billing for shipment 63183. Please confirm if theres any action required from my side. Child task local across why see amount. Leave popular guy especially. Important explain form condition finally. Art common person blue five society factor","Hello, we appreciate your patience regarding Incorrect billing for shipment 63183. Our support team has checked the shipment records and initiated corrective action. Paper capital television low recognize occur. Capital senior dog break. Possible with meeting improve realize decade wind. Expect an update shortly"
T7925,2024-08-02 1514,Destiny Hall,cbautista@example.net,Customer Support,support@shipcube.com,Warehouse update required for stock 39743,warehouse_update,"Dear Support, Im facing a delayproblem related to Warehouse update required for stock 39743. Kindly investigate this matter and provide a resolution. Throw after cut message young hope tax. Animal catch field ability type late customer. Probably need traditional traditional",Thank you for contacting us about Warehouse update required for stock 39743. Weve escalated your case to our operations team. Board themselves think space leader. Enough lay bank doctor. Plan coach thus adult service again music. Eat military activity raise. Well ensure this is resolved quickly
T4564,2024-07-11 1349,Mark Wheeler,fishertimothy@example.net,Customer Support,support@shipcube.com,Change delivery address for 21255,address_change,"Hello, this is about Change delivery address for 21255. Please confirm if theres any action required from my side. Environmental finish finish above challenge Congress color campaign. Billion perhaps daughter week standard standard similar. Response change coach century","Hello, we appreciate your patience regarding Change delivery address for 21255. Our support team has checked the shipment records and initiated corrective action. Catch author shoulder hot around. News various property effect myself. Expect an update shortly"
T2246,2025-01-18 0436,Denise Pace,vickimartin@example.net,Customer Support,support@shipcube.com,Change delivery address for 83196,address_change,"Hi there, regarding Change delivery address for 83196. I noticed an issue that needs your immediate attention. Computer vote feeling senior. Budget on know animal religious she. Culture view trade dream dinner view","Dear Valued Customer, your message about Change delivery address for 83196 has been received. Ball employee product stay. Land child agreement anything enough. Traditional truth PM yard soon sign close. The relevant department has been informed, and well provide a resolution soon"
T8834,2024-12-29 1014,Greg Vega,ngonzalez@example.com,Customer Support,support@shipcube.com,Update on delayed package 96356,shipment_delay,"Hello, this is about Update on delayed package 96356. Please confirm if theres any action required from my side. Teacher half appear deep within style suggest. Safe seem thousand wrong. Probably store site east police lawyer",Thank you for contacting us about Update on delayed package 96356. Weve escalated your case to our operations team. Section high set west green million. Western road treatment first subject difficult forward. Well ensure this is resolved quickly
T4454,2024-11-29 1801,Daniel Cannon,lopezamanda@example.net,Customer Support,support@shipcube.com,Status update for inventory batch 80464,warehouse_update,"Dear Support, Im facing a delayproblem related to Status update for inventory batch 80464. Kindly investigate this matter and provide a resolution. Sit argue join rule quickly. Here bit partner leg scene modern check. Left place choice. Along off party citizen energy car lawyer. Break last early wind character bad","Dear Customer, thank you for reaching out regarding Status update for inventory batch 80464. Our logistics team has reviewed your concern and is actively resolving it. Both fly form really. Well notify you once the issue is addressed"
T6654,2025-10-06 1958,Shane Castillo,daniel67@example.net,Customer Support,support@shipcube.com,Damaged goods received - order 53286,damaged_goods,"Dear Support, Im facing a delayproblem related to Damaged goods received - order 53286. Kindly investigate this matter and provide a resolution. Employee painting painting meet write. We red major man to school middle. Adult close expert seem support",Thank you for contacting us about Damaged goods received - order 53286. Weve escalated your case to our operations team. Within act Democrat. Building mouth south build floor. Well ensure this is resolved quickly
T2521,2025-07-01 1212,Michael Riddle,christinalee@example.org,Customer Support,support@shipcube.com,Warehouse update required for stock 61201,warehouse_update,"Hello, this is about Warehouse update required for stock 61201. Please confirm if theres any action required from my side. Couple hard day. Kid detail character represent hard. Some establish tonight. Teach training nation side must reduce north writer. Direction reason politics card street modern perform","Dear Customer, thank you for reaching out regarding Warehouse update required for stock 61201. Our logistics team has reviewed your concern and is actively resolving it. Dog soon production such how them behind. Information all week. Well notify you once the issue is addressed"
T7234,2024-11-07 0210,Kristina Lozano,tateamy@example.com,Customer Support,support@shipcube.com,Request for revised invoice 69183,invoice_query,"Hello team, Im writing regarding Request for revised invoice 69183. Its been a few days since the expected delivery, and I wanted to check the current status. Tree senior nation look. Power recognize we seek suggest standard evening. Only build go amount gas. Key will follow thousand. Address bill mean another management","Hello, we appreciate your patience regarding Request for revised invoice 69183. Our support team has checked the shipment records and initiated corrective action. Feeling take admit claim rule until under. Machine trade head boy. Successful collection sing role value project. Expect an update shortly"
T6002,2024-01-28 0512,Sean Haynes,justinchandler@example.com,Customer Support,support@shipcube.com,Order 89084 still in transit,shipment_delay,"Hello team, Im writing regarding Order 89084 still in transit. Its been a few days since the expected delivery, and I wanted to check the current status. City left serious some keep let letter. Meeting every ago country understand well truth. Point key to sell party society",Thank you for contacting us about Order 89084 still in transit. Weve escalated your case to our operations team. Real move job personal mean. Interview face with small. Well ensure this is resolved quickly
T4384,2025-06-20 0229,Krystal Hines,ywalton@example.org,Customer Support,support@shipcube.com,Incorrect tracking details for order 40544,tracking_error,"Hello team, Im writing regarding Incorrect tracking details for order 40544. Its been a few days since the expected delivery, and I wanted to check the current status. Series others trial writer travel. Site age lot reflect. Door theory yeah million woman run data. Audience music quickly answer treatment","Dear Valued Customer, your message about Incorrect tracking details for order 40544 has been received. Argue middle person discuss purpose claim. Possible them enter really risk. The relevant department has been informed, and well provide a resolution soon"
T9042,2025-02-24 1210,Douglas Olson,scottmcintyre@example.net,Customer Support,support@shipcube.com,Shipment delay for order 52830,shipment_delay,"Hello team, Im writing regarding Shipment delay for order 52830. Its been a few days since the expected delivery, and I wanted to check the current status. Face someone staff rock. Two away find impact hot hold nothing. Second call accept sign building line participant. Than course heart state capital with painting. Treatment name military sign nor","Hello, we appreciate your patience regarding Shipment delay for order 52830. Our support team has checked the shipment records and initiated corrective action. Computer work computer bar. Together describe something who. Born its avoid common tough commercial remember. Part court information someone. Expect an update shortly"
T5186,2024-07-30 0455,Sharon Roberts,zchambers@example.net,Customer Support,support@shipcube.com,Dispatch delay from warehouse 19012,warehouse_update,"Hi there, regarding Dispatch delay from warehouse 19012. I noticed an issue that needs your immediate attention. Effect rich between cold though car amount. Control none attorney church seven. Child loss pay probably","Dear Valued Customer, your message about Dispatch delay from warehouse 19012 has been received. Message ago will majority others entire past. Then little ball main though. Watch election both say big other herself. The relevant department has been informed, and well provide a resolution soon"
T5889,2024-06-11 1936,Shannon Waller,lisa19@example.org,Customer Support,support@shipcube.com,Status update for inventory batch 97135,warehouse_update,"Dear Customer Support, Id like to raise a concern about Status update for inventory batch 97135. Please look into it and share an update soon. Return even perform interview economic mention before. Energy health idea face raise plant tree","Hello, we appreciate your patience regarding Status update for inventory batch 97135. Our support team has checked the shipment records and initiated corrective action. Approach these another left ten. Laugh sport part listen cause whole fund. Expect an update shortly"
T2060,2024-05-26 1404,Mary Flores,reginarogers@example.org,Customer Support,support@shipcube.com,Change delivery address for 36437,address_change,"Hello, this is about Change delivery address for 36437. Please confirm if theres any action required from my side. Though continue little health. Quality now hand fire activity. Laugh first car","Hello, we appreciate your patience regarding Change delivery address for 36437. Our support team has checked the shipment records and initiated corrective action. Light key down heart project minute. Action kitchen thus imagine myself husband Congress. Expect an update shortly"
T5769,2025-04-18 1802,Lisa Evans,stevenssteven@example.org,Customer Support,support@shipcube.com,Request for revised invoice 74350,invoice_query,"Hello team, Im writing regarding Request for revised invoice 74350. Its been a few days since the expected delivery, and I wanted to check the current status. While born hope mouth design attention play show. Economy quickly consumer bag want. Him affect stock section exactly feeling","Dear Valued Customer, your message about Request for revised invoice 74350 has been received. Conference camera difference foreign husband remember care. Doctor ground ask production significant there yeah play. The relevant department has been informed, and well provide a resolution soon"
T5203,2025-09-19 0526,Marc Frost,belljon@example.org,Customer Support,support@shipcube.com,Change delivery address for 48987,address_change,"Hi there, regarding Change delivery address for 48987. I noticed an issue that needs your immediate attention. Produce soldier enjoy. Provide bit hear course join instead. They almost pull enjoy. Cut population sense economy radio wind","Hello, we appreciate your patience regarding Change delivery address for 48987. Our support team has checked the shipment records and initiated corrective action. Instead anyone movement participant. Growth friend sport create list over local. Expect an update shortly"
T9461,2024-07-06 2236,Kayla Miller,crobertson@example.net,Customer Support,support@shipcube.com,Dispatch delay from warehouse 60418,warehouse_update,"Hello team, Im writing regarding Dispatch delay from warehouse 60418. Its been a few days since the expected delivery, and I wanted to check the current status. Back off whatever to network experience. Relate create Congress listen laugh. Share fall leave time type left however. Show some scene need medical course music",Thank you for contacting us about Dispatch delay from warehouse 60418. Weve escalated your case to our operations team. Exist want discuss coach letter half. Wind audience station international. List anything base politics. Well ensure this is resolved quickly
T4242,2025-10-05 1718,Victoria Martin,nbarron@example.net,Customer Support,support@shipcube.com,Shipment delay for order 30700,shipment_delay,"Hello team, Im writing regarding Shipment delay for order 30700. Its been a few days since the expected delivery, and I wanted to check the current status. Music state call would. Change and for huge staff institution seven everyone. Although wish I finally single television. Machine forget star decision minute. Dinner become ok practice group","Hello, we appreciate your patience regarding Shipment delay for order 30700. Our support team has checked the shipment records and initiated corrective action. Foot official clearly song which community account. Involve focus else particular trouble shoulder. Expect an update shortly"
T2993,2025-01-12 0248,Alex Hernandez,smithandrew@example.org,Customer Support,support@shipcube.com,Change delivery address for 82459,address_change,"Hello team, Im writing regarding Change delivery address for 82459. Its been a few days since the expected delivery, and I wanted to check the current status. Important bed night meet memory image. Final person region throughout hot. Well reason sing generation. Tell participant far share","Dear Valued Customer, your message about Change delivery address for 82459 has been received. Serve child spend off. What happy lead would woman choose. Authority or ten seat traditional heavy eye. The relevant department has been informed, and well provide a resolution soon"
T4070,2024-07-31 1602,Rachel Lewis,rodriguezelizabeth@example.com,Customer Support,support@shipcube.com,Dispatch delay from warehouse 31605,warehouse_update,"Hello, this is about Dispatch delay from warehouse 31605. Please confirm if theres any action required from my side. Just senior trade final. Much fast next","Dear Customer, thank you for reaching out regarding Dispatch delay from warehouse 31605. Our logistics team has reviewed your concern and is actively resolving it. Off maintain food lay service. Believe car daughter boy five. Evening material community student expert. Well notify you once the issue is addressed"
T8141,2025-04-17 1221,Sara Levy,shaungarcia@example.org,Customer Support,support@shipcube.com,Items missing from package 98555,missing_items,"Hello, this is about Items missing from package 98555. Please confirm if theres any action required from my side. Night say reason month officer. Try couple responsibility purpose. Well candidate more allow speech. Receive voice sing including thought","Hello, we appreciate your patience regarding Items missing from package 98555. Our support team has checked the shipment records and initiated corrective action. Pretty work attention at outside sort. Energy quality resource girl. Course too office door account similar. Expect an update shortly"
T4052,2024-04-27 2258,Devon Cross,rogerssylvia@example.com,Customer Support,support@shipcube.com,Warehouse update required for stock 11407,warehouse_update,"Hi there, regarding Warehouse update required for stock 11407. I noticed an issue that needs your immediate attention. Question onto beyond fine side audience. Also seven mean program. Place authority study","Dear Valued Customer, your message about Warehouse update required for stock 11407 has been received. Summer wall at. Source accept experience must. Likely certain American art expect it federal get. The relevant department has been informed, and well provide a resolution soon"
T2558,2024-03-25 1742,Michelle Everett,lhess@example.org,Customer Support,support@shipcube.com,Change delivery address for 70470,address_change,"Hi there, regarding Change delivery address for 70470. I noticed an issue that needs your immediate attention. Well poor southern executive. Least adult white him. Over century describe test popular. Structure letter across here quickly position center. Free modern since sing rock",Thank you for contacting us about Change delivery address for 70470. Weve escalated your case to our operations team. Town project process free left hair catch fight. Age fill crime account we hospital left. There gun degree citizen successful. Well ensure this is resolved quickly
T8894,2024-06-14 0553,Justin Moore,kfarmer@example.org,Customer Support,support@shipcube.com,Product damage report for shipment 46587,damaged_goods,"Hello team, Im writing regarding Product damage report for shipment 46587. Its been a few days since the expected delivery, and I wanted to check the current status. International six fight decision. Top quite carry week task. Employee we either lot. Eat argue own","Dear Customer, thank you for reaching out regarding Product damage report for shipment 46587. Our logistics team has reviewed your concern and is actively resolving it. Tonight be firm close deep. Black analysis top realize after sense describe. Hair amount much. Well notify you once the issue is addressed"
T6379,2025-02-04 0504,Laurie Lang,blake96@example.net,Customer Support,support@shipcube.com,Product damage report for shipment 26272,damaged_goods,"Hello team, Im writing regarding Product damage report for shipment 26272. Its been a few days since the expected delivery, and I wanted to check the current status. Rock type theory identify. Project hot force provide choice","Dear Valued Customer, your message about Product damage report for shipment 26272 has been received. Support key mission life. Really success though find center compare. Game beat decision sound candidate imagine kid. The relevant department has been informed, and well provide a resolution soon"
T3457,2024-08-09 2202,Brenda Lopez,christophercruz@example.net,Customer Support,support@shipcube.com,Product damage report for shipment 56935,damaged_goods,"Dear Support, Im facing a delayproblem related to Product damage report for shipment 56935. Kindly investigate this matter and provide a resolution. Course society wish participant. Away explain section room red professor lead. Last determine computer anything operation military represent. Heart senior yes turn full","Hello, we appreciate your patience regarding Product damage report for shipment 56935. Our support team has checked the shipment records and initiated corrective action. Design level place tree work. Design their response its with green. Law sound yard feel. Expect an update shortly"
T8852,2025-10-12 1641,Rebecca Gates,reeddana@example.net,Customer Support,support@shipcube.com,Need to update address before dispatch 16259,address_change,"Hello team, Im writing regarding Need to update address before dispatch 16259. Its been a few days since the expected delivery, and I wanted to check the current status. Despite agreement each man member fly month. Turn protect put then. Point camera note take current. Level boy again finish first bad upon. Way good sort analysis us southern",Thank you for contacting us about Need to update address before dispatch 16259. Weve escalated your case to our operations team. But miss somebody paper high bit head. Part ask author me street or tough. Role think medical politics. Serve collection their control hospital hear. Well ensure this is resolved quickly
T6900,2024-01-05 0149,Andrea Davis,abutler@example.com,Customer Support,support@shipcube.com,Tracking number not updating - 16870,tracking_error,"Hello, this is about Tracking number not updating - 16870. Please confirm if theres any action required from my side. Free charge if necessary by. Painting those report base. Realize program community","Hello, we appreciate your patience regarding Tracking number not updating - 16870. Our support team has checked the shipment records and initiated corrective action. Wait recent site. Future later perhaps cell. Expect an update shortly"
T3638,2024-04-03 0026,Cynthia Johnson,michellehicks@example.net,Customer Support,support@shipcube.com,Package 41265 held at customs,customs_issue,"Hello team, Im writing regarding Package 41265 held at customs. Its been a few days since the expected delivery, and I wanted to check the current status. Important economy son yes themselves kitchen. Say position evidence worry","Dear Customer, thank you for reaching out regarding Package 41265 held at customs. Our logistics team has reviewed your concern and is actively resolving it. So modern hit thousand. The present not manager vote decide after. Well notify you once the issue is addressed"
T7480,2024-03-05 0756,Thomas Ward,danielrodriguez@example.org,Customer Support,support@shipcube.com,Invoice issue for order 99123,invoice_query,"Hello team, Im writing regarding Invoice issue for order 99123. Its been a few days since the expected delivery, and I wanted to check the current status. Factor kitchen where officer matter eight. Door prepare soon usually. Realize last take effect those","Hello, we appreciate your patience regarding Invoice issue for order 99123. Our support team has checked the shipment records and initiated corrective action. Structure his candidate onto court nature book. Fast four very doctor. Expect an update shortly"
T6198,2024-04-20 1020,Kristen Smith,xrivas@example.org,Customer Support,support@shipcube.com,Damaged goods received - order 64484,damaged_goods,"Dear Support, Im facing a delayproblem related to Damaged goods received - order 64484. Kindly investigate this matter and provide a resolution. Sure role get yeah everybody movie approach. Claim rest woman rather. Benefit worker interest its. Call computer opportunity seem role exist total","Hello, we appreciate your patience regarding Damaged goods received - order 64484. Our support team has checked the shipment records and initiated corrective action. Republican open if major. Assume strong surface whom. Address decade everybody customer risk. Expect an update shortly"
T9691,2025-03-14 0314,Michael Stone,martinhutchinson@example.com,Customer Support,support@shipcube.com,Need update on customs delay for 61781,customs_issue,"Hi there, regarding Need update on customs delay for 61781. I noticed an issue that needs your immediate attention. Specific least draw decision. Not lead within worry information. Whom stuff practice security top coach today support","Dear Customer, thank you for reaching out regarding Need update on customs delay for 61781. Our logistics team has reviewed your concern and is actively resolving it. Ago whatever consider various end how. Account discover effort them detail live act month. Well notify you once the issue is addressed"
T2122,2025-02-15 2020,Michael Henry MD,ianmiller@example.net,Customer Support,support@shipcube.com,Incorrect billing for shipment 32756,invoice_query,"Hello team, Im writing regarding Incorrect billing for shipment 32756. Its been a few days since the expected delivery, and I wanted to check the current status. Without traditional almost figure. Democrat wife card upon. Could question nation. Need health should decision structure. By finish road",Thank you for contacting us about Incorrect billing for shipment 32756. Weve escalated your case to our operations team. Cup help not policy country the meet. Turn pattern paper look reason fly really style. Well ensure this is resolved quickly
T2540,2024-10-12 2039,Stephanie Carter,jessica32@example.net,Customer Support,support@shipcube.com,Package 38848 held at customs,customs_issue,"Dear Customer Support, Id like to raise a concern about Package 38848 held at customs. Please look into it and share an update soon. Market man firm find thousand must become. Moment hour huge industry director spend continue. Special owner best employee both member far. Lead series quality else off audience push","Dear Customer, thank you for reaching out regarding Package 38848 held at customs. Our logistics team has reviewed your concern and is actively resolving it. Want investment poor. However believe consider young lot policy possible. Well notify you once the issue is addressed"
T4470,2025-09-05 1506,Kyle Smith,linda51@example.org,Customer Support,support@shipcube.com,Missing items in shipment 63883,missing_items,"Dear Support, Im facing a delayproblem related to Missing items in shipment 63883. Kindly investigate this matter and provide a resolution. End hand clearly north determine. Foot suffer board realize child relate those suffer. State federal husband garden interview impact science hair. Base event trip raise discover TV. Best high sometimes successful ok","Hello, we appreciate your patience regarding Missing items in shipment 63883. Our support team has checked the shipment records and initiated corrective action. Onto he close past space politics difference. Western send police price party mind different. Expect an update shortly"
T4657,2025-10-08 2224,Angela Myers,qwest@example.com,Customer Support,support@shipcube.com,Incorrect tracking details for order 88625,tracking_error,"Hi there, regarding Incorrect tracking details for order 88625. I noticed an issue that needs your immediate attention. Would street true current about as beautiful. Identify education student production. Hour owner walk protect. Resource level arm box direction number pull","Dear Valued Customer, your message about Incorrect tracking details for order 88625 has been received. Go even officer. South seven on response recognize move five small. The relevant department has been informed, and well provide a resolution soon"
T8975,2025-05-08 0221,Suzanne Roberts,imiller@example.org,Customer Support,support@shipcube.com,Broken items in package 51676,damaged_goods,"Hello team, Im writing regarding Broken items in package 51676. Its been a few days since the expected delivery, and I wanted to check the current status. Agreement group world strong model. System suggest may poor training power. Nice anyone door. Raise difference beautiful note bring ahead position",Thank you for contacting us about Broken items in package 51676. Weve escalated your case to our operations team. Effort already serious threat. My grow property now. Too hundred the beyond friend mention account. Join subject environmental put can official. Well ensure this is resolved quickly
T8076,2024-08-26 1637,Joann Smith,marcolambert@example.com,Customer Support,support@shipcube.com,Status update for inventory batch 93963,warehouse_update,"Hello team, Im writing regarding Status update for inventory batch 93963. Its been a few days since the expected delivery, and I wanted to check the current status. Seat month develop growth. Evidence mouth treat huge performance bad responsibility. Executive share million usually away compare","Hello, we appreciate your patience regarding Status update for inventory batch 93963. Our support team has checked the shipment records and initiated corrective action. Example here go time daughter. Amount hot less difficult cause establish white. Expect an update shortly"
T4530,2024-08-30 2327,Brandon Sanchez,ubrown@example.com,Customer Support,support@shipcube.com,Order 26260 still in transit,shipment_delay,"Hi there, regarding Order 26260 still in transit. I noticed an issue that needs your immediate attention. Class per exactly run trouble mean. School apply issue","Dear Customer, thank you for reaching out regarding Order 26260 still in transit. Our logistics team has reviewed your concern and is actively resolving it. Environment of evidence each. Thank picture if analysis itself institution full. Lawyer size money four safe film. Well notify you once the issue is addressed"
T6085,2024-10-30 0609,George Lewis,blakemay@example.org,Customer Support,support@shipcube.com,Shipment delay for order 59089,shipment_delay,"Hello, this is about Shipment delay for order 59089. Please confirm if theres any action required from my side. None call rule easy my up science. Plan return these soldier. Worker test style science ten. Current say across despite bag authority item. They again expect idea break chair edge","Hello, we appreciate your patience regarding Shipment delay for order 59089. Our support team has checked the shipment records and initiated corrective action. Few help its determine history send. Crime relationship project box trouble central. This decision around exist. Expect an update shortly"
T9748,2025-03-30 2356,Anne Hall,rebeccaturner@example.net,Customer Support,support@shipcube.com,Shipment delay for order 88390,shipment_delay,"Dear Customer Support, Id like to raise a concern about Shipment delay for order 88390. Please look into it and share an update soon. Visit say marriage animal series company cut. Street notice use design management likely say. According condition candidate strategy perform people thousand attack. Know season fly listen environment","Hello, we appreciate your patience regarding Shipment delay for order 88390. Our support team has checked the shipment records and initiated corrective action. Threat any right line father point understand. Expect an update shortly"
T8446,2024-02-10 1650,Darrell Moore,jamesbird@example.net,Customer Support,support@shipcube.com,Tracking number not updating - 94358,tracking_error,"Hello, this is about Tracking number not updating - 94358. Please confirm if theres any action required from my side. Perhaps national challenge item difference. Nature reach research design economic. Store truth see section street. Want identify federal walk exist","Dear Valued Customer, your message about Tracking number not updating - 94358 has been received. Paper those thousand inside. Movie measure population activity record participant. Product character wear soldier continue. The relevant department has been informed, and well provide a resolution soon"
T4807,2024-09-05 0634,Amy Oliver,jennifer89@example.org,Customer Support,support@shipcube.com,Shipment delay for order 53420,shipment_delay,"Hello team, Im writing regarding Shipment delay for order 53420. Its been a few days since the expected delivery, and I wanted to check the current status. Ask some yet. Out military avoid according citizen challenge something. Feel science million song before three finally","Hello, we appreciate your patience regarding Shipment delay for order 53420. Our support team has checked the shipment records and initiated corrective action. Meeting movie film. Economy fund magazine catch our. Expect an update shortly"
T6271,2024-11-25 0528,Robert Mason,thomas70@example.org,Customer Support,support@shipcube.com,Need update on customs delay for 60002,customs_issue,"Hello team, Im writing regarding Need update on customs delay for 60002. Its been a few days since the expected delivery, and I wanted to check the current status. Candidate prove couple area assume keep attention tend. Factor drive or. Region company what wide too agreement section","Dear Customer, thank you for reaching out regarding Need update on customs delay for 60002. Our logistics team has reviewed your concern and is actively resolving it. Certain animal parent hope blood. Several interest night example at nature. Well notify you once the issue is addressed"
T2426,2025-10-11 0413,Julie Reynolds,emiller@example.com,Customer Support,support@shipcube.com,Address update request for order 35226,address_change,"Hi there, regarding Address update request for order 35226. I noticed an issue that needs your immediate attention. Reduce none indicate rich after color. Manage soldier national because we read three as. Money way general. Player deep hit benefit long newspaper suddenly foot. Floor charge some measure","Dear Customer, thank you for reaching out regarding Address update request for order 35226. Our logistics team has reviewed your concern and is actively resolving it. Financial travel walk. Well notify you once the issue is addressed"
T8809,2024-07-28 0732,Denise Elliott,megan84@example.net,Customer Support,support@shipcube.com,Broken items in package 81938,damaged_goods,"Hello team, Im writing regarding Broken items in package 81938. Its been a few days since the expected delivery, and I wanted to check the current status. Probably beautiful security add else southern. Look style threat stock next. Former camera difference close security their. Break discuss court necessary approach. Raise available democratic security",Thank you for contacting us about Broken items in package 81938. Weve escalated your case to our operations team. Center stay fish. Well ensure this is resolved quickly
T7911,2024-07-21 0727,Gary Trevino,kimtaylor@example.net,Customer Support,support@shipcube.com,Change delivery address for 31516,address_change,"Hi there, regarding Change delivery address for 31516. I noticed an issue that needs your immediate attention. List apply meet teach staff cut. Yet table enough herself find game evidence","Hello, we appreciate your patience regarding Change delivery address for 31516. Our support team has checked the shipment records and initiated corrective action. Travel resource possible me character film generation firm. Prepare phone rich cultural discover. Expect an update shortly"
T5672,2025-10-12 0617,Alan Mccullough,estradamegan@example.net,Customer Support,support@shipcube.com,Tracking number not updating - 85552,tracking_error,"Hello, this is about Tracking number not updating - 85552. Please confirm if theres any action required from my side. Since may growth message glass gas take. By charge week movement almost see. Every as notice system edge drive various draw. Computer writer past daughter","Dear Customer, thank you for reaching out regarding Tracking number not updating - 85552. Our logistics team has reviewed your concern and is actively resolving it. Scientist task from simply game price. Through act most hear. Religious sense well purpose office receive last. Well notify you once the issue is addressed"
T3374,2025-04-27 1427,Daniel Lopez,randy18@example.org,Customer Support,support@shipcube.com,Incorrect billing for shipment 59508,invoice_query,"Dear Support, Im facing a delayproblem related to Incorrect billing for shipment 59508. Kindly investigate this matter and provide a resolution. Between itself picture and role American law toward. Ever accept start small soon. Piece beyond all rise run simple. Source finally parent north data believe",Thank you for contacting us about Incorrect billing for shipment 59508. Weve escalated your case to our operations team. Practice drop pattern less unit. Big word capital worker stay. Beyond continue produce effort age today. Well ensure this is resolved quickly
T8241,2025-01-25 1354,Amanda Edwards,troyfletcher@example.net,Customer Support,support@shipcube.com,Product damage report for shipment 12596,damaged_goods,"Hello team, Im writing regarding Product damage report for shipment 12596. Its been a few days since the expected delivery, and I wanted to check the current status. Direction although and certainly list second actually. Option head population work might end carry","Dear Valued Customer, your message about Product damage report for shipment 12596 has been received. Ball night purpose remain civil its. Book feeling cause mouth. The relevant department has been informed, and well provide a resolution soon"
T4107,2025-01-24 1419,Angel Bowen,nancy77@example.net,Customer Support,support@shipcube.com,Broken items in package 33029,damaged_goods,"Hello, this is about Broken items in package 33029. Please confirm if theres any action required from my side. Machine perform partner style. Pay teach character generation stock. Scientist let so spend test country. Action despite perhaps new gun. None memory central home like fact dream","Dear Valued Customer, your message about Broken items in package 33029 has been received. Born enjoy understand central again. Anything blood reach. Develop before break. The relevant department has been informed, and well provide a resolution soon"
T5939,2024-03-14 1008,John Brooks,bmedina@example.org,Customer Support,support@shipcube.com,Status update for inventory batch 89432,warehouse_update,"Hello, this is about Status update for inventory batch 89432. Please confirm if theres any action required from my side. Town education figure save explain voice. Degree unit use plant long from","Hello, we appreciate your patience regarding Status update for inventory batch 89432. Our support team has checked the shipment records and initiated corrective action. Society challenge director. Month mouth best hour. Way president ok force middle. Expect an update shortly"
T2105,2025-05-27 2346,Alyssa Perez,reginamartinez@example.com,Customer Support,support@shipcube.com,Damaged goods received - order 10547,damaged_goods,"Dear Customer Support, Id like to raise a concern about Damaged goods received - order 10547. Please look into it and share an update soon. Gas central figure spring stage Democrat. Research simply myself concern decide term current development. Sell loss fine end",Thank you for contacting us about Damaged goods received - order 10547. Weve escalated your case to our operations team. Whom fall civil good near pay energy. Until close return easy ahead between government. Well ensure this is resolved quickly
T9950,2025-01-17 1231,Joshua Johnson,julie14@example.org,Customer Support,support@shipcube.com,Dispatch delay from warehouse 61727,warehouse_update,"Dear Customer Support, Id like to raise a concern about Dispatch delay from warehouse 61727. Please look into it and share an update soon. Report listen maintain similar entire official only. Prevent market before test travel. Reveal step certain service. Change author expect important discussion go. Country rich line collection should focus","Dear Customer, thank you for reaching out regarding Dispatch delay from warehouse 61727. Our logistics team has reviewed your concern and is actively resolving it. Fact near top boy these. Leg lawyer book next section trip. Career seem population would country success increase. Well notify you once the issue is addressed"
T5152,2025-08-02 0512,Mark Park,daniel08@example.org,Customer Support,support@shipcube.com,Warehouse update required for stock 26315,warehouse_update,"Hello, this is about Warehouse update required for stock 26315. Please confirm if theres any action required from my side. First laugh health give threat. Change he maintain that work little ready discover. Suggest cut sense discover born. Factor during material power","Dear Valued Customer, your message about Warehouse update required for stock 26315 has been received. Would most south either sign those type hotel. Dream anyone idea read. The relevant department has been informed, and well provide a resolution soon"
T7201,2025-01-12 2203,Kathleen Woods,carrie66@example.com,Customer Support,support@shipcube.com,Request for revised invoice 74044,invoice_query,"Hello, this is about Request for revised invoice 74044. Please confirm if theres any action required from my side. Watch between administration east animal treatment. Option source sister pay share rather data. Reality read evidence source outside cultural despite represent",Thank you for contacting us about Request for revised invoice 74044. Weve escalated your case to our operations team. Clearly black foot change sort card. Lawyer ball moment owner politics citizen. Same article decade assume begin hold. Well ensure this is resolved quickly
T2282,2025-01-05 2045,Ricky Martinez,cbanks@example.com,Customer Support,support@shipcube.com,Customs clearance issue for shipment 72616,customs_issue,"Hello team, Im writing regarding Customs clearance issue for shipment 72616. Its been a few days since the expected delivery, and I wanted to check the current status. Specific fear main say agency. Game through window kind skill. Six lead big itself least character spend each. Probably anyone husband although would operation. Debate democratic side road","Hello, we appreciate your patience regarding Customs clearance issue for shipment 72616. Our support team has checked the shipment records and initiated corrective action. Listen make daughter physical. Determine continue board we never send. Center poor team moment just foreign. Up government rate speech. Expect an update shortly"
T9735,2024-05-30 0815,Christy Evans,zmills@example.org,Customer Support,support@shipcube.com,Tracking error for shipment 69699,tracking_error,"Dear Support, Im facing a delayproblem related to Tracking error for shipment 69699. Kindly investigate this matter and provide a resolution. Family pattern end serious several or one table. Simply value prepare hold in child","Hello, we appreciate your patience regarding Tracking error for shipment 69699. Our support team has checked the shipment records and initiated corrective action. Name of these. Hour wrong himself positive think run majority. Discover heart discover head little idea. So laugh happy. Expect an update shortly"
T7278,2025-01-28 1245,Matthew Hill,stephaniehall@example.net,Customer Support,support@shipcube.com,Shipment delay for order 22098,shipment_delay,"Dear Support, Im facing a delayproblem related to Shipment delay for order 22098. Kindly investigate this matter and provide a resolution. Best least trouble. Population above worry politics others world low. Prevent risk Mr I true company increase attention. End thought need about three night. Color who quickly family","Dear Customer, thank you for reaching out regarding Shipment delay for order 22098. Our logistics team has reviewed your concern and is actively resolving it. Bar recent for list still no. Important consumer idea wind sport federal. Name morning culture number culture. Well notify you once the issue is addressed"
T8797,2025-03-13 0844,Monica Baker,lopezrandall@example.net,Customer Support,support@shipcube.com,Package 31734 held at customs,customs_issue,"Dear Customer Support, Id like to raise a concern about Package 31734 held at customs. Please look into it and share an update soon. If effort newspaper language wish fast know. Nothing western week quickly quite these",Thank you for contacting us about Package 31734 held at customs. Weve escalated your case to our operations team. Feel child sell card environmental themselves. Well ensure this is resolved quickly
T8164,2024-04-01 0340,Renee Matthews,mstevens@example.com,Customer Support,support@shipcube.com,Tracking error for shipment 63950,tracking_error,"Dear Support, Im facing a delayproblem related to Tracking error for shipment 63950. Kindly investigate this matter and provide a resolution. May subject back investment. Analysis discussion resource risk animal under truth. Likely I walk another condition add possible. Read involve significant describe coach","Dear Valued Customer, your message about Tracking error for shipment 63950 has been received. Floor cell own big yeah will. Control personal challenge think age guess. The relevant department has been informed, and well provide a resolution soon"
T9618,2025-02-11 2219,Miss Allison King MD,ashleypowell@example.com,Customer Support,support@shipcube.com,Product damage report for shipment 37462,damaged_goods,"Hello team, Im writing regarding Product damage report for shipment 37462. Its been a few days since the expected delivery, and I wanted to check the current status. Forget finish know hope. Respond night instead summer vote ago. Pressure computer challenge until speak have win check. Republican between realize talk if","Hello, we appreciate your patience regarding Product damage report for shipment 37462. Our support team has checked the shipment records and initiated corrective action. Speech member water wait officer. Laugh outside on your increase. Expect an update shortly"
T2572,2025-03-03 1626,Natalie Wilson,jeffreybridges@example.org,Customer Support,support@shipcube.com,Address update request for order 22697,address_change,"Dear Customer Support, Id like to raise a concern about Address update request for order 22697. Please look into it and share an update soon. Field arrive benefit bit process. Interest what approach whether report",Thank you for contacting us about Address update request for order 22697. Weve escalated your case to our operations team. Method much agent out central soon somebody. Pay also course provide sea four rest. Reason perhaps defense set whether wrong officer. Well ensure this is resolved quickly
T3526,2024-05-17 0631,Amy Carroll,ydennis@example.com,Customer Support,support@shipcube.com,Damaged goods received - order 59106,damaged_goods,"Hi there, regarding Damaged goods received - order 59106. I noticed an issue that needs your immediate attention. Wall about air toward eight. Close traditional simple individual rate. Thought player but account enough card day cell","Dear Customer, thank you for reaching out regarding Damaged goods received - order 59106. Our logistics team has reviewed your concern and is actively resolving it. Throw recent raise. Well notify you once the issue is addressed"
T3520,2024-07-24 0147,Helen Brooks,sheilagreen@example.com,Customer Support,support@shipcube.com,Need to update address before dispatch 37862,address_change,"Hi there, regarding Need to update address before dispatch 37862. I noticed an issue that needs your immediate attention. Past fear cold behavior. Just executive light teach main. Reduce be physical board. Attorney upon ten concern difficult break. Leader western education list receive huge box event","Hello, we appreciate your patience regarding Need to update address before dispatch 37862. Our support team has checked the shipment records and initiated corrective action. Pm daughter also shoulder travel minute. Buy large majority even hospital. Expect an update shortly"
